
============================================================
===== BACKEND CONSOLE LOG =====
START: 2026-09-18T15:25:00
============================================================

===== LOGOUT =====
STATUS: SUCCESS

===== LOGIN REQUEST =====
STATUS: START

===== AUTENTICAZIONE PORTANT =====
URL: http://10.100.12.145:91/web/session/authenticate
DATABASE: DM-26CPT001_TEST_IMPORT_20260724
LOGIN: info@digimarksrl.com
HTTP STATUS: 200

===== RISPOSTA AUTENTICAZIONE =====
TYPE: dict

===== LOGIN PORTANT =====
UID: 1
USERNAME: info@digimarksrl.com
NAME: Administrator
DATABASE: DM-26CPT001_TEST_IMPORT_20260724
SESSIONE: OK

===== SESSIONE CREATA =====
ODOO UID: 1
DATABASE: DM-26CPT001_TEST_IMPORT_20260724
SESSIONE: OK

===== LOGIN RESULT =====
STATUS: SUCCESS
ODOO UID: 1
USERNAME: <redacted>
SESSION: CREATED

===== CHAT REQUEST =====
MESSAGE: Mostrami le ultime 50 vendite di settembre
CONVERSATION: <redacted>

===== ODOO SESSION =====
STATUS: ACTIVE

===== CARICAMENTO MEMORIA PORTANT =====
USER ID: 1
DATABASE: DM-26CPT001_TEST_IMPORT_20260724
CONVERSATION ID: d2bff236-7cde-433d-946b-27662a151285
MESSAGES LOADED: 0
MEMORY LOAD: nessun messaggio

===== REQUEST SPLITTER NODE =====
INPUT: Mostrami le ultime 50 vendite di settembre

===== REQUEST SPLITTER =====
INPUT: Mostrami le ultime 50 vendite di settembre

===== SEMANTIC SCOPE =====
SCOPE: IN_SCOPE
CONFIDENCE: 0.99
CONTINUATION: False
INTENT FAMILY: consultazione elenco vendite con filtro temporale e limite numerico
CONCEPTS: ['vendite', 'periodo temporale', 'quantità e valori', 'filtri e selezioni']
REASON: La richiesta riguarda chiaramente dati aziendali consultabili in Portant, nello specifico le vendite, con un riferimento temporale a settembre e una limitazione alle ultime 50.

===== SCOPE DECISION =====
SCOPE: IN_SCOPE
IN SCOPE: True
CONTINUATION: False
CONCEPTS: ['vendite', 'periodo temporale', 'quantità e valori', 'filtri e selezioni']
REQUEST COUNT: 1
REQUEST 1: Mostrami le ultime 50 vendite di settembre

===== SCOPE DECISION =====
SCOPE: IN_SCOPE
IN SCOPE: True
CONFIDENCE: 0.99
CONTINUATION: False
INTENT FAMILY: consultazione elenco vendite con filtro temporale e limite numerico
CONCEPTS: ['vendite', 'periodo temporale', 'quantità e valori', 'filtri e selezioni']
REQUEST COUNT: 1
REASON: La richiesta riguarda chiaramente dati aziendali consultabili in Portant, nello specifico le vendite, con un riferimento temporale a settembre e una limitazione alle ultime 50.
EVIDENCE: ["presenza del concetto 'vendite'", "riferimento temporale esplicito 'settembre'", "richiesta di visualizzazione 'Mostrami'", "limite quantitativo 'ultime 50'"]
REQUEST 1: Mostrami le ultime 50 vendite di settembre

===== GRAPH ROUTE SCOPE =====
SCOPE: IN_SCOPE

===== PLANNER SEMANTIC CONTEXT =====
CONCEPTS: []

===== PLANNER GLOBAL ATTEMPT STATE =====
ATTEMPTS ALREADY CONSUMED: 0
EXECUTION FEEDBACK: []

===== PLANNER PREVIOUS RETRY CONTEXT =====
RETRY HISTORY: []

===== PLANNER TEMPORAL CONTEXT =====
CURRENT DATETIME: 2026-09-18T15:25:28+02:00
CURRENT DATE: 2026-09-18
CURRENT TIME: 15:25:28
TIMEZONE: Europe/Rome
UTC OFFSET: +0200

===== CHIAMATA PORTANT (call_kw) =====
URL: http://10.100.12.145:91/web/dataset/call_kw/ir.model/search_read
MODELLO: ir.model
METHOD: search_read
ARGS: [[]]
KWARGS: {'fields': ['id', 'model', 'name', 'state'], 'limit': 0, 'order': 'model asc'}

===== RISPOSTA PORTANT (call_kw) =====
HTTP STATUS: 200

===== MODEL SEARCH INDEX =====
QUERY: Mostrami le ultime 50 vendite di settembre
MODELS LOADED: 518
MATCHED MODELS: 12

===== SEMANTIC QUERY EXPANSION =====
INPUT: Mostrami le ultime 50 vendite di settembre
QUERIES: ['sale', 'sales', 'sales order', 'sales orders', 'order', 'orders', 'september', 'sale date', 'order date']
CONCEPTS: [{'concept': 'sale', 'queries': ['sale', 'sales', 'sales order', 'sales orders', 'order', 'orders']}, {'concept': 'september', 'queries': ['september']}, {'concept': 'date', 'queries': ['sale date', 'order date']}]

===== MODEL SEARCH INDEX =====
QUERY: sale
MODELS LOADED: 518
MATCHED MODELS: 9

===== MODEL SEARCH INDEX =====
QUERY: sales
MODELS LOADED: 518
MATCHED MODELS: 9

===== MODEL SEARCH INDEX =====
QUERY: sales order
MODELS LOADED: 518
MATCHED MODELS: 26

===== MODEL SEARCH INDEX =====
QUERY: sales orders
MODELS LOADED: 518
MATCHED MODELS: 19

===== MODEL SEARCH INDEX =====
QUERY: order
MODELS LOADED: 518
MATCHED MODELS: 21

===== MODEL SEARCH INDEX =====
QUERY: orders
MODELS LOADED: 518
MATCHED MODELS: 14

===== MODEL SEARCH INDEX =====
QUERY: september
MODELS LOADED: 518
MATCHED MODELS: 0

===== MODEL SEARCH INDEX =====
QUERY: sale date
MODELS LOADED: 518
MATCHED MODELS: 19

===== MODEL SEARCH INDEX =====
QUERY: order date
MODELS LOADED: 518
MATCHED MODELS: 31

===== SEMANTIC MODEL CONTEXT =====
REQUEST SEMANTIC CONCEPTS: [{'concept': 'sale', 'queries': ['sale', 'sales', 'sales order', 'sales orders', 'order', 'orders']}, {'concept': 'september', 'queries': ['september']}, {'concept': 'date', 'queries': ['sale date', 'order date']}]
MODEL: report.all.channels.sales
SEMANTIC QUERIES: ['sale', 'sales', 'sales order', 'sales orders', 'orders']
SEMANTIC CONCEPTS: [{'concept': 'sale', 'queries': ['sale', 'sales', 'sales order', 'sales orders', 'order', 'orders']}, {'concept': 'date', 'queries': ['sale date', 'order date']}]
REQUEST CONCEPTS: [{'concept': 'sale', 'queries': ['sale', 'sales', 'sales order', 'sales orders', 'order', 'orders']}, {'concept': 'september', 'queries': ['september']}, {'concept': 'date', 'queries': ['sale date', 'order date']}]
MODEL: interrogate.order.wizard
SEMANTIC QUERIES: ['sales order', 'order', 'orders', 'order date']
SEMANTIC CONCEPTS: [{'concept': 'sale', 'queries': ['sale', 'sales', 'sales order', 'sales orders', 'order', 'orders']}, {'concept': 'date', 'queries': ['sale date', 'order date']}]
REQUEST CONCEPTS: [{'concept': 'sale', 'queries': ['sale', 'sales', 'sales order', 'sales orders', 'order', 'orders']}, {'concept': 'september', 'queries': ['september']}, {'concept': 'date', 'queries': ['sale date', 'order date']}]
MODEL: purchase.order
SEMANTIC QUERIES: ['sales order', 'order', 'orders', 'order date']
SEMANTIC CONCEPTS: [{'concept': 'sale', 'queries': ['sale', 'sales', 'sales order', 'sales orders', 'order', 'orders']}, {'concept': 'date', 'queries': ['sale date', 'order date']}]
REQUEST CONCEPTS: [{'concept': 'sale', 'queries': ['sale', 'sales', 'sales order', 'sales orders', 'order', 'orders']}, {'concept': 'september', 'queries': ['september']}, {'concept': 'date', 'queries': ['sale date', 'order date']}]
MODEL: purchase.order.line
SEMANTIC QUERIES: ['sales order', 'order', 'orders', 'order date']
SEMANTIC CONCEPTS: [{'concept': 'sale', 'queries': ['sale', 'sales', 'sales order', 'sales orders', 'order', 'orders']}, {'concept': 'date', 'queries': ['sale date', 'order date']}]
REQUEST CONCEPTS: [{'concept': 'sale', 'queries': ['sale', 'sales', 'sales order', 'sales orders', 'order', 'orders']}, {'concept': 'september', 'queries': ['september']}, {'concept': 'date', 'queries': ['sale date', 'order date']}]
MODEL: report.sale.report_saleproforma
SEMANTIC QUERIES: ['sale', 'sales', 'sale date']
SEMANTIC CONCEPTS: [{'concept': 'sale', 'queries': ['sale', 'sales', 'sales order', 'sales orders', 'order', 'orders']}, {'concept': 'date', 'queries': ['sale date', 'order date']}]
REQUEST CONCEPTS: [{'concept': 'sale', 'queries': ['sale', 'sales', 'sales order', 'sales orders', 'order', 'orders']}, {'concept': 'september', 'queries': ['september']}, {'concept': 'date', 'queries': ['sale date', 'order date']}]
MODEL: reserve.quantity.order.line.wizard
SEMANTIC QUERIES: ['order', 'orders']
SEMANTIC CONCEPTS: [{'concept': 'sale', 'queries': ['sale', 'sales', 'sales order', 'sales orders', 'order', 'orders']}, {'concept': 'date', 'queries': ['sale date', 'order date']}]
REQUEST CONCEPTS: [{'concept': 'sale', 'queries': ['sale', 'sales', 'sales order', 'sales orders', 'order', 'orders']}, {'concept': 'september', 'queries': ['september']}, {'concept': 'date', 'queries': ['sale date', 'order date']}]
MODEL: reserve.quantity.order.line.wizard.line
SEMANTIC QUERIES: ['order', 'orders']
SEMANTIC CONCEPTS: [{'concept': 'sale', 'queries': ['sale', 'sales', 'sales order', 'sales orders', 'order', 'orders']}, {'concept': 'date', 'queries': ['sale date', 'order date']}]
REQUEST CONCEPTS: [{'concept': 'sale', 'queries': ['sale', 'sales', 'sales order', 'sales orders', 'order', 'orders']}, {'concept': 'september', 'queries': ['september']}, {'concept': 'date', 'queries': ['sale date', 'order date']}]
MODEL: sale.layout_category
SEMANTIC QUERIES: ['sale', 'sales', 'sale date']
SEMANTIC CONCEPTS: [{'concept': 'sale', 'queries': ['sale', 'sales', 'sales order', 'sales orders', 'order', 'orders']}, {'concept': 'date', 'queries': ['sale date', 'order date']}]
REQUEST CONCEPTS: [{'concept': 'sale', 'queries': ['sale', 'sales', 'sales order', 'sales orders', 'order', 'orders']}, {'concept': 'september', 'queries': ['september']}, {'concept': 'date', 'queries': ['sale date', 'order date']}]

===== SEMANTIC MODEL RESULTS =====
INPUT: Mostrami le ultime 50 vendite di settembre
 - report.all.channels.sales | All sales orders grouped by sales channels | score: 24.0
 - interrogate.order.wizard | Interrogate Order Wizard | score: 24.0
 - purchase.order | Purchase Order | score: 24.0
 - purchase.order.line | Purchase Order Line | score: 24.0
 - report.sale.report_saleproforma | report.sale.report_saleproforma | score: 24.0
 - reserve.quantity.order.line.wizard | reserve.quantity.order.line.wizard | score: 24.0
 - reserve.quantity.order.line.wizard.line | reserve.quantity.order.line.wizard.line | score: 24.0
 - sale.layout_category | sale.layout_category | score: 24.0

===== DYNAMIC MODEL DISCOVERY =====
QUERY: Mostrami le ultime 50 vendite di settembre
REQUEST SEMANTIC CONCEPTS: []
CANDIDATES:
 - report.all.channels.sales | All sales orders grouped by sales channels | score: 24.0
   semantic concepts: [{'concept': 'sale', 'queries': ['sale', 'sales', 'sales order', 'sales orders', 'order', 'orders']}, {'concept': 'date', 'queries': ['sale date', 'order date']}]
   request concepts: [{'concept': 'sale', 'queries': ['sale', 'sales', 'sales order', 'sales orders', 'order', 'orders']}, {'concept': 'september', 'queries': ['september']}, {'concept': 'date', 'queries': ['sale date', 'order date']}]
 - interrogate.order.wizard | Interrogate Order Wizard | score: 24.0
   semantic concepts: [{'concept': 'sale', 'queries': ['sale', 'sales', 'sales order', 'sales orders', 'order', 'orders']}, {'concept': 'date', 'queries': ['sale date', 'order date']}]
   request concepts: [{'concept': 'sale', 'queries': ['sale', 'sales', 'sales order', 'sales orders', 'order', 'orders']}, {'concept': 'september', 'queries': ['september']}, {'concept': 'date', 'queries': ['sale date', 'order date']}]
 - purchase.order | Purchase Order | score: 24.0
   semantic concepts: [{'concept': 'sale', 'queries': ['sale', 'sales', 'sales order', 'sales orders', 'order', 'orders']}, {'concept': 'date', 'queries': ['sale date', 'order date']}]
   request concepts: [{'concept': 'sale', 'queries': ['sale', 'sales', 'sales order', 'sales orders', 'order', 'orders']}, {'concept': 'september', 'queries': ['september']}, {'concept': 'date', 'queries': ['sale date', 'order date']}]
 - purchase.order.line | Purchase Order Line | score: 24.0
   semantic concepts: [{'concept': 'sale', 'queries': ['sale', 'sales', 'sales order', 'sales orders', 'order', 'orders']}, {'concept': 'date', 'queries': ['sale date', 'order date']}]
   request concepts: [{'concept': 'sale', 'queries': ['sale', 'sales', 'sales order', 'sales orders', 'order', 'orders']}, {'concept': 'september', 'queries': ['september']}, {'concept': 'date', 'queries': ['sale date', 'order date']}]
 - report.sale.report_saleproforma | report.sale.report_saleproforma | score: 24.0
   semantic concepts: [{'concept': 'sale', 'queries': ['sale', 'sales', 'sales order', 'sales orders', 'order', 'orders']}, {'concept': 'date', 'queries': ['sale date', 'order date']}]
   request concepts: [{'concept': 'sale', 'queries': ['sale', 'sales', 'sales order', 'sales orders', 'order', 'orders']}, {'concept': 'september', 'queries': ['september']}, {'concept': 'date', 'queries': ['sale date', 'order date']}]
 - reserve.quantity.order.line.wizard | reserve.quantity.order.line.wizard | score: 24.0
   semantic concepts: [{'concept': 'sale', 'queries': ['sale', 'sales', 'sales order', 'sales orders', 'order', 'orders']}, {'concept': 'date', 'queries': ['sale date', 'order date']}]
   request concepts: [{'concept': 'sale', 'queries': ['sale', 'sales', 'sales order', 'sales orders', 'order', 'orders']}, {'concept': 'september', 'queries': ['september']}, {'concept': 'date', 'queries': ['sale date', 'order date']}]
 - reserve.quantity.order.line.wizard.line | reserve.quantity.order.line.wizard.line | score: 24.0
   semantic concepts: [{'concept': 'sale', 'queries': ['sale', 'sales', 'sales order', 'sales orders', 'order', 'orders']}, {'concept': 'date', 'queries': ['sale date', 'order date']}]
   request concepts: [{'concept': 'sale', 'queries': ['sale', 'sales', 'sales order', 'sales orders', 'order', 'orders']}, {'concept': 'september', 'queries': ['september']}, {'concept': 'date', 'queries': ['sale date', 'order date']}]
 - sale.layout_category | sale.layout_category | score: 24.0
   semantic concepts: [{'concept': 'sale', 'queries': ['sale', 'sales', 'sales order', 'sales orders', 'order', 'orders']}, {'concept': 'date', 'queries': ['sale date', 'order date']}]
   request concepts: [{'concept': 'sale', 'queries': ['sale', 'sales', 'sales order', 'sales orders', 'order', 'orders']}, {'concept': 'september', 'queries': ['september']}, {'concept': 'date', 'queries': ['sale date', 'order date']}]

===== PLANNER ATTEMPT =====
ATTEMPT: 1 / 4

===== DYNAMIC MODEL CANDIDATES AVAILABLE =====
 - report.all.channels.sales | All sales orders grouped by sales channels | score: 24.0 | concepts: [{'concept': 'sale', 'queries': ['sale', 'sales', 'sales order', 'sales orders', 'order', 'orders']}, {'concept': 'date', 'queries': ['sale date', 'order date']}] | request concepts: [{'concept': 'sale', 'queries': ['sale', 'sales', 'sales order', 'sales orders', 'order', 'orders']}, {'concept': 'september', 'queries': ['september']}, {'concept': 'date', 'queries': ['sale date', 'order date']}]
 - interrogate.order.wizard | Interrogate Order Wizard | score: 24.0 | concepts: [{'concept': 'sale', 'queries': ['sale', 'sales', 'sales order', 'sales orders', 'order', 'orders']}, {'concept': 'date', 'queries': ['sale date', 'order date']}] | request concepts: [{'concept': 'sale', 'queries': ['sale', 'sales', 'sales order', 'sales orders', 'order', 'orders']}, {'concept': 'september', 'queries': ['september']}, {'concept': 'date', 'queries': ['sale date', 'order date']}]
 - purchase.order | Purchase Order | score: 24.0 | concepts: [{'concept': 'sale', 'queries': ['sale', 'sales', 'sales order', 'sales orders', 'order', 'orders']}, {'concept': 'date', 'queries': ['sale date', 'order date']}] | request concepts: [{'concept': 'sale', 'queries': ['sale', 'sales', 'sales order', 'sales orders', 'order', 'orders']}, {'concept': 'september', 'queries': ['september']}, {'concept': 'date', 'queries': ['sale date', 'order date']}]
 - purchase.order.line | Purchase Order Line | score: 24.0 | concepts: [{'concept': 'sale', 'queries': ['sale', 'sales', 'sales order', 'sales orders', 'order', 'orders']}, {'concept': 'date', 'queries': ['sale date', 'order date']}] | request concepts: [{'concept': 'sale', 'queries': ['sale', 'sales', 'sales order', 'sales orders', 'order', 'orders']}, {'concept': 'september', 'queries': ['september']}, {'concept': 'date', 'queries': ['sale date', 'order date']}]
 - report.sale.report_saleproforma | report.sale.report_saleproforma | score: 24.0 | concepts: [{'concept': 'sale', 'queries': ['sale', 'sales', 'sales order', 'sales orders', 'order', 'orders']}, {'concept': 'date', 'queries': ['sale date', 'order date']}] | request concepts: [{'concept': 'sale', 'queries': ['sale', 'sales', 'sales order', 'sales orders', 'order', 'orders']}, {'concept': 'september', 'queries': ['september']}, {'concept': 'date', 'queries': ['sale date', 'order date']}]
 - reserve.quantity.order.line.wizard | reserve.quantity.order.line.wizard | score: 24.0 | concepts: [{'concept': 'sale', 'queries': ['sale', 'sales', 'sales order', 'sales orders', 'order', 'orders']}, {'concept': 'date', 'queries': ['sale date', 'order date']}] | request concepts: [{'concept': 'sale', 'queries': ['sale', 'sales', 'sales order', 'sales orders', 'order', 'orders']}, {'concept': 'september', 'queries': ['september']}, {'concept': 'date', 'queries': ['sale date', 'order date']}]
 - reserve.quantity.order.line.wizard.line | reserve.quantity.order.line.wizard.line | score: 24.0 | concepts: [{'concept': 'sale', 'queries': ['sale', 'sales', 'sales order', 'sales orders', 'order', 'orders']}, {'concept': 'date', 'queries': ['sale date', 'order date']}] | request concepts: [{'concept': 'sale', 'queries': ['sale', 'sales', 'sales order', 'sales orders', 'order', 'orders']}, {'concept': 'september', 'queries': ['september']}, {'concept': 'date', 'queries': ['sale date', 'order date']}]
 - sale.layout_category | sale.layout_category | score: 24.0 | concepts: [{'concept': 'sale', 'queries': ['sale', 'sales', 'sales order', 'sales orders', 'order', 'orders']}, {'concept': 'date', 'queries': ['sale date', 'order date']}] | request concepts: [{'concept': 'sale', 'queries': ['sale', 'sales', 'sales order', 'sales orders', 'order', 'orders']}, {'concept': 'september', 'queries': ['september']}, {'concept': 'date', 'queries': ['sale date', 'order date']}]

===== QUERY NORMALIZATION =====
CURRENT REQUEST: Mostrami le ultime 50 vendite di settembre
AGGREGATION: {'is_aggregation': False, 'grouping_field': None, 'has_explicit_grouping': False, 'has_ranking': False, 'aggregation_hits': 0, 'detail_hits': 0}
TOTAL COUNT REQUEST: False
USE READ_GROUP: False
EXPLICIT MODEL: None
MODEL: sale.order
METHOD: search_read
EXPLICIT LIMIT: 50
FINAL DOMAIN: [['__date_field__', '>=', '2026-09-01 00:00:00'], ['__date_field__', '<', '2026-10-01 00:00:00']]
FINAL PARAMS: {'domain': [['__date_field__', '>=', '2026-09-01 00:00:00'], ['__date_field__', '<', '2026-10-01 00:00:00']], 'limit': 50, 'order': '__date_field__ desc'}

===== CHIAMATA PORTANT (call_kw) =====
URL: http://10.100.12.145:91/web/dataset/call_kw/sale.order/fields_view_get
MODELLO: sale.order
METHOD: fields_view_get
ARGS: []
KWARGS: {'view_type': 'tree', 'toolbar': False, 'submenu': False}

===== RISPOSTA PORTANT (call_kw) =====
HTTP STATUS: 200

===== ODOO TREE VIEW DISCOVERED =====
MODEL: sale.order
VIEW ID: 1081
VIEW STRING: Sales Orders
DEFAULT ORDER: 
VIEW FIELDS: ['message_needaction', 'name', 'confirmation_date', 'requested_date', 'commitment_date', 'partner_id', 'user_id', 'amount_total', 'currency_id', 'invoice_status', 'planning_state', 'warning_icon', 'state']
VISIBLE FIELDS: ['name', 'confirmation_date', 'requested_date', 'commitment_date', 'partner_id', 'user_id', 'amount_total', 'planning_state', 'warning_icon']

===== PLANNER PROPOSAL ACCEPTED =====
ATTEMPT: 1

===== GRAPH ROUTE PLANNER =====
SINGLE PLAN FOUND
PLAN: {'agent': 'odoo', 'action': 'odoo_api_tool', 'domain': None, 'parameters': {'model': 'sale.order', 'method': 'search_read', 'params': {'domain': [['__date_field__', '>=', '2026-09-01 00:00:00'], ['__date_field__', '<', '2026-10-01 00:00:00']], 'limit': 50, 'order': '__date_field__ desc'}}}
ROUTE: odoo

===== MULTI ODOO PLAN FALLBACK =====
Nessun 'plans' disponibile.
Uso state['plan'] come singola query.

===== PLANNER EXECUTION ATTEMPT =====
CURRENT ATTEMPT: 1

===== MULTI Portant EXECUTION =====
TOTAL PLANS: 1

============================================
===== Portant QUERY 1 =====
REQUEST: Mostrami le ultime 50 vendite di settembre
MODEL: sale.order
METHOD: search_read
Portant DYNAMIC AGENT ESEGUITO

===== ODOO AGENT SEMANTIC CONTEXT =====
DYNAMIC MODEL CANDIDATES: 8
SEMANTIC CONCEPTS: [{'concept': 'sale', 'queries': ['sale', 'sales', 'sales order', 'sales orders', 'order', 'orders']}, {'concept': 'september', 'queries': ['september']}, {'concept': 'date', 'queries': ['sale date', 'order date']}]

===== Portant PLAN =====
{'agent': 'odoo', 'action': 'odoo_api_tool', 'domain': [['__date_field__', '>=', '2026-09-01 00:00:00'], ['__date_field__', '<', '2026-10-01 00:00:00']], 'parameters': {'model': 'sale.order', 'method': 'search_read', 'params': {'domain': [['__date_field__', '>=', '2026-09-01 00:00:00'], ['__date_field__', '<', '2026-10-01 00:00:00']], 'limit': 50, 'order': '__date_field__ desc'}}}

===== MODEL DISCOVERY =====
MODEL: sale.order
MODEL FOUND IN STATIC CATALOG
STATIC CATALOG USED ONLY AS MODEL POLICY
LOADING REAL ODOO FIELD METADATA...

===== CHIAMATA PORTANT (call_kw) =====
URL: http://10.100.12.145:91/web/dataset/call_kw/sale.order/fields_view_get
MODELLO: sale.order
METHOD: fields_view_get
ARGS: []
KWARGS: {'view_type': 'tree', 'toolbar': False, 'submenu': False}

===== RISPOSTA PORTANT (call_kw) =====
HTTP STATUS: 200

===== ODOO TREE VIEW DISCOVERED =====
MODEL: sale.order
VIEW ID: 1081
VIEW STRING: Sales Orders
DEFAULT ORDER: 
VIEW FIELDS: ['message_needaction', 'name', 'confirmation_date', 'requested_date', 'commitment_date', 'partner_id', 'user_id', 'amount_total', 'currency_id', 'invoice_status', 'planning_state', 'warning_icon', 'state']
VISIBLE FIELDS: ['name', 'confirmation_date', 'requested_date', 'commitment_date', 'partner_id', 'user_id', 'amount_total', 'planning_state', 'warning_icon']

===== ODOO FIELD METADATA LOADED =====
MODEL: sale.order
FIELDS: 109

===== DYNAMIC RELATION FIELDS =====
 - activity_type_id | Next Activity Type | relation: mail.activity.type
 - activity_user_id | Responsible | relation: res.users
 - analytic_account_id | Analytic Account | relation: account.analytic.account
 - carriage_condition_id | Carriage Condition | relation: stock.picking.carriage_condition
 - carrier_id | Delivery Method | relation: delivery.carrier
 - company_id | Company | relation: res.company
 - create_uid | Created by | relation: res.users
 - currency_id | Currency | relation: res.currency
 - ddt_carrier_id | Carrier | relation: res.partner
 - fiscal_position_id | Fiscal Position | relation: account.fiscal.position
 - goods_description_id | Description of Goods | relation: stock.picking.goods_description
 - incoterm | Incoterms | relation: stock.incoterms
 - partner_id | Customer | relation: res.partner
 - partner_invoice_id | Invoice Address | relation: res.partner
 - partner_shipping_id | Delivery Address | relation: res.partner
 - payment_term_id | Payment Terms | relation: account.payment.term
 - pricelist_id | Pricelist | relation: product.pricelist
 - procurement_group_id | Procurement Group | relation: procurement.group
 - product_id | Product | relation: product.product
 - team_id | Sales Channel | relation: crm.team
 - transportation_method_id | Method of Transportation | relation: stock.picking.transportation_method
 - transportation_reason_id | Reason for Transportation | relation: stock.picking.transportation_reason
 - user_id | Salesperson | relation: res.users
 - warehouse_id | Warehouse | relation: stock.warehouse
 - write_uid | Last Updated by | relation: res.users

===== SEMANTIC FIELD REJECTED =====
SOURCE FIELD: sale
REASON: no field contains sufficient direct metadata evidence

===== SEMANTIC FIELD ACCEPTED =====
SOURCE FIELD: sales
SELECTED FIELD: team_id
SELECTED TYPE: many2one
SELECTED RELATION: crm.team
SELECTED LABEL: Sales Channel
DIRECT SOURCE TOKENS: 1
SOURCE COVERAGE: 1.0
SCORE: 285.0

===== SEMANTIC FIELD REJECTED =====
SOURCE FIELD: sales order
BEST CANDIDATE: analytic_account_id
BEST SCORE: 310.0
SECOND SCORE: 310.0
MARGIN: 0.0
REASON: ambiguous metadata-backed semantic resolution

===== SEMANTIC FIELD REJECTED =====
SOURCE FIELD: sales orders
REASON: no field contains sufficient direct metadata evidence

===== SEMANTIC FIELD ACCEPTED =====
SOURCE FIELD: order
SELECTED FIELD: order_line
SELECTED TYPE: one2many
SELECTED RELATION: sale.order.line
SELECTED LABEL: Order Lines
DIRECT SOURCE TOKENS: 1
SOURCE COVERAGE: 1.0
SCORE: 350.0

===== SEMANTIC FIELD ACCEPTED =====
SOURCE FIELD: orders
SELECTED FIELD: delivery_count
SELECTED TYPE: integer
SELECTED RELATION: None
SELECTED LABEL: Delivery Orders
DIRECT SOURCE TOKENS: 1
SOURCE COVERAGE: 1.0
SCORE: 265.0

===== SEMANTIC FIELD REJECTED =====
SOURCE FIELD: september
REASON: no field contains sufficient direct metadata evidence

===== SEMANTIC CONCEPT KEPT AS CONTEXT =====
CONCEPT: september
REASON: no sufficient metadata-backed field evidence; treated as entity/context concept

===== SEMANTIC FIELD REJECTED =====
SOURCE FIELD: sale date
REASON: no field contains sufficient direct metadata evidence

===== SEMANTIC FIELD ACCEPTED =====
SOURCE FIELD: order date
SELECTED FIELD: date_order
SELECTED TYPE: datetime
SELECTED RELATION: None
SELECTED LABEL: Order Date
DIRECT SOURCE TOKENS: 2
SOURCE COVERAGE: 1.0
SCORE: 640.0

===== DYNAMIC MODEL COMPATIBILITY PASSED =====
REQUIRED SEMANTIC CONCEPTS: [{'concept': 'sale', 'queries': ['sale', 'sales', 'sales order', 'sales orders', 'order', 'orders']}, {'concept': 'september', 'queries': ['september']}, {'concept': 'date', 'queries': ['sale date', 'order date']}]
REQUIRED FIELD HINTS: []
RESOLVED FIELDS: {'sale': 'team_id', 'sale date': 'date_order', 'date': 'date_order'}

===== TREE VIEW FIELD SKIPPED =====
FIELD: planning_state
REASON: field not present in discovered Odoo metadata

===== TREE VIEW FIELD SKIPPED =====
FIELD: warning_icon
REASON: field not present in discovered Odoo metadata

===== DYNAMIC HUMAN FIELDS FROM ODOO TREE VIEW =====
TREE VIEW: 1081
TREE VIEW STRING: Sales Orders
TREE VIEW FIELDS: ['name', 'confirmation_date', 'requested_date', 'commitment_date', 'partner_id', 'user_id', 'amount_total']

===== ODOO TREE VIEW PRESENTATION PRIORITY =====
PRESENTATION SOURCE: ODOO TREE VIEW
FIELDS: ['name', 'confirmation_date', 'requested_date', 'commitment_date', 'partner_id', 'user_id', 'amount_total']

===== FINAL GROUPBY =====
GROUPBY: []

===== SEMANTIC FIELD ACCEPTED =====
SOURCE FIELD: __date_field__
SELECTED FIELD: requested_date
SELECTED TYPE: datetime
SELECTED RELATION: None
SELECTED LABEL: Requested Date
DIRECT SOURCE TOKENS: 2
SOURCE COVERAGE: 1.0
SCORE: 360.0

===== DYNAMIC DOMAIN FIELD RESOLUTION =====
ORIGINAL: ['__date_field__', '>=', '2026-09-01 00:00:00']
RESOLVED: ['requested_date', '>=', '2026-09-01 00:00:00']

===== SEMANTIC FIELD ACCEPTED =====
SOURCE FIELD: __date_field__
SELECTED FIELD: requested_date
SELECTED TYPE: datetime
SELECTED RELATION: None
SELECTED LABEL: Requested Date
DIRECT SOURCE TOKENS: 2
SOURCE COVERAGE: 1.0
SCORE: 360.0

===== DYNAMIC DOMAIN FIELD RESOLUTION =====
ORIGINAL: ['__date_field__', '<', '2026-10-01 00:00:00']
RESOLVED: ['requested_date', '<', '2026-10-01 00:00:00']

===== ODOO PARAMETERS RESOLVED =====
FIELDS: ['name', 'confirmation_date', 'requested_date', 'commitment_date', 'partner_id', 'user_id', 'amount_total']
GROUPBY: []
ORDERBY: None
ORDER: __date_field__ desc
DOMAIN: [['requested_date', '>=', '2026-09-01 00:00:00'], ['requested_date', '<', '2026-10-01 00:00:00']]

===== VALIDATING Portant PARAMETERS =====

===== VALIDATED PARAMETERS =====
{'model': 'sale.order', 'method': 'search_read', 'params': {'domain': [['requested_date', '>=', '2026-09-01 00:00:00'], ['requested_date', '<', '2026-10-01 00:00:00']], 'limit': 50, 'order': '__date_field__ desc', 'fields': ['name', 'confirmation_date', 'requested_date', 'commitment_date', 'partner_id', 'user_id', 'amount_total'], 'groupby': []}}

===== FINAL ODOO PARAMETERS =====
MODEL: sale.order
METHOD: search_read
FIELDS: ['name', 'confirmation_date', 'requested_date', 'commitment_date', 'partner_id', 'user_id', 'amount_total']
GROUPBY: []
ORDERBY: None
DOMAIN: [['requested_date', '>=', '2026-09-01 00:00:00'], ['requested_date', '<', '2026-10-01 00:00:00']]

===== Portant REQUEST =====
URL: http://10.100.12.145:91/api/sale.order/search_read
BODY: {'domain': [['requested_date', '>=', '2026-09-01 00:00:00'], ['requested_date', '<', '2026-10-01 00:00:00']], 'limit': 50, 'order': '__date_field__ desc', 'fields': ['name', 'confirmation_date', 'requested_date', 'commitment_date', 'partner_id', 'user_id', 'amount_total'], 'groupby': []}

===== RICHIESTA PORTANT =====
URL: http://10.100.12.145:91/api/sale.order/search_read
METHOD: POST
BODY: {'domain': [['requested_date', '>=', '2026-09-01 00:00:00'], ['requested_date', '<', '2026-10-01 00:00:00']], 'limit': 50, 'order': '__date_field__ desc', 'fields': ['name', 'confirmation_date', 'requested_date', 'commitment_date', 'partner_id', 'user_id', 'amount_total'], 'groupby': []}

===== RISPOSTA PORTANT =====
HTTP STATUS: 200

===== Portant QUERY ERROR =====
QUERY: 1
TYPE: PortantServerError
MESSAGE: Campo di ordinamento __date_field__ non trovato sul modello sale.order


===== EXPERIENCE MEMORY =====
STATUS: FAILURE
REQUEST: Mostrami le ultime 50 vendite di settembre
MODEL: sale.order
METHOD: search_read
ERROR: Campo di ordinamento __date_field__ non trovato sul modello sale.order


===== MULTI Portant COMPLETE =====
RESULTS: 1
SUCCESS: 0
FAILED: 1

===== ODOO EXECUTION FEEDBACK =====
PLANNER ATTEMPT: 1
EXECUTION FAILED: True
FEEDBACK ITEMS: 1

===== GRAPH ROUTE ODOO =====
EXECUTION FAILED: True
PLANNER ATTEMPT: 1
MAX ATTEMPTS: 4
ROUTE: planner

===== PLANNER SEMANTIC CONTEXT =====
CONCEPTS: []

===== PLANNER GLOBAL ATTEMPT STATE =====
ATTEMPTS ALREADY CONSUMED: 1
EXECUTION FEEDBACK: [{'attempt': 1, 'status': 'EXECUTION_FAILED', 'reason': 'odoo_execution_failed', 'request': 'Mostrami le ultime 50 vendite di settembre', 'proposal': {'model': 'sale.order', 'method': 'search_read', 'params': {'domain': [['requested_date', '>=', '2026-09-01 00:00:00'], ['requested_date', '<', '2026-10-01 00:00:00']], 'limit': 50, 'order': '__date_field__ desc', 'fields': ['name', 'confirmation_date', 'requested_date', 'commitment_date', 'partner_id', 'user_id', 'amount_total'], 'groupby': []}}, 'error': {'type': 'PortantServerError', 'message': 'Campo di ordinamento __date_field__ non trovato sul modello sale.order\n'}}]

===== PLANNER PREVIOUS RETRY CONTEXT =====
RETRY HISTORY: [{'attempt': 1, 'status': 'EXECUTION_FAILED', 'reason': 'odoo_execution_failed', 'request': 'Mostrami le ultime 50 vendite di settembre', 'proposal': {'model': 'sale.order', 'method': 'search_read', 'params': {'domain': [['requested_date', '>=', '2026-09-01 00:00:00'], ['requested_date', '<', '2026-10-01 00:00:00']], 'limit': 50, 'order': '__date_field__ desc', 'fields': ['name', 'confirmation_date', 'requested_date', 'commitment_date', 'partner_id', 'user_id', 'amount_total'], 'groupby': []}}, 'error': {'type': 'PortantServerError', 'message': 'Campo di ordinamento __date_field__ non trovato sul modello sale.order\n'}}]

===== PLANNER TEMPORAL CONTEXT =====
CURRENT DATETIME: 2026-09-18T15:25:36+02:00
CURRENT DATE: 2026-09-18
CURRENT TIME: 15:25:36
TIMEZONE: Europe/Rome
UTC OFFSET: +0200

===== CHIAMATA PORTANT (call_kw) =====
URL: http://10.100.12.145:91/web/dataset/call_kw/ir.model/search_read
MODELLO: ir.model
METHOD: search_read
ARGS: [[]]
KWARGS: {'fields': ['id', 'model', 'name', 'state'], 'limit': 0, 'order': 'model asc'}

===== RISPOSTA PORTANT (call_kw) =====
HTTP STATUS: 200

===== MODEL SEARCH INDEX =====
QUERY: Mostrami le ultime 50 vendite di settembre
MODELS LOADED: 518
MATCHED MODELS: 12

===== SEMANTIC QUERY EXPANSION =====
INPUT: Mostrami le ultime 50 vendite di settembre
QUERIES: ['sale', 'sales', 'sales order', 'sales orders', 'order', 'orders', 'september', 'sale date', 'order date']
CONCEPTS: [{'concept': 'sale', 'queries': ['sale', 'sales', 'sales order', 'sales orders', 'order', 'orders']}, {'concept': 'september', 'queries': ['september']}, {'concept': 'date', 'queries': ['sale date', 'order date']}]

===== MODEL SEARCH INDEX =====
QUERY: sale
MODELS LOADED: 518
MATCHED MODELS: 9

===== MODEL SEARCH INDEX =====
QUERY: sales
MODELS LOADED: 518
MATCHED MODELS: 9

===== MODEL SEARCH INDEX =====
QUERY: sales order
MODELS LOADED: 518
MATCHED MODELS: 26

===== MODEL SEARCH INDEX =====
QUERY: sales orders
MODELS LOADED: 518
MATCHED MODELS: 19

===== MODEL SEARCH INDEX =====
QUERY: order
MODELS LOADED: 518
MATCHED MODELS: 21

===== MODEL SEARCH INDEX =====
QUERY: orders
MODELS LOADED: 518
MATCHED MODELS: 14

===== MODEL SEARCH INDEX =====
QUERY: september
MODELS LOADED: 518
MATCHED MODELS: 0

===== MODEL SEARCH INDEX =====
QUERY: sale date
MODELS LOADED: 518
MATCHED MODELS: 19

===== MODEL SEARCH INDEX =====
QUERY: order date
MODELS LOADED: 518
MATCHED MODELS: 31

===== SEMANTIC MODEL CONTEXT =====
REQUEST SEMANTIC CONCEPTS: [{'concept': 'sale', 'queries': ['sale', 'sales', 'sales order', 'sales orders', 'order', 'orders']}, {'concept': 'september', 'queries': ['september']}, {'concept': 'date', 'queries': ['sale date', 'order date']}]
MODEL: report.all.channels.sales
SEMANTIC QUERIES: ['sale', 'sales', 'sales order', 'sales orders', 'orders']
SEMANTIC CONCEPTS: [{'concept': 'sale', 'queries': ['sale', 'sales', 'sales order', 'sales orders', 'order', 'orders']}, {'concept': 'date', 'queries': ['sale date', 'order date']}]
REQUEST CONCEPTS: [{'concept': 'sale', 'queries': ['sale', 'sales', 'sales order', 'sales orders', 'order', 'orders']}, {'concept': 'september', 'queries': ['september']}, {'concept': 'date', 'queries': ['sale date', 'order date']}]
MODEL: interrogate.order.wizard
SEMANTIC QUERIES: ['sales order', 'order', 'orders', 'order date']
SEMANTIC CONCEPTS: [{'concept': 'sale', 'queries': ['sale', 'sales', 'sales order', 'sales orders', 'order', 'orders']}, {'concept': 'date', 'queries': ['sale date', 'order date']}]
REQUEST CONCEPTS: [{'concept': 'sale', 'queries': ['sale', 'sales', 'sales order', 'sales orders', 'order', 'orders']}, {'concept': 'september', 'queries': ['september']}, {'concept': 'date', 'queries': ['sale date', 'order date']}]
MODEL: purchase.order
SEMANTIC QUERIES: ['sales order', 'order', 'orders', 'order date']
SEMANTIC CONCEPTS: [{'concept': 'sale', 'queries': ['sale', 'sales', 'sales order', 'sales orders', 'order', 'orders']}, {'concept': 'date', 'queries': ['sale date', 'order date']}]
REQUEST CONCEPTS: [{'concept': 'sale', 'queries': ['sale', 'sales', 'sales order', 'sales orders', 'order', 'orders']}, {'concept': 'september', 'queries': ['september']}, {'concept': 'date', 'queries': ['sale date', 'order date']}]
MODEL: purchase.order.line
SEMANTIC QUERIES: ['sales order', 'order', 'orders', 'order date']
SEMANTIC CONCEPTS: [{'concept': 'sale', 'queries': ['sale', 'sales', 'sales order', 'sales orders', 'order', 'orders']}, {'concept': 'date', 'queries': ['sale date', 'order date']}]
REQUEST CONCEPTS: [{'concept': 'sale', 'queries': ['sale', 'sales', 'sales order', 'sales orders', 'order', 'orders']}, {'concept': 'september', 'queries': ['september']}, {'concept': 'date', 'queries': ['sale date', 'order date']}]
MODEL: report.sale.report_saleproforma
SEMANTIC QUERIES: ['sale', 'sales', 'sale date']
SEMANTIC CONCEPTS: [{'concept': 'sale', 'queries': ['sale', 'sales', 'sales order', 'sales orders', 'order', 'orders']}, {'concept': 'date', 'queries': ['sale date', 'order date']}]
REQUEST CONCEPTS: [{'concept': 'sale', 'queries': ['sale', 'sales', 'sales order', 'sales orders', 'order', 'orders']}, {'concept': 'september', 'queries': ['september']}, {'concept': 'date', 'queries': ['sale date', 'order date']}]
MODEL: reserve.quantity.order.line.wizard
SEMANTIC QUERIES: ['order', 'orders']
SEMANTIC CONCEPTS: [{'concept': 'sale', 'queries': ['sale', 'sales', 'sales order', 'sales orders', 'order', 'orders']}, {'concept': 'date', 'queries': ['sale date', 'order date']}]
REQUEST CONCEPTS: [{'concept': 'sale', 'queries': ['sale', 'sales', 'sales order', 'sales orders', 'order', 'orders']}, {'concept': 'september', 'queries': ['september']}, {'concept': 'date', 'queries': ['sale date', 'order date']}]
MODEL: reserve.quantity.order.line.wizard.line
SEMANTIC QUERIES: ['order', 'orders']
SEMANTIC CONCEPTS: [{'concept': 'sale', 'queries': ['sale', 'sales', 'sales order', 'sales orders', 'order', 'orders']}, {'concept': 'date', 'queries': ['sale date', 'order date']}]
REQUEST CONCEPTS: [{'concept': 'sale', 'queries': ['sale', 'sales', 'sales order', 'sales orders', 'order', 'orders']}, {'concept': 'september', 'queries': ['september']}, {'concept': 'date', 'queries': ['sale date', 'order date']}]
MODEL: sale.layout_category
SEMANTIC QUERIES: ['sale', 'sales', 'sale date']
SEMANTIC CONCEPTS: [{'concept': 'sale', 'queries': ['sale', 'sales', 'sales order', 'sales orders', 'order', 'orders']}, {'concept': 'date', 'queries': ['sale date', 'order date']}]
REQUEST CONCEPTS: [{'concept': 'sale', 'queries': ['sale', 'sales', 'sales order', 'sales orders', 'order', 'orders']}, {'concept': 'september', 'queries': ['september']}, {'concept': 'date', 'queries': ['sale date', 'order date']}]

===== SEMANTIC MODEL RESULTS =====
INPUT: Mostrami le ultime 50 vendite di settembre
 - report.all.channels.sales | All sales orders grouped by sales channels | score: 24.0
 - interrogate.order.wizard | Interrogate Order Wizard | score: 24.0
 - purchase.order | Purchase Order | score: 24.0
 - purchase.order.line | Purchase Order Line | score: 24.0
 - report.sale.report_saleproforma | report.sale.report_saleproforma | score: 24.0
 - reserve.quantity.order.line.wizard | reserve.quantity.order.line.wizard | score: 24.0
 - reserve.quantity.order.line.wizard.line | reserve.quantity.order.line.wizard.line | score: 24.0
 - sale.layout_category | sale.layout_category | score: 24.0

===== DYNAMIC MODEL DISCOVERY =====
QUERY: Mostrami le ultime 50 vendite di settembre
REQUEST SEMANTIC CONCEPTS: []
CANDIDATES:
 - report.all.channels.sales | All sales orders grouped by sales channels | score: 24.0
   semantic concepts: [{'concept': 'sale', 'queries': ['sale', 'sales', 'sales order', 'sales orders', 'order', 'orders']}, {'concept': 'date', 'queries': ['sale date', 'order date']}]
   request concepts: [{'concept': 'sale', 'queries': ['sale', 'sales', 'sales order', 'sales orders', 'order', 'orders']}, {'concept': 'september', 'queries': ['september']}, {'concept': 'date', 'queries': ['sale date', 'order date']}]
 - interrogate.order.wizard | Interrogate Order Wizard | score: 24.0
   semantic concepts: [{'concept': 'sale', 'queries': ['sale', 'sales', 'sales order', 'sales orders', 'order', 'orders']}, {'concept': 'date', 'queries': ['sale date', 'order date']}]
   request concepts: [{'concept': 'sale', 'queries': ['sale', 'sales', 'sales order', 'sales orders', 'order', 'orders']}, {'concept': 'september', 'queries': ['september']}, {'concept': 'date', 'queries': ['sale date', 'order date']}]
 - purchase.order | Purchase Order | score: 24.0
   semantic concepts: [{'concept': 'sale', 'queries': ['sale', 'sales', 'sales order', 'sales orders', 'order', 'orders']}, {'concept': 'date', 'queries': ['sale date', 'order date']}]
   request concepts: [{'concept': 'sale', 'queries': ['sale', 'sales', 'sales order', 'sales orders', 'order', 'orders']}, {'concept': 'september', 'queries': ['september']}, {'concept': 'date', 'queries': ['sale date', 'order date']}]
 - purchase.order.line | Purchase Order Line | score: 24.0
   semantic concepts: [{'concept': 'sale', 'queries': ['sale', 'sales', 'sales order', 'sales orders', 'order', 'orders']}, {'concept': 'date', 'queries': ['sale date', 'order date']}]
   request concepts: [{'concept': 'sale', 'queries': ['sale', 'sales', 'sales order', 'sales orders', 'order', 'orders']}, {'concept': 'september', 'queries': ['september']}, {'concept': 'date', 'queries': ['sale date', 'order date']}]
 - report.sale.report_saleproforma | report.sale.report_saleproforma | score: 24.0
   semantic concepts: [{'concept': 'sale', 'queries': ['sale', 'sales', 'sales order', 'sales orders', 'order', 'orders']}, {'concept': 'date', 'queries': ['sale date', 'order date']}]
   request concepts: [{'concept': 'sale', 'queries': ['sale', 'sales', 'sales order', 'sales orders', 'order', 'orders']}, {'concept': 'september', 'queries': ['september']}, {'concept': 'date', 'queries': ['sale date', 'order date']}]
 - reserve.quantity.order.line.wizard | reserve.quantity.order.line.wizard | score: 24.0
   semantic concepts: [{'concept': 'sale', 'queries': ['sale', 'sales', 'sales order', 'sales orders', 'order', 'orders']}, {'concept': 'date', 'queries': ['sale date', 'order date']}]
   request concepts: [{'concept': 'sale', 'queries': ['sale', 'sales', 'sales order', 'sales orders', 'order', 'orders']}, {'concept': 'september', 'queries': ['september']}, {'concept': 'date', 'queries': ['sale date', 'order date']}]
 - reserve.quantity.order.line.wizard.line | reserve.quantity.order.line.wizard.line | score: 24.0
   semantic concepts: [{'concept': 'sale', 'queries': ['sale', 'sales', 'sales order', 'sales orders', 'order', 'orders']}, {'concept': 'date', 'queries': ['sale date', 'order date']}]
   request concepts: [{'concept': 'sale', 'queries': ['sale', 'sales', 'sales order', 'sales orders', 'order', 'orders']}, {'concept': 'september', 'queries': ['september']}, {'concept': 'date', 'queries': ['sale date', 'order date']}]
 - sale.layout_category | sale.layout_category | score: 24.0
   semantic concepts: [{'concept': 'sale', 'queries': ['sale', 'sales', 'sales order', 'sales orders', 'order', 'orders']}, {'concept': 'date', 'queries': ['sale date', 'order date']}]
   request concepts: [{'concept': 'sale', 'queries': ['sale', 'sales', 'sales order', 'sales orders', 'order', 'orders']}, {'concept': 'september', 'queries': ['september']}, {'concept': 'date', 'queries': ['sale date', 'order date']}]

===== PLANNER ATTEMPT =====
ATTEMPT: 2 / 4

===== DYNAMIC MODEL CANDIDATES AVAILABLE =====
 - report.all.channels.sales | All sales orders grouped by sales channels | score: 24.0 | concepts: [{'concept': 'sale', 'queries': ['sale', 'sales', 'sales order', 'sales orders', 'order', 'orders']}, {'concept': 'date', 'queries': ['sale date', 'order date']}] | request concepts: [{'concept': 'sale', 'queries': ['sale', 'sales', 'sales order', 'sales orders', 'order', 'orders']}, {'concept': 'september', 'queries': ['september']}, {'concept': 'date', 'queries': ['sale date', 'order date']}]
 - interrogate.order.wizard | Interrogate Order Wizard | score: 24.0 | concepts: [{'concept': 'sale', 'queries': ['sale', 'sales', 'sales order', 'sales orders', 'order', 'orders']}, {'concept': 'date', 'queries': ['sale date', 'order date']}] | request concepts: [{'concept': 'sale', 'queries': ['sale', 'sales', 'sales order', 'sales orders', 'order', 'orders']}, {'concept': 'september', 'queries': ['september']}, {'concept': 'date', 'queries': ['sale date', 'order date']}]
 - purchase.order | Purchase Order | score: 24.0 | concepts: [{'concept': 'sale', 'queries': ['sale', 'sales', 'sales order', 'sales orders', 'order', 'orders']}, {'concept': 'date', 'queries': ['sale date', 'order date']}] | request concepts: [{'concept': 'sale', 'queries': ['sale', 'sales', 'sales order', 'sales orders', 'order', 'orders']}, {'concept': 'september', 'queries': ['september']}, {'concept': 'date', 'queries': ['sale date', 'order date']}]
 - purchase.order.line | Purchase Order Line | score: 24.0 | concepts: [{'concept': 'sale', 'queries': ['sale', 'sales', 'sales order', 'sales orders', 'order', 'orders']}, {'concept': 'date', 'queries': ['sale date', 'order date']}] | request concepts: [{'concept': 'sale', 'queries': ['sale', 'sales', 'sales order', 'sales orders', 'order', 'orders']}, {'concept': 'september', 'queries': ['september']}, {'concept': 'date', 'queries': ['sale date', 'order date']}]
 - report.sale.report_saleproforma | report.sale.report_saleproforma | score: 24.0 | concepts: [{'concept': 'sale', 'queries': ['sale', 'sales', 'sales order', 'sales orders', 'order', 'orders']}, {'concept': 'date', 'queries': ['sale date', 'order date']}] | request concepts: [{'concept': 'sale', 'queries': ['sale', 'sales', 'sales order', 'sales orders', 'order', 'orders']}, {'concept': 'september', 'queries': ['september']}, {'concept': 'date', 'queries': ['sale date', 'order date']}]
 - reserve.quantity.order.line.wizard | reserve.quantity.order.line.wizard | score: 24.0 | concepts: [{'concept': 'sale', 'queries': ['sale', 'sales', 'sales order', 'sales orders', 'order', 'orders']}, {'concept': 'date', 'queries': ['sale date', 'order date']}] | request concepts: [{'concept': 'sale', 'queries': ['sale', 'sales', 'sales order', 'sales orders', 'order', 'orders']}, {'concept': 'september', 'queries': ['september']}, {'concept': 'date', 'queries': ['sale date', 'order date']}]
 - reserve.quantity.order.line.wizard.line | reserve.quantity.order.line.wizard.line | score: 24.0 | concepts: [{'concept': 'sale', 'queries': ['sale', 'sales', 'sales order', 'sales orders', 'order', 'orders']}, {'concept': 'date', 'queries': ['sale date', 'order date']}] | request concepts: [{'concept': 'sale', 'queries': ['sale', 'sales', 'sales order', 'sales orders', 'order', 'orders']}, {'concept': 'september', 'queries': ['september']}, {'concept': 'date', 'queries': ['sale date', 'order date']}]
 - sale.layout_category | sale.layout_category | score: 24.0 | concepts: [{'concept': 'sale', 'queries': ['sale', 'sales', 'sales order', 'sales orders', 'order', 'orders']}, {'concept': 'date', 'queries': ['sale date', 'order date']}] | request concepts: [{'concept': 'sale', 'queries': ['sale', 'sales', 'sales order', 'sales orders', 'order', 'orders']}, {'concept': 'september', 'queries': ['september']}, {'concept': 'date', 'queries': ['sale date', 'order date']}]

===== QUERY NORMALIZATION =====
CURRENT REQUEST: Mostrami le ultime 50 vendite di settembre
AGGREGATION: {'is_aggregation': False, 'grouping_field': None, 'has_explicit_grouping': False, 'has_ranking': False, 'aggregation_hits': 0, 'detail_hits': 0}
TOTAL COUNT REQUEST: False
USE READ_GROUP: False
EXPLICIT MODEL: None
MODEL: sale.order
METHOD: search_read
EXPLICIT LIMIT: 50
FINAL DOMAIN: [['date_order', '>=', '2026-09-01 00:00:00'], ['date_order', '<', '2026-10-01 00:00:00']]
FINAL PARAMS: {'domain': [['date_order', '>=', '2026-09-01 00:00:00'], ['date_order', '<', '2026-10-01 00:00:00']], 'limit': 50, 'order': 'date_order desc'}

===== CHIAMATA PORTANT (call_kw) =====
URL: http://10.100.12.145:91/web/dataset/call_kw/sale.order/fields_view_get
MODELLO: sale.order
METHOD: fields_view_get
ARGS: []
KWARGS: {'view_type': 'tree', 'toolbar': False, 'submenu': False}

===== RISPOSTA PORTANT (call_kw) =====
HTTP STATUS: 200

===== ODOO TREE VIEW DISCOVERED =====
MODEL: sale.order
VIEW ID: 1081
VIEW STRING: Sales Orders
DEFAULT ORDER: 
VIEW FIELDS: ['message_needaction', 'name', 'confirmation_date', 'requested_date', 'commitment_date', 'partner_id', 'user_id', 'amount_total', 'currency_id', 'invoice_status', 'planning_state', 'warning_icon', 'state']
VISIBLE FIELDS: ['name', 'confirmation_date', 'requested_date', 'commitment_date', 'partner_id', 'user_id', 'amount_total', 'planning_state', 'warning_icon']

===== PLANNER PROPOSAL ACCEPTED =====
ATTEMPT: 2

===== GRAPH ROUTE PLANNER =====
RETRY CONTEXT PRESENT
NEW SINGLE PLAN HAS PRIORITY
ROUTE: odoo

===== MULTI ODOO PLAN FALLBACK =====
Nessun 'plans' disponibile.
Uso state['plan'] come singola query.

===== PLANNER EXECUTION ATTEMPT =====
CURRENT ATTEMPT: 2

===== MULTI Portant EXECUTION =====
TOTAL PLANS: 1

============================================
===== Portant QUERY 1 =====
REQUEST: Mostrami le ultime 50 vendite di settembre
MODEL: sale.order
METHOD: search_read
Portant DYNAMIC AGENT ESEGUITO

===== ODOO AGENT SEMANTIC CONTEXT =====
DYNAMIC MODEL CANDIDATES: 8
SEMANTIC CONCEPTS: [{'concept': 'sale', 'queries': ['sale', 'sales', 'sales order', 'sales orders', 'order', 'orders']}, {'concept': 'september', 'queries': ['september']}, {'concept': 'date', 'queries': ['sale date', 'order date']}]

===== Portant PLAN =====
{'agent': 'odoo', 'action': 'odoo_api_tool', 'domain': [['date_order', '>=', '2026-09-01 00:00:00'], ['date_order', '<', '2026-10-01 00:00:00']], 'parameters': {'model': 'sale.order', 'method': 'search_read', 'params': {'domain': [['date_order', '>=', '2026-09-01 00:00:00'], ['date_order', '<', '2026-10-01 00:00:00']], 'limit': 50, 'order': 'date_order desc'}}}

===== MODEL DISCOVERY =====
MODEL: sale.order
MODEL FOUND IN STATIC CATALOG
STATIC CATALOG USED ONLY AS MODEL POLICY
LOADING REAL ODOO FIELD METADATA...

===== CHIAMATA PORTANT (call_kw) =====
URL: http://10.100.12.145:91/web/dataset/call_kw/sale.order/fields_view_get
MODELLO: sale.order
METHOD: fields_view_get
ARGS: []
KWARGS: {'view_type': 'tree', 'toolbar': False, 'submenu': False}

===== RISPOSTA PORTANT (call_kw) =====
HTTP STATUS: 200

===== ODOO TREE VIEW DISCOVERED =====
MODEL: sale.order
VIEW ID: 1081
VIEW STRING: Sales Orders
DEFAULT ORDER: 
VIEW FIELDS: ['message_needaction', 'name', 'confirmation_date', 'requested_date', 'commitment_date', 'partner_id', 'user_id', 'amount_total', 'currency_id', 'invoice_status', 'planning_state', 'warning_icon', 'state']
VISIBLE FIELDS: ['name', 'confirmation_date', 'requested_date', 'commitment_date', 'partner_id', 'user_id', 'amount_total', 'planning_state', 'warning_icon']

===== ODOO FIELD METADATA LOADED =====
MODEL: sale.order
FIELDS: 109

===== DYNAMIC RELATION FIELDS =====
 - activity_type_id | Next Activity Type | relation: mail.activity.type
 - activity_user_id | Responsible | relation: res.users
 - analytic_account_id | Analytic Account | relation: account.analytic.account
 - carriage_condition_id | Carriage Condition | relation: stock.picking.carriage_condition
 - carrier_id | Delivery Method | relation: delivery.carrier
 - company_id | Company | relation: res.company
 - create_uid | Created by | relation: res.users
 - currency_id | Currency | relation: res.currency
 - ddt_carrier_id | Carrier | relation: res.partner
 - fiscal_position_id | Fiscal Position | relation: account.fiscal.position
 - goods_description_id | Description of Goods | relation: stock.picking.goods_description
 - incoterm | Incoterms | relation: stock.incoterms
 - partner_id | Customer | relation: res.partner
 - partner_invoice_id | Invoice Address | relation: res.partner
 - partner_shipping_id | Delivery Address | relation: res.partner
 - payment_term_id | Payment Terms | relation: account.payment.term
 - pricelist_id | Pricelist | relation: product.pricelist
 - procurement_group_id | Procurement Group | relation: procurement.group
 - product_id | Product | relation: product.product
 - team_id | Sales Channel | relation: crm.team
 - transportation_method_id | Method of Transportation | relation: stock.picking.transportation_method
 - transportation_reason_id | Reason for Transportation | relation: stock.picking.transportation_reason
 - user_id | Salesperson | relation: res.users
 - warehouse_id | Warehouse | relation: stock.warehouse
 - write_uid | Last Updated by | relation: res.users

===== SEMANTIC FIELD REJECTED =====
SOURCE FIELD: sale
REASON: no field contains sufficient direct metadata evidence

===== SEMANTIC FIELD ACCEPTED =====
SOURCE FIELD: sales
SELECTED FIELD: team_id
SELECTED TYPE: many2one
SELECTED RELATION: crm.team
SELECTED LABEL: Sales Channel
DIRECT SOURCE TOKENS: 1
SOURCE COVERAGE: 1.0
SCORE: 285.0

===== SEMANTIC FIELD REJECTED =====
SOURCE FIELD: sales order
BEST CANDIDATE: analytic_account_id
BEST SCORE: 310.0
SECOND SCORE: 310.0
MARGIN: 0.0
REASON: ambiguous metadata-backed semantic resolution

===== SEMANTIC FIELD REJECTED =====
SOURCE FIELD: sales orders
REASON: no field contains sufficient direct metadata evidence

===== SEMANTIC FIELD ACCEPTED =====
SOURCE FIELD: order
SELECTED FIELD: order_line
SELECTED TYPE: one2many
SELECTED RELATION: sale.order.line
SELECTED LABEL: Order Lines
DIRECT SOURCE TOKENS: 1
SOURCE COVERAGE: 1.0
SCORE: 350.0

===== SEMANTIC FIELD ACCEPTED =====
SOURCE FIELD: orders
SELECTED FIELD: delivery_count
SELECTED TYPE: integer
SELECTED RELATION: None
SELECTED LABEL: Delivery Orders
DIRECT SOURCE TOKENS: 1
SOURCE COVERAGE: 1.0
SCORE: 265.0

===== SEMANTIC FIELD REJECTED =====
SOURCE FIELD: september
REASON: no field contains sufficient direct metadata evidence

===== SEMANTIC CONCEPT KEPT AS CONTEXT =====
CONCEPT: september
REASON: no sufficient metadata-backed field evidence; treated as entity/context concept

===== SEMANTIC FIELD REJECTED =====
SOURCE FIELD: sale date
REASON: no field contains sufficient direct metadata evidence

===== SEMANTIC FIELD ACCEPTED =====
SOURCE FIELD: order date
SELECTED FIELD: date_order
SELECTED TYPE: datetime
SELECTED RELATION: None
SELECTED LABEL: Order Date
DIRECT SOURCE TOKENS: 2
SOURCE COVERAGE: 1.0
SCORE: 640.0

===== DYNAMIC MODEL COMPATIBILITY PASSED =====
REQUIRED SEMANTIC CONCEPTS: [{'concept': 'sale', 'queries': ['sale', 'sales', 'sales order', 'sales orders', 'order', 'orders']}, {'concept': 'september', 'queries': ['september']}, {'concept': 'date', 'queries': ['sale date', 'order date']}]
REQUIRED FIELD HINTS: []
RESOLVED FIELDS: {'sale': 'team_id', 'sale date': 'date_order', 'date': 'date_order'}

===== TREE VIEW FIELD SKIPPED =====
FIELD: planning_state
REASON: field not present in discovered Odoo metadata

===== TREE VIEW FIELD SKIPPED =====
FIELD: warning_icon
REASON: field not present in discovered Odoo metadata

===== DYNAMIC HUMAN FIELDS FROM ODOO TREE VIEW =====
TREE VIEW: 1081
TREE VIEW STRING: Sales Orders
TREE VIEW FIELDS: ['name', 'confirmation_date', 'requested_date', 'commitment_date', 'partner_id', 'user_id', 'amount_total']

===== ODOO TREE VIEW PRESENTATION PRIORITY =====
PRESENTATION SOURCE: ODOO TREE VIEW
FIELDS: ['name', 'confirmation_date', 'requested_date', 'commitment_date', 'partner_id', 'user_id', 'amount_total']

===== FINAL GROUPBY =====
GROUPBY: []

===== ODOO PARAMETERS RESOLVED =====
FIELDS: ['name', 'confirmation_date', 'requested_date', 'commitment_date', 'partner_id', 'user_id', 'amount_total']
GROUPBY: []
ORDERBY: None
ORDER: date_order desc
DOMAIN: [['date_order', '>=', '2026-09-01 00:00:00'], ['date_order', '<', '2026-10-01 00:00:00']]

===== VALIDATING Portant PARAMETERS =====

===== VALIDATED PARAMETERS =====
{'model': 'sale.order', 'method': 'search_read', 'params': {'domain': [['date_order', '>=', '2026-09-01 00:00:00'], ['date_order', '<', '2026-10-01 00:00:00']], 'limit': 50, 'order': 'date_order desc', 'fields': ['name', 'confirmation_date', 'requested_date', 'commitment_date', 'partner_id', 'user_id', 'amount_total'], 'groupby': []}}

===== FINAL ODOO PARAMETERS =====
MODEL: sale.order
METHOD: search_read
FIELDS: ['name', 'confirmation_date', 'requested_date', 'commitment_date', 'partner_id', 'user_id', 'amount_total']
GROUPBY: []
ORDERBY: None
DOMAIN: [['date_order', '>=', '2026-09-01 00:00:00'], ['date_order', '<', '2026-10-01 00:00:00']]

===== Portant REQUEST =====
URL: http://10.100.12.145:91/api/sale.order/search_read
BODY: {'domain': [['date_order', '>=', '2026-09-01 00:00:00'], ['date_order', '<', '2026-10-01 00:00:00']], 'limit': 50, 'order': 'date_order desc', 'fields': ['name', 'confirmation_date', 'requested_date', 'commitment_date', 'partner_id', 'user_id', 'amount_total'], 'groupby': []}

===== RICHIESTA PORTANT =====
URL: http://10.100.12.145:91/api/sale.order/search_read
METHOD: POST
BODY: {'domain': [['date_order', '>=', '2026-09-01 00:00:00'], ['date_order', '<', '2026-10-01 00:00:00']], 'limit': 50, 'order': 'date_order desc', 'fields': ['name', 'confirmation_date', 'requested_date', 'commitment_date', 'partner_id', 'user_id', 'amount_total'], 'groupby': []}

===== RISPOSTA PORTANT =====
HTTP STATUS: 200

===== Portant NORMALIZED RESULT =====
TYPE: records
COUNT: 34
TOTAL RECORDS: 34
RETURNED RECORDS: 34
LIMIT: 50
OFFSET: 0
PAGES: 1
HAS MORE: False

===== EXPERIENCE MEMORY =====
STATUS: SUCCESS
REQUEST: Mostrami le ultime 50 vendite di settembre
MODEL: sale.order
METHOD: search_read

===== MULTI Portant COMPLETE =====
RESULTS: 1
SUCCESS: 1
FAILED: 0

===== ODOO EXECUTION SUCCESS =====
PLANNER ATTEMPT: 2

===== GRAPH ROUTE ODOO =====
EXECUTION FAILED: False
ROUTE: response

===== RESPONSE AGENT =====

===== MULTI QUERY RESPONSE DATA =====
TOTAL REQUESTS: 1
SUCCESS: 1
FAILED: 0
RECORDS AVAILABLE FROM ODOO: 34
RECORDS SENT TO RESPONSE LLM: 34

===== RESPONSE RESULT =====
## 1. Ultime 50 vendite di settembre

Ho trovato **34 vendite** di settembre.  
Ti mostro tutti i risultati disponibili.

| # | Vendita | Cliente | Data richiesta | Data impegno | Importo |
|---|---|---|---|---|---:|
| 1 | 1459 | MI.TO. di BALDONI R. & C. S.n.c. | 2 settembre 2026 | 3 settembre 2026 | € 73,20 |
| 2 | 1463 | COMPAC S.r.l. | 3 settembre 2026 | 3 settembre 2026 | € 97,60 |
| 3 | 1465 | VI.B.F. Fasteners S.r.l. a Socio Unico | 3 settembre 2026 | 3 settembre 2026 | € 18,30 |
| 4 | 1462 | COMPAC S.r.l. | 3 settembre 2026 | 3 settembre 2026 | € 12,20 |
| 5 | 1464 | BULLONERIE GALVIT S.r.l. | 3 settembre 2026 | 3 settembre 2026 | € 3,66 |
| 6 | 1461 | BULLVIT S.r.l. | 3 settembre 2026 | 3 settembre 2026 | € 1,22 |
| 7 | 1446 | C.M.S. SPA | 1 settembre 2026 | 2 settembre 2026 | € 12,20 |
| 8 | 1451 | WURTH S.R.L. | 31 agosto 2026 | 2 settembre 2026 | € 2,44 |
| 9 | 1447 | TORNERIA TRAVERSA S.r.l. Unipersonale | 2 settembre 2026 | 2 settembre 2026 | € 25,62 |
| 10 | 1448 | MARANO FRANCESCO | 2 settembre 2026 | 2 settembre 2026 | € 2,44 |
| 11 | 1450 | SILSUD S.r.l. | 2 settembre 2026 | 2 settembre 2026 | € 7,32 |
| 12 | 1449 | CARINI "DE.NA." S.r.l. | 2 settembre 2026 | 2 settembre 2026 | € 17,56 |
| 13 | 1456 | GFC TORNERIA DI BORIA A. & C Snc | 2 settembre 2026 | 2 settembre 2026 | € 48,80 |
| 14 | 1452 | PROGRESS RAIL SIGNALING S.p.a. | 2 settembre 2026 | 2 settembre 2026 | € 0,00 |
| 15 | 1453 | REGGIANA LAMIERE S.r.l. | 2 settembre 2026 | 2 settembre 2026 | € 34,16 |
| 16 | 1454 | PERSI FABRIZIO | 2 settembre 2026 | 2 settembre 2026 | € 4,88 |
| 17 | 1455 | WURTH S.R.L. | 2 settembre 2026 | 2 settembre 2026 | € 2,44 |
| 18 | 1457 | C.M.R. S.r.l. | 2 settembre 2026 | 2 settembre 2026 | € 488,00 |
| 19 | 1458 | M.P. CABLAGGI S.n.c. | 2 settembre 2026 | 2 settembre 2026 | € 124,44 |
| 20 | 1443 | STE.OS. S.n.c. di Veronese G. E Stella.O. | 1 settembre 2026 | 2 settembre 2026 | € 2,44 |
| 21 | 1444 | UNIMES S.r.l. | 1 settembre 2026 | 2 settembre 2026 | € 48,80 |
| 22 | 1445 | INTERACCIAI S.p.a. | 1 settembre 2026 | 2 settembre 2026 | € 24,40 |
| 23 | 1433 | WFF S.r.l. Unipersonale | 1 settembre 2026 | 1 settembre 2026 | € 0,28 |
| 24 | 1434 | VI.B.F. Fasteners S.r.l. a Socio Unico | 1 settembre 2026 | 1 settembre 2026 | € 26,84 |
| 25 | 1435 | GIANOPLAST S.r.l. | 1 settembre 2026 | 1 settembre 2026 | € 209,84 |
| 26 | 1437 | ITALIANA METALLI S.r.l. | 1 settembre 2026 | 1 settembre 2026 | € 4,88 |
| 27 | 1436 | MICARD di AVALTRONI DOMENICO | 31 agosto 2026 | 1 settembre 2026 | € 146,40 |
| 28 | 1439 | FRAUFA TECH S.r.l. | 1 settembre 2026 | 1 settembre 2026 | € 12,20 |
| 29 | 1440 | UTENSIL MACCHINE Srl Unipersonale | 1 settembre 2026 | 1 settembre 2026 | € 14,64 |
| 30 | 1431 | LEA TRADE S.r.l. | 1 settembre 2026 | 1 settembre 2026 | € 244,00 |
| 31 | 1430 | FRAUFA TECH S.r.l. | 1 settembre 2026 | 1 settembre 2026 | € 341,60 |
| 32 | 1429 | CARINI "DE.NA." S.r.l. | 31 agosto 2026 | 1 settembre 2026 | € 14,64 |
| 33 | 1428 | VIBOLT S.r.l. UNIPERSONALE | 31 agosto 2026 | 1 settembre 2026 | € 23,92 |
| 34 | 1426 | CARINI "DE.NA." S.r.l. | 31 agosto 2026 | 1 settembre 2026 | € 4,02 |

===== SALVATAGGIO MEMORIA PORTANT =====
USER ID: 1
DATABASE: DM-26CPT001_TEST_IMPORT_20260724
CONVERSATION ID: d2bff236-7cde-433d-946b-27662a151285
RECORD LINKS: [{'id': 1880, 'model': 'sale.order', 'label': '1459', 'url': 'http://10.100.12.145:91/web#id=1880&model=sale.order&view_type=form'}, {'id': 1884, 'model': 'sale.order', 'label': '1463', 'url': 'http://10.100.12.145:91/web#id=1884&model=sale.order&view_type=form'}, {'id': 1885, 'model': 'sale.order', 'label': '1465', 'url': 'http://10.100.12.145:91/web#id=1885&model=sale.order&view_type=form'}, {'id': 1883, 'model': 'sale.order', 'label': '1462', 'url': 'http://10.100.12.145:91/web#id=1883&model=sale.order&view_type=form'}, {'id': 1882, 'model': 'sale.order', 'label': '1464', 'url': 'http://10.100.12.145:91/web#id=1882&model=sale.order&view_type=form'}, {'id': 1881, 'model': 'sale.order', 'label': '1461', 'url': 'http://10.100.12.145:91/web#id=1881&model=sale.order&view_type=form'}, {'id': 1867, 'model': 'sale.order', 'label': '1446', 'url': 'http://10.100.12.145:91/web#id=1867&model=sale.order&view_type=form'}, {'id': 1873, 'model': 'sale.order', 'label': '1451', 'url': 'http://10.100.12.145:91/web#id=1873&model=sale.order&view_type=form'}, {'id': 1868, 'model': 'sale.order', 'label': '1447', 'url': 'http://10.100.12.145:91/web#id=1868&model=sale.order&view_type=form'}, {'id': 1869, 'model': 'sale.order', 'label': '1448', 'url': 'http://10.100.12.145:91/web#id=1869&model=sale.order&view_type=form'}, {'id': 1870, 'model': 'sale.order', 'label': '1450', 'url': 'http://10.100.12.145:91/web#id=1870&model=sale.order&view_type=form'}, {'id': 1871, 'model': 'sale.order', 'label': '1449', 'url': 'http://10.100.12.145:91/web#id=1871&model=sale.order&view_type=form'}, {'id': 1872, 'model': 'sale.order', 'label': '1456', 'url': 'http://10.100.12.145:91/web#id=1872&model=sale.order&view_type=form'}, {'id': 1874, 'model': 'sale.order', 'label': '1452', 'url': 'http://10.100.12.145:91/web#id=1874&model=sale.order&view_type=form'}, {'id': 1875, 'model': 'sale.order', 'label': '1453', 'url': 'http://10.100.12.145:91/web#id=1875&model=sale.order&view_type=form'}, {'id': 1876, 'model': 'sale.order', 'label': '1454', 'url': 'http://10.100.12.145:91/web#id=1876&model=sale.order&view_type=form'}, {'id': 1877, 'model': 'sale.order', 'label': '1455', 'url': 'http://10.100.12.145:91/web#id=1877&model=sale.order&view_type=form'}, {'id': 1878, 'model': 'sale.order', 'label': '1457', 'url': 'http://10.100.12.145:91/web#id=1878&model=sale.order&view_type=form'}, {'id': 1879, 'model': 'sale.order', 'label': '1458', 'url': 'http://10.100.12.145:91/web#id=1879&model=sale.order&view_type=form'}, {'id': 1864, 'model': 'sale.order', 'label': '1443', 'url': 'http://10.100.12.145:91/web#id=1864&model=sale.order&view_type=form'}, {'id': 1865, 'model': 'sale.order', 'label': '1444', 'url': 'http://10.100.12.145:91/web#id=1865&model=sale.order&view_type=form'}, {'id': 1866, 'model': 'sale.order', 'label': '1445', 'url': 'http://10.100.12.145:91/web#id=1866&model=sale.order&view_type=form'}, {'id': 1857, 'model': 'sale.order', 'label': '1433', 'url': 'http://10.100.12.145:91/web#id=1857&model=sale.order&view_type=form'}, {'id': 1858, 'model': 'sale.order', 'label': '1434', 'url': 'http://10.100.12.145:91/web#id=1858&model=sale.order&view_type=form'}, {'id': 1859, 'model': 'sale.order', 'label': '1435', 'url': 'http://10.100.12.145:91/web#id=1859&model=sale.order&view_type=form'}, {'id': 1860, 'model': 'sale.order', 'label': '1437', 'url': 'http://10.100.12.145:91/web#id=1860&model=sale.order&view_type=form'}, {'id': 1861, 'model': 'sale.order', 'label': '1436', 'url': 'http://10.100.12.145:91/web#id=1861&model=sale.order&view_type=form'}, {'id': 1862, 'model': 'sale.order', 'label': '1439', 'url': 'http://10.100.12.145:91/web#id=1862&model=sale.order&view_type=form'}, {'id': 1863, 'model': 'sale.order', 'label': '1440', 'url': 'http://10.100.12.145:91/web#id=1863&model=sale.order&view_type=form'}, {'id': 1856, 'model': 'sale.order', 'label': '1431', 'url': 'http://10.100.12.145:91/web#id=1856&model=sale.order&view_type=form'}, {'id': 1855, 'model': 'sale.order', 'label': '1430', 'url': 'http://10.100.12.145:91/web#id=1855&model=sale.order&view_type=form'}, {'id': 1854, 'model': 'sale.order', 'label': '1429', 'url': 'http://10.100.12.145:91/web#id=1854&model=sale.order&view_type=form'}, {'id': 1853, 'model': 'sale.order', 'label': '1428', 'url': 'http://10.100.12.145:91/web#id=1853&model=sale.order&view_type=form'}, {'id': 1852, 'model': 'sale.order', 'label': '1426', 'url': 'http://10.100.12.145:91/web#id=1852&model=sale.order&view_type=form'}]
CHART PAYLOAD: None
USER MESSAGE: Mostrami le ultime 50 vendite di settembre
ASSISTANT MESSAGE: ## 1. Ultime 50 vendite di settembre

Ho trovato **34 vendite** di settembre.  
Ti mostro tutti i risultati disponibili.

| # | Vendita | Cliente | Data richiesta | Data impegno | Importo |
|---|---|---|---|---|---:|
| 1 | 1459 | MI.TO. di BALDONI R. & C. S.n.c. | 2 settembre 2026 | 3 settembre 2026 | € 73,20 |
| 2 | 1463 | COMPAC S.r.l. | 3 settembre 2026 | 3 settembre 2026 | € 97,60 |
| 3 | 1465 | VI.B.F. Fasteners S.r.l. a Socio Unico | 3 settembre 2026 | 3 settembre 2026 | € 18,30 |
| 4 | 1462 | COMPAC S.r.l. | 3 settembre 2026 | 3 settembre 2026 | € 12,20 |
| 5 | 1464 | BULLONERIE GALVIT S.r.l. | 3 settembre 2026 | 3 settembre 2026 | € 3,66 |
| 6 | 1461 | BULLVIT S.r.l. | 3 settembre 2026 | 3 settembre 2026 | € 1,22 |
| 7 | 1446 | C.M.S. SPA | 1 settembre 2026 | 2 settembre 2026 | € 12,20 |
| 8 | 1451 | WURTH S.R.L. | 31 agosto 2026 | 2 settembre 2026 | € 2,44 |
| 9 | 1447 | TORNERIA TRAVERSA S.r.l. Unipersonale | 2 settembre 2026 | 2 settembre 2026 | € 25,62 |
| 10 | 1448 | MARANO FRANCESCO | 2 settembre 2026 | 2 settembre 2026 | € 2,44 |
| 11 | 1450 | SILSUD S.r.l. | 2 settembre 2026 | 2 settembre 2026 | € 7,32 |
| 12 | 1449 | CARINI "DE.NA." S.r.l. | 2 settembre 2026 | 2 settembre 2026 | € 17,56 |
| 13 | 1456 | GFC TORNERIA DI BORIA A. & C Snc | 2 settembre 2026 | 2 settembre 2026 | € 48,80 |
| 14 | 1452 | PROGRESS RAIL SIGNALING S.p.a. | 2 settembre 2026 | 2 settembre 2026 | € 0,00 |
| 15 | 1453 | REGGIANA LAMIERE S.r.l. | 2 settembre 2026 | 2 settembre 2026 | € 34,16 |
| 16 | 1454 | PERSI FABRIZIO | 2 settembre 2026 | 2 settembre 2026 | € 4,88 |
| 17 | 1455 | WURTH S.R.L. | 2 settembre 2026 | 2 settembre 2026 | € 2,44 |
| 18 | 1457 | C.M.R. S.r.l. | 2 settembre 2026 | 2 settembre 2026 | € 488,00 |
| 19 | 1458 | M.P. CABLAGGI S.n.c. | 2 settembre 2026 | 2 settembre 2026 | € 124,44 |
| 20 | 1443 | STE.OS. S.n.c. di Veronese G. E Stella.O. | 1 settembre 2026 | 2 settembre 2026 | € 2,44 |
| 21 | 1444 | UNIMES S.r.l. | 1 settembre 2026 | 2 settembre 2026 | € 48,80 |
| 22 | 1445 | INTERACCIAI S.p.a. | 1 settembre 2026 | 2 settembre 2026 | € 24,40 |
| 23 | 1433 | WFF S.r.l. Unipersonale | 1 settembre 2026 | 1 settembre 2026 | € 0,28 |
| 24 | 1434 | VI.B.F. Fasteners S.r.l. a Socio Unico | 1 settembre 2026 | 1 settembre 2026 | € 26,84 |
| 25 | 1435 | GIANOPLAST S.r.l. | 1 settembre 2026 | 1 settembre 2026 | € 209,84 |
| 26 | 1437 | ITALIANA METALLI S.r.l. | 1 settembre 2026 | 1 settembre 2026 | € 4,88 |
| 27 | 1436 | MICARD di AVALTRONI DOMENICO | 31 agosto 2026 | 1 settembre 2026 | € 146,40 |
| 28 | 1439 | FRAUFA TECH S.r.l. | 1 settembre 2026 | 1 settembre 2026 | € 12,20 |
| 29 | 1440 | UTENSIL MACCHINE Srl Unipersonale | 1 settembre 2026 | 1 settembre 2026 | € 14,64 |
| 30 | 1431 | LEA TRADE S.r.l. | 1 settembre 2026 | 1 settembre 2026 | € 244,00 |
| 31 | 1430 | FRAUFA TECH S.r.l. | 1 settembre 2026 | 1 settembre 2026 | € 341,60 |
| 32 | 1429 | CARINI "DE.NA." S.r.l. | 31 agosto 2026 | 1 settembre 2026 | € 14,64 |
| 33 | 1428 | VIBOLT S.r.l. UNIPERSONALE | 31 agosto 2026 | 1 settembre 2026 | € 23,92 |
| 34 | 1426 | CARINI "DE.NA." S.r.l. | 31 agosto 2026 | 1 settembre 2026 | € 4,02 |
USER MESSAGE SAVED
ASSISTANT MESSAGE SAVED
CONVERSATION TITLE UPDATED: Mostrami le ultime 50 vendite di settembre
MESSAGES CURRENTLY IN DB: 2
 - user : Mostrami le ultime 50 vendite di settembre
 - assistant : ## 1. Ultime 50 vendite di settembre

Ho trovato **34 vendite** di settembre.  
Ti mostro tutti i risultati disponibili.

| # | Vendita | Cliente | Data richiesta | Data impegno | Importo |
|---|---|---|---|---|---:|
| 1 | 1459 | MI.TO. di BALDONI R. & C. S.n.c. | 2 settembre 2026 | 3 settembre 2026 | € 73,20 |
| 2 | 1463 | COMPAC S.r.l. | 3 settembre 2026 | 3 settembre 2026 | € 97,60 |
| 3 | 1465 | VI.B.F. Fasteners S.r.l. a Socio Unico | 3 settembre 2026 | 3 settembre 2026 | € 18,30 |
| 4 | 1462 | COMPAC S.r.l. | 3 settembre 2026 | 3 settembre 2026 | € 12,20 |
| 5 | 1464 | BULLONERIE GALVIT S.r.l. | 3 settembre 2026 | 3 settembre 2026 | € 3,66 |
| 6 | 1461 | BULLVIT S.r.l. | 3 settembre 2026 | 3 settembre 2026 | € 1,22 |
| 7 | 1446 | C.M.S. SPA | 1 settembre 2026 | 2 settembre 2026 | € 12,20 |
| 8 | 1451 | WURTH S.R.L. | 31 agosto 2026 | 2 settembre 2026 | € 2,44 |
| 9 | 1447 | TORNERIA TRAVERSA S.r.l. Unipersonale | 2 settembre 2026 | 2 settembre 2026 | € 25,62 |
| 10 | 1448 | MARANO FRANCESCO | 2 settembre 2026 | 2 settembre 2026 | € 2,44 |
| 11 | 1450 | SILSUD S.r.l. | 2 settembre 2026 | 2 settembre 2026 | € 7,32 |
| 12 | 1449 | CARINI "DE.NA." S.r.l. | 2 settembre 2026 | 2 settembre 2026 | € 17,56 |
| 13 | 1456 | GFC TORNERIA DI BORIA A. & C Snc | 2 settembre 2026 | 2 settembre 2026 | € 48,80 |
| 14 | 1452 | PROGRESS RAIL SIGNALING S.p.a. | 2 settembre 2026 | 2 settembre 2026 | € 0,00 |
| 15 | 1453 | REGGIANA LAMIERE S.r.l. | 2 settembre 2026 | 2 settembre 2026 | € 34,16 |
| 16 | 1454 | PERSI FABRIZIO | 2 settembre 2026 | 2 settembre 2026 | € 4,88 |
| 17 | 1455 | WURTH S.R.L. | 2 settembre 2026 | 2 settembre 2026 | € 2,44 |
| 18 | 1457 | C.M.R. S.r.l. | 2 settembre 2026 | 2 settembre 2026 | € 488,00 |
| 19 | 1458 | M.P. CABLAGGI S.n.c. | 2 settembre 2026 | 2 settembre 2026 | € 124,44 |
| 20 | 1443 | STE.OS. S.n.c. di Veronese G. E Stella.O. | 1 settembre 2026 | 2 settembre 2026 | € 2,44 |
| 21 | 1444 | UNIMES S.r.l. | 1 settembre 2026 | 2 settembre 2026 | € 48,80 |
| 22 | 1445 | INTERACCIAI S.p.a. | 1 settembre 2026 | 2 settembre 2026 | € 24,40 |
| 23 | 1433 | WFF S.r.l. Unipersonale | 1 settembre 2026 | 1 settembre 2026 | € 0,28 |
| 24 | 1434 | VI.B.F. Fasteners S.r.l. a Socio Unico | 1 settembre 2026 | 1 settembre 2026 | € 26,84 |
| 25 | 1435 | GIANOPLAST S.r.l. | 1 settembre 2026 | 1 settembre 2026 | € 209,84 |
| 26 | 1437 | ITALIANA METALLI S.r.l. | 1 settembre 2026 | 1 settembre 2026 | € 4,88 |
| 27 | 1436 | MICARD di AVALTRONI DOMENICO | 31 agosto 2026 | 1 settembre 2026 | € 146,40 |
| 28 | 1439 | FRAUFA TECH S.r.l. | 1 settembre 2026 | 1 settembre 2026 | € 12,20 |
| 29 | 1440 | UTENSIL MACCHINE Srl Unipersonale | 1 settembre 2026 | 1 settembre 2026 | € 14,64 |
| 30 | 1431 | LEA TRADE S.r.l. | 1 settembre 2026 | 1 settembre 2026 | € 244,00 |
| 31 | 1430 | FRAUFA TECH S.r.l. | 1 settembre 2026 | 1 settembre 2026 | € 341,60 |
| 32 | 1429 | CARINI "DE.NA." S.r.l. | 31 agosto 2026 | 1 settembre 2026 | € 14,64 |
| 33 | 1428 | VIBOLT S.r.l. UNIPERSONALE | 31 agosto 2026 | 1 settembre 2026 | € 23,92 |
| 34 | 1426 | CARINI "DE.NA." S.r.l. | 31 agosto 2026 | 1 settembre 2026 | € 4,02 |

===== GRAPH RESULT =====
MESSAGES: 1
CURRENT REQUEST: Mostrami le ultime 50 vendite di settembre
SUB_REQUESTS: ['Mostrami le ultime 50 vendite di settembre']
SCOPE ALLOWED: True

===== PLAN =====
MODEL: sale.order
METHOD: search_read
DOMAIN: [['date_order', '>=', '2026-09-01 00:00:00'], ['date_order', '<', '2026-10-01 00:00:00']]
FIELDS: ['name', 'confirmation_date', 'requested_date', 'commitment_date', 'partner_id', 'user_id', 'amount_total']
ORDER: date_order desc
LIMIT: 50

===== ODOO RESULTS SUMMARY =====
QUERIES: 1
--------------------------------------------
INDEX: 1
SUCCESS: True
MODEL: sale.order
METHOD: search_read
DOMAIN: [['date_order', '>=', '2026-09-01 00:00:00'], ['date_order', '<', '2026-10-01 00:00:00']]
RESULT TYPE: records
TOTAL: 34
RETURNED: 34
LIMIT: 50
PAGES: 1
HAS MORE: False
FIRST RECORD: {'id': 1880, 'name': '1459', 'confirmation_date': False, 'requested_date': '2026-09-02 00:00:00', 'commitment_date': '2026-09-03 00:00:00', 'partner_id': [4647, 'MI.TO. di BALDONI R. & C. S.n.c.'], 'user_id': [1, 'Administrator'], 'amount_total': 73.2}
SECOND RECORD: {'id': 1884, 'name': '1463', 'confirmation_date': False, 'requested_date': '2026-09-03 00:00:00', 'commitment_date': '2026-09-03 00:00:00', 'partner_id': [4960, 'COMPAC S.r.l.'], 'user_id': [1, 'Administrator'], 'amount_total': 97.6}

===== RESPONSE =====
STATUS: GENERATED
LENGTH: 3145
PREVIEW: ## 1. Ultime 50 vendite di settembre  Ho trovato **34 vendite** di settembre.   Ti mostro tutti i risultati disponibili.  | # | Vendita | Cliente | Data richiesta | Data impegno | Importo | |---|---|---|---|---|---:| | 1 | 1459 | MI.TO. di BALDONI R. & C. S.n.c. | 2 settembre 2026 | 3 settembre 2026...

===== CHART ANALYZER =====
SHOULD RENDER: False

============================================================
===== BACKEND CONSOLE LOG =====
START: 2026-09-18T15:35:40
============================================================

===== LOGOUT =====
STATUS: SUCCESS

===== LOGIN REQUEST =====
STATUS: START

===== AUTENTICAZIONE PORTANT =====
URL: http://10.100.12.145:91/web/session/authenticate
DATABASE: DM-26CPT001_TEST_IMPORT_20260724
LOGIN: info@digimarksrl.com
HTTP STATUS: 200

===== RISPOSTA AUTENTICAZIONE =====
TYPE: dict

===== LOGIN PORTANT =====
UID: 1
USERNAME: info@digimarksrl.com
NAME: Administrator
DATABASE: DM-26CPT001_TEST_IMPORT_20260724
SESSIONE: OK

===== SESSIONE CREATA =====
ODOO UID: 1
DATABASE: DM-26CPT001_TEST_IMPORT_20260724
SESSIONE: OK

===== LOGIN RESULT =====
STATUS: SUCCESS
ODOO UID: 1
USERNAME: <redacted>
SESSION: CREATED

===== CHAT REQUEST =====
MESSAGE: Mostrami le ultime 50 vendite di settembre
CONVERSATION: <redacted>

===== ODOO SESSION =====
STATUS: ACTIVE

===== CARICAMENTO MEMORIA PORTANT =====
USER ID: 1
DATABASE: DM-26CPT001_TEST_IMPORT_20260724
CONVERSATION ID: b42da9c8-1a48-4ef4-8511-c7115578567b
MESSAGES LOADED: 0
MEMORY LOAD: nessun messaggio

===== REQUEST SPLITTER NODE =====
INPUT: Mostrami le ultime 50 vendite di settembre

===== REQUEST SPLITTER =====
INPUT: Mostrami le ultime 50 vendite di settembre

===== SEMANTIC SCOPE =====
SCOPE: IN_SCOPE
CONFIDENCE: 0.99
CONTINUATION: False
INTENT FAMILY: consultazione e ordinamento delle vendite per periodo
CONCEPTS: ['vendite', 'periodo temporale', 'ultime', 'quantità']
REASON: La richiesta riguarda chiaramente la consultazione delle vendite aziendali relative a settembre, limitata alle ultime 50.

===== SCOPE DECISION =====
SCOPE: IN_SCOPE
IN SCOPE: True
CONTINUATION: False
CONCEPTS: ['vendite', 'periodo temporale', 'ultime', 'quantità']
REQUEST COUNT: 1
REQUEST 1: Mostrami le ultime 50 vendite di settembre

===== SCOPE DECISION =====
SCOPE: IN_SCOPE
IN SCOPE: True
CONFIDENCE: 0.99
CONTINUATION: False
INTENT FAMILY: consultazione e ordinamento delle vendite per periodo
CONCEPTS: ['vendite', 'periodo temporale', 'ultime', 'quantità']
REQUEST COUNT: 1
REASON: La richiesta riguarda chiaramente la consultazione delle vendite aziendali relative a settembre, limitata alle ultime 50.
EVIDENCE: ['ultime 50 vendite', 'di settembre']
REQUEST 1: Mostrami le ultime 50 vendite di settembre

===== GRAPH ROUTE SCOPE =====
SCOPE: IN_SCOPE

===== PLANNER SEMANTIC CONTEXT =====
CONCEPTS: []

===== PLANNER GLOBAL ATTEMPT STATE =====
ATTEMPTS ALREADY CONSUMED: 0
EXECUTION FEEDBACK: []

===== PLANNER PREVIOUS RETRY CONTEXT =====
RETRY HISTORY: []

===== PLANNER TEMPORAL CONTEXT =====
CURRENT DATETIME: 2026-09-18T15:36:24+02:00
CURRENT DATE: 2026-09-18
CURRENT TIME: 15:36:24
TIMEZONE: Europe/Rome
UTC OFFSET: +0200

===== CHIAMATA PORTANT (call_kw) =====
URL: http://10.100.12.145:91/web/dataset/call_kw/ir.model/search_read
MODELLO: ir.model
METHOD: search_read
ARGS: [[]]
KWARGS: {'fields': ['id', 'model', 'name', 'state'], 'limit': 0, 'order': 'model asc'}

===== RISPOSTA PORTANT (call_kw) =====
HTTP STATUS: 200

===== MODEL SEARCH INDEX =====
QUERY: Mostrami le ultime 50 vendite di settembre
MODELS LOADED: 518
MATCHED MODELS: 12

===== SEMANTIC QUERY EXPANSION =====
INPUT: Mostrami le ultime 50 vendite di settembre
QUERIES: ['sale', 'sales', 'sale order', 'sales order', 'September', 'month 9']
CONCEPTS: [{'concept': 'sale', 'queries': ['sale', 'sales', 'sale order', 'sales order']}, {'concept': 'September', 'queries': ['September', 'month 9']}]

===== MODEL SEARCH INDEX =====
QUERY: sale
MODELS LOADED: 518
MATCHED MODELS: 9

===== MODEL SEARCH INDEX =====
QUERY: sales
MODELS LOADED: 518
MATCHED MODELS: 9

===== MODEL SEARCH INDEX =====
QUERY: sale order
MODELS LOADED: 518
MATCHED MODELS: 26

===== MODEL SEARCH INDEX =====
QUERY: sales order
MODELS LOADED: 518
MATCHED MODELS: 26

===== MODEL SEARCH INDEX =====
QUERY: September
MODELS LOADED: 518
MATCHED MODELS: 0

===== MODEL SEARCH INDEX =====
QUERY: month 9
MODELS LOADED: 518
MATCHED MODELS: 0

===== SEMANTIC MODEL CONTEXT =====
REQUEST SEMANTIC CONCEPTS: [{'concept': 'sale', 'queries': ['sale', 'sales', 'sale order', 'sales order']}, {'concept': 'September', 'queries': ['September', 'month 9']}]
MODEL: report.all.channels.sales
SEMANTIC QUERIES: ['sale', 'sales', 'sale order', 'sales order']
SEMANTIC CONCEPTS: [{'concept': 'sale', 'queries': ['sale', 'sales', 'sale order', 'sales order']}]
REQUEST CONCEPTS: [{'concept': 'sale', 'queries': ['sale', 'sales', 'sale order', 'sales order']}, {'concept': 'September', 'queries': ['September', 'month 9']}]
MODEL: report.sale.report_saleproforma
SEMANTIC QUERIES: ['sale', 'sales', 'sale order']
SEMANTIC CONCEPTS: [{'concept': 'sale', 'queries': ['sale', 'sales', 'sale order', 'sales order']}]
REQUEST CONCEPTS: [{'concept': 'sale', 'queries': ['sale', 'sales', 'sale order', 'sales order']}, {'concept': 'September', 'queries': ['September', 'month 9']}]
MODEL: sale.layout_category
SEMANTIC QUERIES: ['sale', 'sales']
SEMANTIC CONCEPTS: [{'concept': 'sale', 'queries': ['sale', 'sales', 'sale order', 'sales order']}]
REQUEST CONCEPTS: [{'concept': 'sale', 'queries': ['sale', 'sales', 'sale order', 'sales order']}, {'concept': 'September', 'queries': ['September', 'month 9']}]
MODEL: sale.advance.payment.inv
SEMANTIC QUERIES: ['sale', 'sales']
SEMANTIC CONCEPTS: [{'concept': 'sale', 'queries': ['sale', 'sales', 'sale order', 'sales order']}]
REQUEST CONCEPTS: [{'concept': 'sale', 'queries': ['sale', 'sales', 'sale order', 'sales order']}, {'concept': 'September', 'queries': ['September', 'month 9']}]
MODEL: sale.order.line
SEMANTIC QUERIES: ['sale', 'sales', 'sale order', 'sales order']
SEMANTIC CONCEPTS: [{'concept': 'sale', 'queries': ['sale', 'sales', 'sale order', 'sales order']}]
REQUEST CONCEPTS: [{'concept': 'sale', 'queries': ['sale', 'sales', 'sale order', 'sales order']}, {'concept': 'September', 'queries': ['September', 'month 9']}]
MODEL: sale.report
SEMANTIC QUERIES: ['sale', 'sales', 'sale order', 'sales order']
SEMANTIC CONCEPTS: [{'concept': 'sale', 'queries': ['sale', 'sales', 'sale order', 'sales order']}]
REQUEST CONCEPTS: [{'concept': 'sale', 'queries': ['sale', 'sales', 'sale order', 'sales order']}, {'concept': 'September', 'queries': ['September', 'month 9']}]
MODEL: mrp.change.confirm.wizard
SEMANTIC QUERIES: ['sale', 'sales', 'sales order']
SEMANTIC CONCEPTS: [{'concept': 'sale', 'queries': ['sale', 'sales', 'sale order', 'sales order']}]
REQUEST CONCEPTS: [{'concept': 'sale', 'queries': ['sale', 'sales', 'sale order', 'sales order']}, {'concept': 'September', 'queries': ['September', 'month 9']}]
MODEL: crm.team
SEMANTIC QUERIES: ['sales']
SEMANTIC CONCEPTS: [{'concept': 'sale', 'queries': ['sale', 'sales', 'sale order', 'sales order']}]
REQUEST CONCEPTS: [{'concept': 'sale', 'queries': ['sale', 'sales', 'sale order', 'sales order']}, {'concept': 'September', 'queries': ['September', 'month 9']}]

===== SEMANTIC MODEL RESULTS =====
INPUT: Mostrami le ultime 50 vendite di settembre
 - report.all.channels.sales | All sales orders grouped by sales channels | score: 24.0
 - report.sale.report_saleproforma | report.sale.report_saleproforma | score: 24.0
 - sale.layout_category | sale.layout_category | score: 24.0
 - sale.advance.payment.inv | Sales Advance Payment Invoice | score: 20.0
 - sale.order.line | Sales Order Line | score: 20.0
 - sale.report | Sales Orders Statistics | score: 20.0
 - mrp.change.confirm.wizard | Open Sales Details Report | score: 16.0
 - crm.team | Sales Channel | score: 16.0

===== DYNAMIC MODEL DISCOVERY =====
QUERY: Mostrami le ultime 50 vendite di settembre
REQUEST SEMANTIC CONCEPTS: []
CANDIDATES:
 - report.all.channels.sales | All sales orders grouped by sales channels | score: 24.0
   semantic concepts: [{'concept': 'sale', 'queries': ['sale', 'sales', 'sale order', 'sales order']}]
   request concepts: [{'concept': 'sale', 'queries': ['sale', 'sales', 'sale order', 'sales order']}, {'concept': 'September', 'queries': ['September', 'month 9']}]
 - report.sale.report_saleproforma | report.sale.report_saleproforma | score: 24.0
   semantic concepts: [{'concept': 'sale', 'queries': ['sale', 'sales', 'sale order', 'sales order']}]
   request concepts: [{'concept': 'sale', 'queries': ['sale', 'sales', 'sale order', 'sales order']}, {'concept': 'September', 'queries': ['September', 'month 9']}]
 - sale.layout_category | sale.layout_category | score: 24.0
   semantic concepts: [{'concept': 'sale', 'queries': ['sale', 'sales', 'sale order', 'sales order']}]
   request concepts: [{'concept': 'sale', 'queries': ['sale', 'sales', 'sale order', 'sales order']}, {'concept': 'September', 'queries': ['September', 'month 9']}]
 - sale.advance.payment.inv | Sales Advance Payment Invoice | score: 20.0
   semantic concepts: [{'concept': 'sale', 'queries': ['sale', 'sales', 'sale order', 'sales order']}]
   request concepts: [{'concept': 'sale', 'queries': ['sale', 'sales', 'sale order', 'sales order']}, {'concept': 'September', 'queries': ['September', 'month 9']}]
 - sale.order.line | Sales Order Line | score: 20.0
   semantic concepts: [{'concept': 'sale', 'queries': ['sale', 'sales', 'sale order', 'sales order']}]
   request concepts: [{'concept': 'sale', 'queries': ['sale', 'sales', 'sale order', 'sales order']}, {'concept': 'September', 'queries': ['September', 'month 9']}]
 - sale.report | Sales Orders Statistics | score: 20.0
   semantic concepts: [{'concept': 'sale', 'queries': ['sale', 'sales', 'sale order', 'sales order']}]
   request concepts: [{'concept': 'sale', 'queries': ['sale', 'sales', 'sale order', 'sales order']}, {'concept': 'September', 'queries': ['September', 'month 9']}]
 - mrp.change.confirm.wizard | Open Sales Details Report | score: 16.0
   semantic concepts: [{'concept': 'sale', 'queries': ['sale', 'sales', 'sale order', 'sales order']}]
   request concepts: [{'concept': 'sale', 'queries': ['sale', 'sales', 'sale order', 'sales order']}, {'concept': 'September', 'queries': ['September', 'month 9']}]
 - crm.team | Sales Channel | score: 16.0
   semantic concepts: [{'concept': 'sale', 'queries': ['sale', 'sales', 'sale order', 'sales order']}]
   request concepts: [{'concept': 'sale', 'queries': ['sale', 'sales', 'sale order', 'sales order']}, {'concept': 'September', 'queries': ['September', 'month 9']}]

===== PLANNER ATTEMPT =====
ATTEMPT: 1 / 4

===== DYNAMIC MODEL CANDIDATES AVAILABLE =====
 - report.all.channels.sales | All sales orders grouped by sales channels | score: 24.0 | concepts: [{'concept': 'sale', 'queries': ['sale', 'sales', 'sale order', 'sales order']}] | request concepts: [{'concept': 'sale', 'queries': ['sale', 'sales', 'sale order', 'sales order']}, {'concept': 'September', 'queries': ['September', 'month 9']}]
 - report.sale.report_saleproforma | report.sale.report_saleproforma | score: 24.0 | concepts: [{'concept': 'sale', 'queries': ['sale', 'sales', 'sale order', 'sales order']}] | request concepts: [{'concept': 'sale', 'queries': ['sale', 'sales', 'sale order', 'sales order']}, {'concept': 'September', 'queries': ['September', 'month 9']}]
 - sale.layout_category | sale.layout_category | score: 24.0 | concepts: [{'concept': 'sale', 'queries': ['sale', 'sales', 'sale order', 'sales order']}] | request concepts: [{'concept': 'sale', 'queries': ['sale', 'sales', 'sale order', 'sales order']}, {'concept': 'September', 'queries': ['September', 'month 9']}]
 - sale.advance.payment.inv | Sales Advance Payment Invoice | score: 20.0 | concepts: [{'concept': 'sale', 'queries': ['sale', 'sales', 'sale order', 'sales order']}] | request concepts: [{'concept': 'sale', 'queries': ['sale', 'sales', 'sale order', 'sales order']}, {'concept': 'September', 'queries': ['September', 'month 9']}]
 - sale.order.line | Sales Order Line | score: 20.0 | concepts: [{'concept': 'sale', 'queries': ['sale', 'sales', 'sale order', 'sales order']}] | request concepts: [{'concept': 'sale', 'queries': ['sale', 'sales', 'sale order', 'sales order']}, {'concept': 'September', 'queries': ['September', 'month 9']}]
 - sale.report | Sales Orders Statistics | score: 20.0 | concepts: [{'concept': 'sale', 'queries': ['sale', 'sales', 'sale order', 'sales order']}] | request concepts: [{'concept': 'sale', 'queries': ['sale', 'sales', 'sale order', 'sales order']}, {'concept': 'September', 'queries': ['September', 'month 9']}]
 - mrp.change.confirm.wizard | Open Sales Details Report | score: 16.0 | concepts: [{'concept': 'sale', 'queries': ['sale', 'sales', 'sale order', 'sales order']}] | request concepts: [{'concept': 'sale', 'queries': ['sale', 'sales', 'sale order', 'sales order']}, {'concept': 'September', 'queries': ['September', 'month 9']}]
 - crm.team | Sales Channel | score: 16.0 | concepts: [{'concept': 'sale', 'queries': ['sale', 'sales', 'sale order', 'sales order']}] | request concepts: [{'concept': 'sale', 'queries': ['sale', 'sales', 'sale order', 'sales order']}, {'concept': 'September', 'queries': ['September', 'month 9']}]

===== QUERY NORMALIZATION =====
CURRENT REQUEST: Mostrami le ultime 50 vendite di settembre
AGGREGATION: {'is_aggregation': False, 'grouping_field': None, 'has_explicit_grouping': False, 'has_ranking': False, 'aggregation_hits': 0, 'detail_hits': 0}
TOTAL COUNT REQUEST: False
USE READ_GROUP: False
EXPLICIT MODEL: None
MODEL: sale.order
METHOD: search_read
EXPLICIT LIMIT: 50
FINAL DOMAIN: [['date_order', '>=', '2026-09-01 00:00:00'], ['date_order', '<', '2026-10-01 00:00:00']]
FINAL PARAMS: {'domain': [['date_order', '>=', '2026-09-01 00:00:00'], ['date_order', '<', '2026-10-01 00:00:00']], 'limit': 50, 'order': 'date_order desc'}

===== CHIAMATA PORTANT (call_kw) =====
URL: http://10.100.12.145:91/web/dataset/call_kw/sale.order/fields_view_get
MODELLO: sale.order
METHOD: fields_view_get
ARGS: []
KWARGS: {'view_type': 'tree', 'toolbar': False, 'submenu': False}

===== RISPOSTA PORTANT (call_kw) =====
HTTP STATUS: 200

===== ODOO TREE VIEW DISCOVERED =====
MODEL: sale.order
VIEW ID: 1081
VIEW STRING: Sales Orders
DEFAULT ORDER: 
VIEW FIELDS: ['message_needaction', 'name', 'confirmation_date', 'requested_date', 'commitment_date', 'partner_id', 'user_id', 'amount_total', 'currency_id', 'invoice_status', 'planning_state', 'warning_icon', 'state']
VISIBLE FIELDS: ['name', 'confirmation_date', 'requested_date', 'commitment_date', 'partner_id', 'user_id', 'amount_total', 'planning_state', 'warning_icon']

===== PLANNER PROPOSAL ACCEPTED =====
ATTEMPT: 1

===== GRAPH ROUTE PLANNER =====
SINGLE PLAN FOUND
PLAN: {'agent': 'odoo', 'action': 'odoo_api_tool', 'domain': None, 'parameters': {'model': 'sale.order', 'method': 'search_read', 'params': {'domain': [['date_order', '>=', '2026-09-01 00:00:00'], ['date_order', '<', '2026-10-01 00:00:00']], 'limit': 50, 'order': 'date_order desc'}}}
ROUTE: odoo

===== MULTI ODOO PLAN FALLBACK =====
Nessun 'plans' disponibile.
Uso state['plan'] come singola query.

===== PLANNER EXECUTION ATTEMPT =====
CURRENT ATTEMPT: 1

===== MULTI Portant EXECUTION =====
TOTAL PLANS: 1

============================================
===== Portant QUERY 1 =====
REQUEST: Mostrami le ultime 50 vendite di settembre
MODEL: sale.order
METHOD: search_read
Portant DYNAMIC AGENT ESEGUITO

===== ODOO AGENT SEMANTIC CONTEXT =====
DYNAMIC MODEL CANDIDATES: 8
SEMANTIC CONCEPTS: [{'concept': 'sale', 'queries': ['sale', 'sales', 'sale order', 'sales order']}, {'concept': 'September', 'queries': ['September', 'month 9']}]

===== Portant PLAN =====
{'agent': 'odoo', 'action': 'odoo_api_tool', 'domain': [['date_order', '>=', '2026-09-01 00:00:00'], ['date_order', '<', '2026-10-01 00:00:00']], 'parameters': {'model': 'sale.order', 'method': 'search_read', 'params': {'domain': [['date_order', '>=', '2026-09-01 00:00:00'], ['date_order', '<', '2026-10-01 00:00:00']], 'limit': 50, 'order': 'date_order desc'}}}

===== MODEL DISCOVERY =====
MODEL: sale.order
MODEL FOUND IN STATIC CATALOG
STATIC CATALOG USED ONLY AS MODEL POLICY
LOADING REAL ODOO FIELD METADATA...

===== CHIAMATA PORTANT (call_kw) =====
URL: http://10.100.12.145:91/web/dataset/call_kw/sale.order/fields_view_get
MODELLO: sale.order
METHOD: fields_view_get
ARGS: []
KWARGS: {'view_type': 'tree', 'toolbar': False, 'submenu': False}

===== RISPOSTA PORTANT (call_kw) =====
HTTP STATUS: 200

===== ODOO TREE VIEW DISCOVERED =====
MODEL: sale.order
VIEW ID: 1081
VIEW STRING: Sales Orders
DEFAULT ORDER: 
VIEW FIELDS: ['message_needaction', 'name', 'confirmation_date', 'requested_date', 'commitment_date', 'partner_id', 'user_id', 'amount_total', 'currency_id', 'invoice_status', 'planning_state', 'warning_icon', 'state']
VISIBLE FIELDS: ['name', 'confirmation_date', 'requested_date', 'commitment_date', 'partner_id', 'user_id', 'amount_total', 'planning_state', 'warning_icon']

===== ODOO FIELD METADATA LOADED =====
MODEL: sale.order
FIELDS: 109

===== DYNAMIC RELATION FIELDS =====
 - activity_type_id | Next Activity Type | relation: mail.activity.type
 - activity_user_id | Responsible | relation: res.users
 - analytic_account_id | Analytic Account | relation: account.analytic.account
 - carriage_condition_id | Carriage Condition | relation: stock.picking.carriage_condition
 - carrier_id | Delivery Method | relation: delivery.carrier
 - company_id | Company | relation: res.company
 - create_uid | Created by | relation: res.users
 - currency_id | Currency | relation: res.currency
 - ddt_carrier_id | Carrier | relation: res.partner
 - fiscal_position_id | Fiscal Position | relation: account.fiscal.position
 - goods_description_id | Description of Goods | relation: stock.picking.goods_description
 - incoterm | Incoterms | relation: stock.incoterms
 - partner_id | Customer | relation: res.partner
 - partner_invoice_id | Invoice Address | relation: res.partner
 - partner_shipping_id | Delivery Address | relation: res.partner
 - payment_term_id | Payment Terms | relation: account.payment.term
 - pricelist_id | Pricelist | relation: product.pricelist
 - procurement_group_id | Procurement Group | relation: procurement.group
 - product_id | Product | relation: product.product
 - team_id | Sales Channel | relation: crm.team
 - transportation_method_id | Method of Transportation | relation: stock.picking.transportation_method
 - transportation_reason_id | Reason for Transportation | relation: stock.picking.transportation_reason
 - user_id | Salesperson | relation: res.users
 - warehouse_id | Warehouse | relation: stock.warehouse
 - write_uid | Last Updated by | relation: res.users

===== SEMANTIC CONCEPT KEPT AS ENTITY CONTEXT =====
CONCEPT: sale
ENTITY ALIAS: sale order
MODEL: sale.order
MODEL IDENTITY: sale.order Quotation    
ENTITY COVERAGE: 1.0
REASON: concept strongly matches model identity; it is an entity/model concept, not a field

===== SEMANTIC FIELD REJECTED =====
SOURCE FIELD: September
REASON: no field contains sufficient direct metadata evidence

===== SEMANTIC FIELD REJECTED =====
SOURCE FIELD: month 9
REASON: no field contains sufficient direct metadata evidence

===== SEMANTIC CONCEPT KEPT AS CONTEXT =====
CONCEPT: September
REASON: no sufficient metadata-backed field evidence; treated as entity/context concept

===== DYNAMIC MODEL COMPATIBILITY PASSED =====
REQUIRED SEMANTIC CONCEPTS: [{'concept': 'sale', 'queries': ['sale', 'sales', 'sale order', 'sales order']}, {'concept': 'September', 'queries': ['September', 'month 9']}]
REQUIRED FIELD HINTS: []
RESOLVED FIELDS: {}

===== TREE VIEW FIELD SKIPPED =====
FIELD: planning_state
REASON: field not present in discovered Odoo metadata

===== TREE VIEW FIELD SKIPPED =====
FIELD: warning_icon
REASON: field not present in discovered Odoo metadata

===== DYNAMIC HUMAN FIELDS FROM ODOO TREE VIEW =====
TREE VIEW: 1081
TREE VIEW STRING: Sales Orders
TREE VIEW FIELDS: ['name', 'confirmation_date', 'requested_date', 'commitment_date', 'partner_id', 'user_id', 'amount_total']

===== ODOO TREE VIEW PRESENTATION PRIORITY =====
PRESENTATION SOURCE: ODOO TREE VIEW
FIELDS: ['name', 'confirmation_date', 'requested_date', 'commitment_date', 'partner_id', 'user_id', 'amount_total']

===== FINAL GROUPBY =====
GROUPBY: []

===== ODOO PARAMETERS RESOLVED =====
FIELDS: ['name', 'confirmation_date', 'requested_date', 'commitment_date', 'partner_id', 'user_id', 'amount_total']
GROUPBY: []
ORDERBY: None
ORDER: date_order desc
DOMAIN: [['date_order', '>=', '2026-09-01 00:00:00'], ['date_order', '<', '2026-10-01 00:00:00']]

===== VALIDATING Portant PARAMETERS =====

===== VALIDATED PARAMETERS =====
{'model': 'sale.order', 'method': 'search_read', 'params': {'domain': [['date_order', '>=', '2026-09-01 00:00:00'], ['date_order', '<', '2026-10-01 00:00:00']], 'limit': 50, 'order': 'date_order desc', 'fields': ['name', 'confirmation_date', 'requested_date', 'commitment_date', 'partner_id', 'user_id', 'amount_total'], 'groupby': []}}

===== FINAL ODOO PARAMETERS =====
MODEL: sale.order
METHOD: search_read
FIELDS: ['name', 'confirmation_date', 'requested_date', 'commitment_date', 'partner_id', 'user_id', 'amount_total']
GROUPBY: []
ORDERBY: None
DOMAIN: [['date_order', '>=', '2026-09-01 00:00:00'], ['date_order', '<', '2026-10-01 00:00:00']]

===== Portant REQUEST =====
URL: http://10.100.12.145:91/api/sale.order/search_read
BODY: {'domain': [['date_order', '>=', '2026-09-01 00:00:00'], ['date_order', '<', '2026-10-01 00:00:00']], 'limit': 50, 'order': 'date_order desc', 'fields': ['name', 'confirmation_date', 'requested_date', 'commitment_date', 'partner_id', 'user_id', 'amount_total'], 'groupby': []}

===== RICHIESTA PORTANT =====
URL: http://10.100.12.145:91/api/sale.order/search_read
METHOD: POST
BODY: {'domain': [['date_order', '>=', '2026-09-01 00:00:00'], ['date_order', '<', '2026-10-01 00:00:00']], 'limit': 50, 'order': 'date_order desc', 'fields': ['name', 'confirmation_date', 'requested_date', 'commitment_date', 'partner_id', 'user_id', 'amount_total'], 'groupby': []}

===== RISPOSTA PORTANT =====
HTTP STATUS: 200

===== Portant NORMALIZED RESULT =====
TYPE: records
COUNT: 34
TOTAL RECORDS: 34
RETURNED RECORDS: 34
LIMIT: 50
OFFSET: 0
PAGES: 1
HAS MORE: False

===== EXPERIENCE MEMORY =====
STATUS: SUCCESS
REQUEST: Mostrami le ultime 50 vendite di settembre
MODEL: sale.order
METHOD: search_read

===== MULTI Portant COMPLETE =====
RESULTS: 1
SUCCESS: 1
FAILED: 0

===== ODOO EXECUTION SUCCESS =====
PLANNER ATTEMPT: 1

===== GRAPH ROUTE ODOO =====
EXECUTION FAILED: False
ROUTE: response

===== RESPONSE AGENT =====

===== MULTI QUERY RESPONSE DATA =====
TOTAL REQUESTS: 1
SUCCESS: 1
FAILED: 0
RECORDS AVAILABLE FROM ODOO: 34
RECORDS SENT TO RESPONSE LLM: 34

===== RESPONSE RESULT =====
Ho trovato **34 vendite** di settembre:

| Vendita | Cliente | Data richiesta | Data impegno | Totale |
|---|---|---|---|---:|
| 1459 | MI.TO. di BALDONI R. & C. S.n.c. | 2 settembre 2026 | 3 settembre 2026 | € 73,20 |
| 1463 | COMPAC S.r.l. | 3 settembre 2026 | 3 settembre 2026 | € 97,60 |
| 1465 | VI.B.F. Fasteners S.r.l. a Socio Unico | 3 settembre 2026 | 3 settembre 2026 | € 18,30 |
| 1462 | COMPAC S.r.l. | 3 settembre 2026 | 3 settembre 2026 | € 12,20 |
| 1464 | BULLONERIE GALVIT S.r.l. | 3 settembre 2026 | 3 settembre 2026 | € 3,66 |
| 1461 | BULLVIT S.r.l. | 3 settembre 2026 | 3 settembre 2026 | € 1,22 |
| 1446 | C.M.S. SPA | 1 settembre 2026 | 2 settembre 2026 | € 12,20 |
| 1451 | WURTH S.R.L. | 31 agosto 2026 | 2 settembre 2026 | € 2,44 |
| 1447 | TORNERIA TRAVERSA S.r.l. Unipersonale | 2 settembre 2026 | 2 settembre 2026 | € 25,62 |
| 1448 | MARANO FRANCESCO | 2 settembre 2026 | 2 settembre 2026 | € 2,44 |
| 1450 | SILSUD S.r.l. | 2 settembre 2026 | 2 settembre 2026 | € 7,32 |
| 1449 | CARINI "DE.NA." S.r.l. | 2 settembre 2026 | 2 settembre 2026 | € 17,56 |
| 1456 | GFC TORNERIA DI BORIA A. & C Snc | 2 settembre 2026 | 2 settembre 2026 | € 48,80 |
| 1452 | PROGRESS RAIL SIGNALING S.p.a. | 2 settembre 2026 | 2 settembre 2026 | € 0,00 |
| 1453 | REGGIANA LAMIERE S.r.l. | 2 settembre 2026 | 2 settembre 2026 | € 34,16 |
| 1454 | PERSI FABRIZIO | 2 settembre 2026 | 2 settembre 2026 | € 4,88 |
| 1455 | WURTH S.R.L. | 2 settembre 2026 | 2 settembre 2026 | € 2,44 |
| 1457 | C.M.R. S.r.l. | 2 settembre 2026 | 2 settembre 2026 | € 488,00 |
| 1458 | M.P. CABLAGGI S.n.c. | 2 settembre 2026 | 2 settembre 2026 | € 124,44 |
| 1443 | STE.OS. S.n.c. di Veronese G. E Stella.O. | 1 settembre 2026 | 2 settembre 2026 | € 2,44 |
| 1444 | UNIMES S.r.l. | 1 settembre 2026 | 2 settembre 2026 | € 48,80 |
| 1445 | INTERACCIAI S.p.a. | 1 settembre 2026 | 2 settembre 2026 | € 24,40 |
| 1433 | WFF S.r.l. Unipersonale | 1 settembre 2026 | 1 settembre 2026 | € 0,28 |
| 1434 | VI.B.F. Fasteners S.r.l. a Socio Unico | 1 settembre 2026 | 1 settembre 2026 | € 26,84 |
| 1435 | GIANOPLAST S.r.l. | 1 settembre 2026 | 1 settembre 2026 | € 209,84 |
| 1437 | ITALIANA METALLI S.r.l. | 1 settembre 2026 | 1 settembre 2026 | € 4,88 |
| 1436 | MICARD di AVALTRONI DOMENICO | 31 agosto 2026 | 1 settembre 2026 | € 146,40 |
| 1439 | FRAUFA TECH S.r.l. | 1 settembre 2026 | 1 settembre 2026 | € 12,20 |
| 1440 | UTENSIL MACCHINE Srl Unipersonale | 1 settembre 2026 | 1 settembre 2026 | € 14,64 |
| 1431 | LEA TRADE S.r.l. | 1 settembre 2026 | 1 settembre 2026 | € 244,00 |
| 1430 | FRAUFA TECH S.r.l. | 1 settembre 2026 | 1 settembre 2026 | € 341,60 |
| 1429 | CARINI "DE.NA." S.r.l. | 31 agosto 2026 | 1 settembre 2026 | € 14,64 |
| 1428 | VIBOLT S.r.l. UNIPERSONALE | 31 agosto 2026 | 1 settembre 2026 | € 23,92 |
| 1426 | CARINI "DE.NA." S.r.l. | 31 agosto 2026 | 1 settembre 2026 | € 4,02 |

===== SALVATAGGIO MEMORIA PORTANT =====
USER ID: 1
DATABASE: DM-26CPT001_TEST_IMPORT_20260724
CONVERSATION ID: b42da9c8-1a48-4ef4-8511-c7115578567b
RECORD LINKS: [{'id': 1880, 'model': 'sale.order', 'label': '1459', 'url': 'http://10.100.12.145:91/web#id=1880&model=sale.order&view_type=form'}, {'id': 1884, 'model': 'sale.order', 'label': '1463', 'url': 'http://10.100.12.145:91/web#id=1884&model=sale.order&view_type=form'}, {'id': 1885, 'model': 'sale.order', 'label': '1465', 'url': 'http://10.100.12.145:91/web#id=1885&model=sale.order&view_type=form'}, {'id': 1883, 'model': 'sale.order', 'label': '1462', 'url': 'http://10.100.12.145:91/web#id=1883&model=sale.order&view_type=form'}, {'id': 1882, 'model': 'sale.order', 'label': '1464', 'url': 'http://10.100.12.145:91/web#id=1882&model=sale.order&view_type=form'}, {'id': 1881, 'model': 'sale.order', 'label': '1461', 'url': 'http://10.100.12.145:91/web#id=1881&model=sale.order&view_type=form'}, {'id': 1867, 'model': 'sale.order', 'label': '1446', 'url': 'http://10.100.12.145:91/web#id=1867&model=sale.order&view_type=form'}, {'id': 1873, 'model': 'sale.order', 'label': '1451', 'url': 'http://10.100.12.145:91/web#id=1873&model=sale.order&view_type=form'}, {'id': 1868, 'model': 'sale.order', 'label': '1447', 'url': 'http://10.100.12.145:91/web#id=1868&model=sale.order&view_type=form'}, {'id': 1869, 'model': 'sale.order', 'label': '1448', 'url': 'http://10.100.12.145:91/web#id=1869&model=sale.order&view_type=form'}, {'id': 1870, 'model': 'sale.order', 'label': '1450', 'url': 'http://10.100.12.145:91/web#id=1870&model=sale.order&view_type=form'}, {'id': 1871, 'model': 'sale.order', 'label': '1449', 'url': 'http://10.100.12.145:91/web#id=1871&model=sale.order&view_type=form'}, {'id': 1872, 'model': 'sale.order', 'label': '1456', 'url': 'http://10.100.12.145:91/web#id=1872&model=sale.order&view_type=form'}, {'id': 1874, 'model': 'sale.order', 'label': '1452', 'url': 'http://10.100.12.145:91/web#id=1874&model=sale.order&view_type=form'}, {'id': 1875, 'model': 'sale.order', 'label': '1453', 'url': 'http://10.100.12.145:91/web#id=1875&model=sale.order&view_type=form'}, {'id': 1876, 'model': 'sale.order', 'label': '1454', 'url': 'http://10.100.12.145:91/web#id=1876&model=sale.order&view_type=form'}, {'id': 1877, 'model': 'sale.order', 'label': '1455', 'url': 'http://10.100.12.145:91/web#id=1877&model=sale.order&view_type=form'}, {'id': 1878, 'model': 'sale.order', 'label': '1457', 'url': 'http://10.100.12.145:91/web#id=1878&model=sale.order&view_type=form'}, {'id': 1879, 'model': 'sale.order', 'label': '1458', 'url': 'http://10.100.12.145:91/web#id=1879&model=sale.order&view_type=form'}, {'id': 1864, 'model': 'sale.order', 'label': '1443', 'url': 'http://10.100.12.145:91/web#id=1864&model=sale.order&view_type=form'}, {'id': 1865, 'model': 'sale.order', 'label': '1444', 'url': 'http://10.100.12.145:91/web#id=1865&model=sale.order&view_type=form'}, {'id': 1866, 'model': 'sale.order', 'label': '1445', 'url': 'http://10.100.12.145:91/web#id=1866&model=sale.order&view_type=form'}, {'id': 1857, 'model': 'sale.order', 'label': '1433', 'url': 'http://10.100.12.145:91/web#id=1857&model=sale.order&view_type=form'}, {'id': 1858, 'model': 'sale.order', 'label': '1434', 'url': 'http://10.100.12.145:91/web#id=1858&model=sale.order&view_type=form'}, {'id': 1859, 'model': 'sale.order', 'label': '1435', 'url': 'http://10.100.12.145:91/web#id=1859&model=sale.order&view_type=form'}, {'id': 1860, 'model': 'sale.order', 'label': '1437', 'url': 'http://10.100.12.145:91/web#id=1860&model=sale.order&view_type=form'}, {'id': 1861, 'model': 'sale.order', 'label': '1436', 'url': 'http://10.100.12.145:91/web#id=1861&model=sale.order&view_type=form'}, {'id': 1862, 'model': 'sale.order', 'label': '1439', 'url': 'http://10.100.12.145:91/web#id=1862&model=sale.order&view_type=form'}, {'id': 1863, 'model': 'sale.order', 'label': '1440', 'url': 'http://10.100.12.145:91/web#id=1863&model=sale.order&view_type=form'}, {'id': 1856, 'model': 'sale.order', 'label': '1431', 'url': 'http://10.100.12.145:91/web#id=1856&model=sale.order&view_type=form'}, {'id': 1855, 'model': 'sale.order', 'label': '1430', 'url': 'http://10.100.12.145:91/web#id=1855&model=sale.order&view_type=form'}, {'id': 1854, 'model': 'sale.order', 'label': '1429', 'url': 'http://10.100.12.145:91/web#id=1854&model=sale.order&view_type=form'}, {'id': 1853, 'model': 'sale.order', 'label': '1428', 'url': 'http://10.100.12.145:91/web#id=1853&model=sale.order&view_type=form'}, {'id': 1852, 'model': 'sale.order', 'label': '1426', 'url': 'http://10.100.12.145:91/web#id=1852&model=sale.order&view_type=form'}]
CHART PAYLOAD: None
USER MESSAGE: Mostrami le ultime 50 vendite di settembre
ASSISTANT MESSAGE: Ho trovato **34 vendite** di settembre:

| Vendita | Cliente | Data richiesta | Data impegno | Totale |
|---|---|---|---|---:|
| 1459 | MI.TO. di BALDONI R. & C. S.n.c. | 2 settembre 2026 | 3 settembre 2026 | € 73,20 |
| 1463 | COMPAC S.r.l. | 3 settembre 2026 | 3 settembre 2026 | € 97,60 |
| 1465 | VI.B.F. Fasteners S.r.l. a Socio Unico | 3 settembre 2026 | 3 settembre 2026 | € 18,30 |
| 1462 | COMPAC S.r.l. | 3 settembre 2026 | 3 settembre 2026 | € 12,20 |
| 1464 | BULLONERIE GALVIT S.r.l. | 3 settembre 2026 | 3 settembre 2026 | € 3,66 |
| 1461 | BULLVIT S.r.l. | 3 settembre 2026 | 3 settembre 2026 | € 1,22 |
| 1446 | C.M.S. SPA | 1 settembre 2026 | 2 settembre 2026 | € 12,20 |
| 1451 | WURTH S.R.L. | 31 agosto 2026 | 2 settembre 2026 | € 2,44 |
| 1447 | TORNERIA TRAVERSA S.r.l. Unipersonale | 2 settembre 2026 | 2 settembre 2026 | € 25,62 |
| 1448 | MARANO FRANCESCO | 2 settembre 2026 | 2 settembre 2026 | € 2,44 |
| 1450 | SILSUD S.r.l. | 2 settembre 2026 | 2 settembre 2026 | € 7,32 |
| 1449 | CARINI "DE.NA." S.r.l. | 2 settembre 2026 | 2 settembre 2026 | € 17,56 |
| 1456 | GFC TORNERIA DI BORIA A. & C Snc | 2 settembre 2026 | 2 settembre 2026 | € 48,80 |
| 1452 | PROGRESS RAIL SIGNALING S.p.a. | 2 settembre 2026 | 2 settembre 2026 | € 0,00 |
| 1453 | REGGIANA LAMIERE S.r.l. | 2 settembre 2026 | 2 settembre 2026 | € 34,16 |
| 1454 | PERSI FABRIZIO | 2 settembre 2026 | 2 settembre 2026 | € 4,88 |
| 1455 | WURTH S.R.L. | 2 settembre 2026 | 2 settembre 2026 | € 2,44 |
| 1457 | C.M.R. S.r.l. | 2 settembre 2026 | 2 settembre 2026 | € 488,00 |
| 1458 | M.P. CABLAGGI S.n.c. | 2 settembre 2026 | 2 settembre 2026 | € 124,44 |
| 1443 | STE.OS. S.n.c. di Veronese G. E Stella.O. | 1 settembre 2026 | 2 settembre 2026 | € 2,44 |
| 1444 | UNIMES S.r.l. | 1 settembre 2026 | 2 settembre 2026 | € 48,80 |
| 1445 | INTERACCIAI S.p.a. | 1 settembre 2026 | 2 settembre 2026 | € 24,40 |
| 1433 | WFF S.r.l. Unipersonale | 1 settembre 2026 | 1 settembre 2026 | € 0,28 |
| 1434 | VI.B.F. Fasteners S.r.l. a Socio Unico | 1 settembre 2026 | 1 settembre 2026 | € 26,84 |
| 1435 | GIANOPLAST S.r.l. | 1 settembre 2026 | 1 settembre 2026 | € 209,84 |
| 1437 | ITALIANA METALLI S.r.l. | 1 settembre 2026 | 1 settembre 2026 | € 4,88 |
| 1436 | MICARD di AVALTRONI DOMENICO | 31 agosto 2026 | 1 settembre 2026 | € 146,40 |
| 1439 | FRAUFA TECH S.r.l. | 1 settembre 2026 | 1 settembre 2026 | € 12,20 |
| 1440 | UTENSIL MACCHINE Srl Unipersonale | 1 settembre 2026 | 1 settembre 2026 | € 14,64 |
| 1431 | LEA TRADE S.r.l. | 1 settembre 2026 | 1 settembre 2026 | € 244,00 |
| 1430 | FRAUFA TECH S.r.l. | 1 settembre 2026 | 1 settembre 2026 | € 341,60 |
| 1429 | CARINI "DE.NA." S.r.l. | 31 agosto 2026 | 1 settembre 2026 | € 14,64 |
| 1428 | VIBOLT S.r.l. UNIPERSONALE | 31 agosto 2026 | 1 settembre 2026 | € 23,92 |
| 1426 | CARINI "DE.NA." S.r.l. | 31 agosto 2026 | 1 settembre 2026 | € 4,02 |
USER MESSAGE SAVED
ASSISTANT MESSAGE SAVED
CONVERSATION TITLE UPDATED: Mostrami le ultime 50 vendite di settembre
MESSAGES CURRENTLY IN DB: 2
 - user : Mostrami le ultime 50 vendite di settembre
 - assistant : Ho trovato **34 vendite** di settembre:

| Vendita | Cliente | Data richiesta | Data impegno | Totale |
|---|---|---|---|---:|
| 1459 | MI.TO. di BALDONI R. & C. S.n.c. | 2 settembre 2026 | 3 settembre 2026 | € 73,20 |
| 1463 | COMPAC S.r.l. | 3 settembre 2026 | 3 settembre 2026 | € 97,60 |
| 1465 | VI.B.F. Fasteners S.r.l. a Socio Unico | 3 settembre 2026 | 3 settembre 2026 | € 18,30 |
| 1462 | COMPAC S.r.l. | 3 settembre 2026 | 3 settembre 2026 | € 12,20 |
| 1464 | BULLONERIE GALVIT S.r.l. | 3 settembre 2026 | 3 settembre 2026 | € 3,66 |
| 1461 | BULLVIT S.r.l. | 3 settembre 2026 | 3 settembre 2026 | € 1,22 |
| 1446 | C.M.S. SPA | 1 settembre 2026 | 2 settembre 2026 | € 12,20 |
| 1451 | WURTH S.R.L. | 31 agosto 2026 | 2 settembre 2026 | € 2,44 |
| 1447 | TORNERIA TRAVERSA S.r.l. Unipersonale | 2 settembre 2026 | 2 settembre 2026 | € 25,62 |
| 1448 | MARANO FRANCESCO | 2 settembre 2026 | 2 settembre 2026 | € 2,44 |
| 1450 | SILSUD S.r.l. | 2 settembre 2026 | 2 settembre 2026 | € 7,32 |
| 1449 | CARINI "DE.NA." S.r.l. | 2 settembre 2026 | 2 settembre 2026 | € 17,56 |
| 1456 | GFC TORNERIA DI BORIA A. & C Snc | 2 settembre 2026 | 2 settembre 2026 | € 48,80 |
| 1452 | PROGRESS RAIL SIGNALING S.p.a. | 2 settembre 2026 | 2 settembre 2026 | € 0,00 |
| 1453 | REGGIANA LAMIERE S.r.l. | 2 settembre 2026 | 2 settembre 2026 | € 34,16 |
| 1454 | PERSI FABRIZIO | 2 settembre 2026 | 2 settembre 2026 | € 4,88 |
| 1455 | WURTH S.R.L. | 2 settembre 2026 | 2 settembre 2026 | € 2,44 |
| 1457 | C.M.R. S.r.l. | 2 settembre 2026 | 2 settembre 2026 | € 488,00 |
| 1458 | M.P. CABLAGGI S.n.c. | 2 settembre 2026 | 2 settembre 2026 | € 124,44 |
| 1443 | STE.OS. S.n.c. di Veronese G. E Stella.O. | 1 settembre 2026 | 2 settembre 2026 | € 2,44 |
| 1444 | UNIMES S.r.l. | 1 settembre 2026 | 2 settembre 2026 | € 48,80 |
| 1445 | INTERACCIAI S.p.a. | 1 settembre 2026 | 2 settembre 2026 | € 24,40 |
| 1433 | WFF S.r.l. Unipersonale | 1 settembre 2026 | 1 settembre 2026 | € 0,28 |
| 1434 | VI.B.F. Fasteners S.r.l. a Socio Unico | 1 settembre 2026 | 1 settembre 2026 | € 26,84 |
| 1435 | GIANOPLAST S.r.l. | 1 settembre 2026 | 1 settembre 2026 | € 209,84 |
| 1437 | ITALIANA METALLI S.r.l. | 1 settembre 2026 | 1 settembre 2026 | € 4,88 |
| 1436 | MICARD di AVALTRONI DOMENICO | 31 agosto 2026 | 1 settembre 2026 | € 146,40 |
| 1439 | FRAUFA TECH S.r.l. | 1 settembre 2026 | 1 settembre 2026 | € 12,20 |
| 1440 | UTENSIL MACCHINE Srl Unipersonale | 1 settembre 2026 | 1 settembre 2026 | € 14,64 |
| 1431 | LEA TRADE S.r.l. | 1 settembre 2026 | 1 settembre 2026 | € 244,00 |
| 1430 | FRAUFA TECH S.r.l. | 1 settembre 2026 | 1 settembre 2026 | € 341,60 |
| 1429 | CARINI "DE.NA." S.r.l. | 31 agosto 2026 | 1 settembre 2026 | € 14,64 |
| 1428 | VIBOLT S.r.l. UNIPERSONALE | 31 agosto 2026 | 1 settembre 2026 | € 23,92 |
| 1426 | CARINI "DE.NA." S.r.l. | 31 agosto 2026 | 1 settembre 2026 | € 4,02 |

===== GRAPH RESULT =====
MESSAGES: 1
CURRENT REQUEST: Mostrami le ultime 50 vendite di settembre
SUB_REQUESTS: ['Mostrami le ultime 50 vendite di settembre']
SCOPE ALLOWED: True

===== PLAN =====
MODEL: sale.order
METHOD: search_read
DOMAIN: [['date_order', '>=', '2026-09-01 00:00:00'], ['date_order', '<', '2026-10-01 00:00:00']]
FIELDS: ['name', 'confirmation_date', 'requested_date', 'commitment_date', 'partner_id', 'user_id', 'amount_total']
ORDER: date_order desc
LIMIT: 50

===== ODOO RESULTS SUMMARY =====
QUERIES: 1
--------------------------------------------
INDEX: 1
SUCCESS: True
MODEL: sale.order
METHOD: search_read
DOMAIN: [['date_order', '>=', '2026-09-01 00:00:00'], ['date_order', '<', '2026-10-01 00:00:00']]
RESULT TYPE: records
TOTAL: 34
RETURNED: 34
LIMIT: 50
PAGES: 1
HAS MORE: False
FIRST RECORD: {'id': 1880, 'name': '1459', 'confirmation_date': False, 'requested_date': '2026-09-02 00:00:00', 'commitment_date': '2026-09-03 00:00:00', 'partner_id': [4647, 'MI.TO. di BALDONI R. & C. S.n.c.'], 'user_id': [1, 'Administrator'], 'amount_total': 73.2}
SECOND RECORD: {'id': 1884, 'name': '1463', 'confirmation_date': False, 'requested_date': '2026-09-03 00:00:00', 'commitment_date': '2026-09-03 00:00:00', 'partner_id': [4960, 'COMPAC S.r.l.'], 'user_id': [1, 'Administrator'], 'amount_total': 97.6}

===== RESPONSE =====
STATUS: GENERATED
LENGTH: 2894
PREVIEW: Ho trovato **34 vendite** di settembre:  | Vendita | Cliente | Data richiesta | Data impegno | Totale | |---|---|---|---|---:| | 1459 | MI.TO. di BALDONI R. & C. S.n.c. | 2 settembre 2026 | 3 settembre 2026 | € 73,20 | | 1463 | COMPAC S.r.l. | 3 settembre 2026 | 3 settembre 2026 | € 97,60 | | 1465 |...

===== CHART ANALYZER =====
SHOULD RENDER: False

===== CHAT REQUEST =====
MESSAGE: Mostrami il fatturato totale degli ultimi 4 mesi
CONVERSATION: <redacted>

===== ODOO SESSION =====
STATUS: ACTIVE

===== CARICAMENTO MEMORIA PORTANT =====
USER ID: 1
DATABASE: DM-26CPT001_TEST_IMPORT_20260724
CONVERSATION ID: b42da9c8-1a48-4ef4-8511-c7115578567b
MESSAGES LOADED: 2
FIRST MESSAGE: {'role': 'user', 'content': 'Mostrami le ultime 50 vendite di settembre'}
LAST MESSAGE: {'role': 'assistant', 'content': 'Ho trovato **34 vendite** di settembre:\n\n| Vendita | Cliente | Data richiesta | Data impegno | Totale |\n|---|---|---|---|---:|\n| 1459 | MI.TO. di BALDONI R. & C. S.n.c. | 2 settembre 2026 | 3 settembre 2026 | € 73,20 |\n| 1463 | COMPAC S.r.l. | 3 settembre 2026 | 3 settembre 2026 | € 97,60 |\n| 1465 | VI.B.F. Fasteners S.r.l. a Socio Unico | 3 settembre 2026 | 3 settembre 2026 | € 18,30 |\n| 1462 | COMPAC S.r.l. | 3 settembre 2026 | 3 settembre 2026 | € 12,20 |\n| 1464 | BULLONERIE GALVIT S.r.l. | 3 settembre 2026 | 3 settembre 2026 | € 3,66 |\n| 1461 | BULLVIT S.r.l. | 3 settembre 2026 | 3 settembre 2026 | € 1,22 |\n| 1446 | C.M.S. SPA | 1 settembre 2026 | 2 settembre 2026 | € 12,20 |\n| 1451 | WURTH S.R.L. | 31 agosto 2026 | 2 settembre 2026 | € 2,44 |\n| 1447 | TORNERIA TRAVERSA S.r.l. Unipersonale | 2 settembre 2026 | 2 settembre 2026 | € 25,62 |\n| 1448 | MARANO FRANCESCO | 2 settembre 2026 | 2 settembre 2026 | € 2,44 |\n| 1450 | SILSUD S.r.l. | 2 settembre 2026 | 2 settembre 2026 | € 7,32 |\n| 1449 | CARINI "DE.NA." S.r.l. | 2 settembre 2026 | 2 settembre 2026 | € 17,56 |\n| 1456 | GFC TORNERIA DI BORIA A. & C Snc | 2 settembre 2026 | 2 settembre 2026 | € 48,80 |\n| 1452 | PROGRESS RAIL SIGNALING S.p.a. | 2 settembre 2026 | 2 settembre 2026 | € 0,00 |\n| 1453 | REGGIANA LAMIERE S.r.l. | 2 settembre 2026 | 2 settembre 2026 | € 34,16 |\n| 1454 | PERSI FABRIZIO | 2 settembre 2026 | 2 settembre 2026 | € 4,88 |\n| 1455 | WURTH S.R.L. | 2 settembre 2026 | 2 settembre 2026 | € 2,44 |\n| 1457 | C.M.R. S.r.l. | 2 settembre 2026 | 2 settembre 2026 | € 488,00 |\n| 1458 | M.P. CABLAGGI S.n.c. | 2 settembre 2026 | 2 settembre 2026 | € 124,44 |\n| 1443 | STE.OS. S.n.c. di Veronese G. E Stella.O. | 1 settembre 2026 | 2 settembre 2026 | € 2,44 |\n| 1444 | UNIMES S.r.l. | 1 settembre 2026 | 2 settembre 2026 | € 48,80 |\n| 1445 | INTERACCIAI S.p.a. | 1 settembre 2026 | 2 settembre 2026 | € 24,40 |\n| 1433 | WFF S.r.l. Unipersonale | 1 settembre 2026 | 1 settembre 2026 | € 0,28 |\n| 1434 | VI.B.F. Fasteners S.r.l. a Socio Unico | 1 settembre 2026 | 1 settembre 2026 | € 26,84 |\n| 1435 | GIANOPLAST S.r.l. | 1 settembre 2026 | 1 settembre 2026 | € 209,84 |\n| 1437 | ITALIANA METALLI S.r.l. | 1 settembre 2026 | 1 settembre 2026 | € 4,88 |\n| 1436 | MICARD di AVALTRONI DOMENICO | 31 agosto 2026 | 1 settembre 2026 | € 146,40 |\n| 1439 | FRAUFA TECH S.r.l. | 1 settembre 2026 | 1 settembre 2026 | € 12,20 |\n| 1440 | UTENSIL MACCHINE Srl Unipersonale | 1 settembre 2026 | 1 settembre 2026 | € 14,64 |\n| 1431 | LEA TRADE S.r.l. | 1 settembre 2026 | 1 settembre 2026 | € 244,00 |\n| 1430 | FRAUFA TECH S.r.l. | 1 settembre 2026 | 1 settembre 2026 | € 341,60 |\n| 1429 | CARINI "DE.NA." S.r.l. | 31 agosto 2026 | 1 settembre 2026 | € 14,64 |\n| 1428 | VIBOLT S.r.l. UNIPERSONALE | 31 agosto 2026 | 1 settembre 2026 | € 23,92 |\n| 1426 | CARINI "DE.NA." S.r.l. | 31 agosto 2026 | 1 settembre 2026 | € 4,02 |'}

===== REQUEST SPLITTER NODE =====
INPUT: Mostrami il fatturato totale degli ultimi 4 mesi

===== REQUEST SPLITTER =====
INPUT: Mostrami il fatturato totale degli ultimi 4 mesi

===== SEMANTIC SCOPE =====
SCOPE: IN_SCOPE
CONFIDENCE: 0.99
CONTINUATION: False
INTENT FAMILY: consultazione del fatturato totale in un periodo temporale
CONCEPTS: ['fatturato', 'vendite', 'totale', 'ultimi 4 mesi', 'periodo temporale']
REASON: La richiesta riguarda il fatturato aziendale disponibile in Portant e chiede un totale riferito agli ultimi quattro mesi.

===== SCOPE DECISION =====
SCOPE: IN_SCOPE
IN SCOPE: True
CONTINUATION: False
CONCEPTS: ['fatturato', 'vendite', 'totale', 'ultimi 4 mesi', 'periodo temporale']
REQUEST COUNT: 1
REQUEST 1: Mostrami il fatturato totale degli ultimi 4 mesi

===== SCOPE DECISION =====
SCOPE: IN_SCOPE
IN SCOPE: True
CONFIDENCE: 0.99
CONTINUATION: False
INTENT FAMILY: consultazione del fatturato totale in un periodo temporale
CONCEPTS: ['fatturato', 'vendite', 'totale', 'ultimi 4 mesi', 'periodo temporale']
REQUEST COUNT: 1
REASON: La richiesta riguarda il fatturato aziendale disponibile in Portant e chiede un totale riferito agli ultimi quattro mesi.
EVIDENCE: ['fatturato totale', 'ultimi 4 mesi']
REQUEST 1: Mostrami il fatturato totale degli ultimi 4 mesi

===== GRAPH ROUTE SCOPE =====
SCOPE: IN_SCOPE

===== PLANNER SEMANTIC CONTEXT =====
CONCEPTS: []

===== PLANNER GLOBAL ATTEMPT STATE =====
ATTEMPTS ALREADY CONSUMED: 0
EXECUTION FEEDBACK: []

===== PLANNER PREVIOUS RETRY CONTEXT =====
RETRY HISTORY: []

===== PLANNER TEMPORAL CONTEXT =====
CURRENT DATETIME: 2026-09-18T15:42:46+02:00
CURRENT DATE: 2026-09-18
CURRENT TIME: 15:42:46
TIMEZONE: Europe/Rome
UTC OFFSET: +0200

===== CHIAMATA PORTANT (call_kw) =====
URL: http://10.100.12.145:91/web/dataset/call_kw/ir.model/search_read
MODELLO: ir.model
METHOD: search_read
ARGS: [[]]
KWARGS: {'fields': ['id', 'model', 'name', 'state'], 'limit': 0, 'order': 'model asc'}

===== RISPOSTA PORTANT (call_kw) =====
HTTP STATUS: 200

===== MODEL SEARCH INDEX =====
QUERY: Mostrami il fatturato totale degli ultimi 4 mesi
MODELS LOADED: 518
MATCHED MODELS: 1

===== SEMANTIC QUERY EXPANSION =====
INPUT: Mostrami il fatturato totale degli ultimi 4 mesi
QUERIES: ['revenue', 'revenues', 'turnover', 'sales revenue', 'sales', 'invoice', 'invoices', 'date', 'month', 'monthly']
CONCEPTS: [{'concept': 'revenue', 'queries': ['revenue', 'revenues', 'turnover', 'sales revenue', 'sales']}, {'concept': 'time period', 'queries': ['date', 'month', 'monthly']}]

===== MODEL SEARCH INDEX =====
QUERY: revenue
MODELS LOADED: 518
MATCHED MODELS: 0

===== MODEL SEARCH INDEX =====
QUERY: revenues
MODELS LOADED: 518
MATCHED MODELS: 0

===== MODEL SEARCH INDEX =====
QUERY: turnover
MODELS LOADED: 518
MATCHED MODELS: 0

===== MODEL SEARCH INDEX =====
QUERY: sales revenue
MODELS LOADED: 518
MATCHED MODELS: 9

===== MODEL SEARCH INDEX =====
QUERY: sales
MODELS LOADED: 518
MATCHED MODELS: 9

===== MODEL SEARCH INDEX =====
QUERY: invoice
MODELS LOADED: 518
MATCHED MODELS: 11

===== MODEL SEARCH INDEX =====
QUERY: invoices
MODELS LOADED: 518
MATCHED MODELS: 10

===== MODEL SEARCH INDEX =====
QUERY: date
MODELS LOADED: 518
MATCHED MODELS: 10

===== MODEL SEARCH INDEX =====
QUERY: month
MODELS LOADED: 518
MATCHED MODELS: 0

===== MODEL SEARCH INDEX =====
QUERY: monthly
MODELS LOADED: 518
MATCHED MODELS: 0

===== SEMANTIC MODEL CONTEXT =====
REQUEST SEMANTIC CONCEPTS: [{'concept': 'revenue', 'queries': ['revenue', 'revenues', 'turnover', 'sales revenue', 'sales']}, {'concept': 'time period', 'queries': ['date', 'month', 'monthly']}]
MODEL: report.all.channels.sales
SEMANTIC QUERIES: ['sales revenue', 'sales']
SEMANTIC CONCEPTS: [{'concept': 'revenue', 'queries': ['revenue', 'revenues', 'turnover', 'sales revenue', 'sales']}]
REQUEST CONCEPTS: [{'concept': 'revenue', 'queries': ['revenue', 'revenues', 'turnover', 'sales revenue', 'sales']}, {'concept': 'time period', 'queries': ['date', 'month', 'monthly']}]
MODEL: date.range
SEMANTIC QUERIES: ['date']
SEMANTIC CONCEPTS: [{'concept': 'time period', 'queries': ['date', 'month', 'monthly']}]
REQUEST CONCEPTS: [{'concept': 'revenue', 'queries': ['revenue', 'revenues', 'turnover', 'sales revenue', 'sales']}, {'concept': 'time period', 'queries': ['date', 'month', 'monthly']}]
MODEL: date.range.generator
SEMANTIC QUERIES: ['date']
SEMANTIC CONCEPTS: [{'concept': 'time period', 'queries': ['date', 'month', 'monthly']}]
REQUEST CONCEPTS: [{'concept': 'revenue', 'queries': ['revenue', 'revenues', 'turnover', 'sales revenue', 'sales']}, {'concept': 'time period', 'queries': ['date', 'month', 'monthly']}]
MODEL: date.range.type
SEMANTIC QUERIES: ['date']
SEMANTIC CONCEPTS: [{'concept': 'time period', 'queries': ['date', 'month', 'monthly']}]
REQUEST CONCEPTS: [{'concept': 'revenue', 'queries': ['revenue', 'revenues', 'turnover', 'sales revenue', 'sales']}, {'concept': 'time period', 'queries': ['date', 'month', 'monthly']}]
MODEL: ddt.create.invoice
SEMANTIC QUERIES: ['invoice', 'invoices']
SEMANTIC CONCEPTS: []
REQUEST CONCEPTS: [{'concept': 'revenue', 'queries': ['revenue', 'revenues', 'turnover', 'sales revenue', 'sales']}, {'concept': 'time period', 'queries': ['date', 'month', 'monthly']}]
MODEL: account.invoice
SEMANTIC QUERIES: ['invoice', 'invoices']
SEMANTIC CONCEPTS: []
REQUEST CONCEPTS: [{'concept': 'revenue', 'queries': ['revenue', 'revenues', 'turnover', 'sales revenue', 'sales']}, {'concept': 'time period', 'queries': ['date', 'month', 'monthly']}]
MODEL: account.invoice.line
SEMANTIC QUERIES: ['invoice', 'invoices']
SEMANTIC CONCEPTS: []
REQUEST CONCEPTS: [{'concept': 'revenue', 'queries': ['revenue', 'revenues', 'turnover', 'sales revenue', 'sales']}, {'concept': 'time period', 'queries': ['date', 'month', 'monthly']}]
MODEL: account.invoice.tax
SEMANTIC QUERIES: ['invoice', 'invoices']
SEMANTIC CONCEPTS: []
REQUEST CONCEPTS: [{'concept': 'revenue', 'queries': ['revenue', 'revenues', 'turnover', 'sales revenue', 'sales']}, {'concept': 'time period', 'queries': ['date', 'month', 'monthly']}]

===== SEMANTIC MODEL RESULTS =====
INPUT: Mostrami il fatturato totale degli ultimi 4 mesi
 - report.all.channels.sales | All sales orders grouped by sales channels | score: 24.0
 - date.range | Date Range | score: 24.0
 - date.range.generator | Date Range Generator | score: 24.0
 - date.range.type | Date Range Type | score: 24.0
 - ddt.create.invoice | ddt.create.invoice | score: 24.0
 - account.invoice | Invoice | score: 24.0
 - account.invoice.line | Invoice Line | score: 24.0
 - account.invoice.tax | Invoice Tax | score: 24.0

===== DYNAMIC MODEL DISCOVERY =====
QUERY: Mostrami il fatturato totale degli ultimi 4 mesi
REQUEST SEMANTIC CONCEPTS: []
CANDIDATES:
 - report.all.channels.sales | All sales orders grouped by sales channels | score: 24.0
   semantic concepts: [{'concept': 'revenue', 'queries': ['revenue', 'revenues', 'turnover', 'sales revenue', 'sales']}]
   request concepts: [{'concept': 'revenue', 'queries': ['revenue', 'revenues', 'turnover', 'sales revenue', 'sales']}, {'concept': 'time period', 'queries': ['date', 'month', 'monthly']}]
 - date.range | Date Range | score: 24.0
   semantic concepts: [{'concept': 'time period', 'queries': ['date', 'month', 'monthly']}]
   request concepts: [{'concept': 'revenue', 'queries': ['revenue', 'revenues', 'turnover', 'sales revenue', 'sales']}, {'concept': 'time period', 'queries': ['date', 'month', 'monthly']}]
 - date.range.generator | Date Range Generator | score: 24.0
   semantic concepts: [{'concept': 'time period', 'queries': ['date', 'month', 'monthly']}]
   request concepts: [{'concept': 'revenue', 'queries': ['revenue', 'revenues', 'turnover', 'sales revenue', 'sales']}, {'concept': 'time period', 'queries': ['date', 'month', 'monthly']}]
 - date.range.type | Date Range Type | score: 24.0
   semantic concepts: [{'concept': 'time period', 'queries': ['date', 'month', 'monthly']}]
   request concepts: [{'concept': 'revenue', 'queries': ['revenue', 'revenues', 'turnover', 'sales revenue', 'sales']}, {'concept': 'time period', 'queries': ['date', 'month', 'monthly']}]
 - ddt.create.invoice | ddt.create.invoice | score: 24.0
   semantic concepts: []
   request concepts: [{'concept': 'revenue', 'queries': ['revenue', 'revenues', 'turnover', 'sales revenue', 'sales']}, {'concept': 'time period', 'queries': ['date', 'month', 'monthly']}]
 - account.invoice | Invoice | score: 24.0
   semantic concepts: []
   request concepts: [{'concept': 'revenue', 'queries': ['revenue', 'revenues', 'turnover', 'sales revenue', 'sales']}, {'concept': 'time period', 'queries': ['date', 'month', 'monthly']}]
 - account.invoice.line | Invoice Line | score: 24.0
   semantic concepts: []
   request concepts: [{'concept': 'revenue', 'queries': ['revenue', 'revenues', 'turnover', 'sales revenue', 'sales']}, {'concept': 'time period', 'queries': ['date', 'month', 'monthly']}]
 - account.invoice.tax | Invoice Tax | score: 24.0
   semantic concepts: []
   request concepts: [{'concept': 'revenue', 'queries': ['revenue', 'revenues', 'turnover', 'sales revenue', 'sales']}, {'concept': 'time period', 'queries': ['date', 'month', 'monthly']}]

===== PLANNER ATTEMPT =====
ATTEMPT: 1 / 4

===== DYNAMIC MODEL CANDIDATES AVAILABLE =====
 - report.all.channels.sales | All sales orders grouped by sales channels | score: 24.0 | concepts: [{'concept': 'revenue', 'queries': ['revenue', 'revenues', 'turnover', 'sales revenue', 'sales']}] | request concepts: [{'concept': 'revenue', 'queries': ['revenue', 'revenues', 'turnover', 'sales revenue', 'sales']}, {'concept': 'time period', 'queries': ['date', 'month', 'monthly']}]
 - date.range | Date Range | score: 24.0 | concepts: [{'concept': 'time period', 'queries': ['date', 'month', 'monthly']}] | request concepts: [{'concept': 'revenue', 'queries': ['revenue', 'revenues', 'turnover', 'sales revenue', 'sales']}, {'concept': 'time period', 'queries': ['date', 'month', 'monthly']}]
 - date.range.generator | Date Range Generator | score: 24.0 | concepts: [{'concept': 'time period', 'queries': ['date', 'month', 'monthly']}] | request concepts: [{'concept': 'revenue', 'queries': ['revenue', 'revenues', 'turnover', 'sales revenue', 'sales']}, {'concept': 'time period', 'queries': ['date', 'month', 'monthly']}]
 - date.range.type | Date Range Type | score: 24.0 | concepts: [{'concept': 'time period', 'queries': ['date', 'month', 'monthly']}] | request concepts: [{'concept': 'revenue', 'queries': ['revenue', 'revenues', 'turnover', 'sales revenue', 'sales']}, {'concept': 'time period', 'queries': ['date', 'month', 'monthly']}]
 - ddt.create.invoice | ddt.create.invoice | score: 24.0 | concepts: [] | request concepts: [{'concept': 'revenue', 'queries': ['revenue', 'revenues', 'turnover', 'sales revenue', 'sales']}, {'concept': 'time period', 'queries': ['date', 'month', 'monthly']}]
 - account.invoice | Invoice | score: 24.0 | concepts: [] | request concepts: [{'concept': 'revenue', 'queries': ['revenue', 'revenues', 'turnover', 'sales revenue', 'sales']}, {'concept': 'time period', 'queries': ['date', 'month', 'monthly']}]
 - account.invoice.line | Invoice Line | score: 24.0 | concepts: [] | request concepts: [{'concept': 'revenue', 'queries': ['revenue', 'revenues', 'turnover', 'sales revenue', 'sales']}, {'concept': 'time period', 'queries': ['date', 'month', 'monthly']}]
 - account.invoice.tax | Invoice Tax | score: 24.0 | concepts: [] | request concepts: [{'concept': 'revenue', 'queries': ['revenue', 'revenues', 'turnover', 'sales revenue', 'sales']}, {'concept': 'time period', 'queries': ['date', 'month', 'monthly']}]

===== READ_GROUP OVERRIDE =====
REASON: user request contains temporal/filter intent but no explicit grouping intent
ORIGINAL METHOD: read_group

===== QUERY NORMALIZATION =====
CURRENT REQUEST: Mostrami il fatturato totale degli ultimi 4 mesi
AGGREGATION: {'is_aggregation': False, 'grouping_field': None, 'has_explicit_grouping': False, 'has_ranking': False, 'aggregation_hits': 0, 'detail_hits': 0}
TOTAL COUNT REQUEST: False
USE READ_GROUP: False
EXPLICIT MODEL: None
MODEL: account.invoice
METHOD: search_read
EXPLICIT LIMIT: 4
FINAL DOMAIN: [['date_invoice', '>=', '2026-05-18'], ['date_invoice', '<', '2026-09-19']]
FINAL PARAMS: {'domain': [['date_invoice', '>=', '2026-05-18'], ['date_invoice', '<', '2026-09-19']], 'limit': 4}

===== CHIAMATA PORTANT (call_kw) =====
URL: http://10.100.12.145:91/web/dataset/call_kw/account.invoice/fields_view_get
MODELLO: account.invoice
METHOD: fields_view_get
ARGS: []
KWARGS: {'view_type': 'tree', 'toolbar': False, 'submenu': False}

===== RISPOSTA PORTANT (call_kw) =====
HTTP STATUS: 200

===== ODOO TREE VIEW DISCOVERED =====
MODEL: account.invoice
VIEW ID: 897
VIEW STRING: Invoice
DEFAULT ORDER: 
VIEW FIELDS: ['partner_id', 'date_invoice', 'number', 'reference', 'commercial_partner_id', 'name', 'journal_id', 'company_id', 'date_due', 'origin', 'amount_total_signed', 'residual_signed', 'currency_id', 'company_currency_id', 'state', 'type']
VISIBLE FIELDS: ['partner_id', 'date_invoice', 'number', 'reference', 'date_due', 'origin', 'amount_total_signed', 'residual_signed', 'state', 'type']

===== PLANNER PROPOSAL ACCEPTED =====
ATTEMPT: 1

===== GRAPH ROUTE PLANNER =====
SINGLE PLAN FOUND
PLAN: {'agent': 'odoo', 'action': 'odoo_api_tool', 'domain': None, 'parameters': {'model': 'account.invoice', 'method': 'search_read', 'params': {'domain': [['date_invoice', '>=', '2026-05-18'], ['date_invoice', '<', '2026-09-19']], 'limit': 4}}}
ROUTE: odoo

===== MULTI ODOO PLAN FALLBACK =====
Nessun 'plans' disponibile.
Uso state['plan'] come singola query.

===== PLANNER EXECUTION ATTEMPT =====
CURRENT ATTEMPT: 1

===== MULTI Portant EXECUTION =====
TOTAL PLANS: 1

============================================
===== Portant QUERY 1 =====
REQUEST: Mostrami il fatturato totale degli ultimi 4 mesi
MODEL: account.invoice
METHOD: search_read
Portant DYNAMIC AGENT ESEGUITO

===== ODOO AGENT SEMANTIC CONTEXT =====
DYNAMIC MODEL CANDIDATES: 8
SEMANTIC CONCEPTS: [{'concept': 'revenue', 'queries': ['revenue', 'revenues', 'turnover', 'sales revenue', 'sales']}, {'concept': 'time period', 'queries': ['date', 'month', 'monthly']}]

===== Portant PLAN =====
{'agent': 'odoo', 'action': 'odoo_api_tool', 'domain': [['date_invoice', '>=', '2026-05-18'], ['date_invoice', '<', '2026-09-19']], 'parameters': {'model': 'account.invoice', 'method': 'search_read', 'params': {'domain': [['date_invoice', '>=', '2026-05-18'], ['date_invoice', '<', '2026-09-19']], 'limit': 4}}}

===== MODEL DISCOVERY =====
MODEL: account.invoice
MODEL FOUND IN STATIC CATALOG
STATIC CATALOG USED ONLY AS MODEL POLICY
LOADING REAL ODOO FIELD METADATA...

===== CHIAMATA PORTANT (call_kw) =====
URL: http://10.100.12.145:91/web/dataset/call_kw/account.invoice/fields_view_get
MODELLO: account.invoice
METHOD: fields_view_get
ARGS: []
KWARGS: {'view_type': 'tree', 'toolbar': False, 'submenu': False}

===== RISPOSTA PORTANT (call_kw) =====
HTTP STATUS: 200

===== ODOO TREE VIEW DISCOVERED =====
MODEL: account.invoice
VIEW ID: 897
VIEW STRING: Invoice
DEFAULT ORDER: 
VIEW FIELDS: ['partner_id', 'date_invoice', 'number', 'reference', 'commercial_partner_id', 'name', 'journal_id', 'company_id', 'date_due', 'origin', 'amount_total_signed', 'residual_signed', 'currency_id', 'company_currency_id', 'state', 'type']
VISIBLE FIELDS: ['partner_id', 'date_invoice', 'number', 'reference', 'date_due', 'origin', 'amount_total_signed', 'residual_signed', 'state', 'type']

===== ODOO FIELD METADATA LOADED =====
MODEL: account.invoice
FIELDS: 87

===== DYNAMIC RELATION FIELDS =====
 - account_id | Account | relation: account.account
 - activity_type_id | Next Activity Type | relation: mail.activity.type
 - activity_user_id | Responsible | relation: res.users
 - carriage_condition_id | Carriage Condition | relation: stock.picking.carriage_condition
 - carrier_id | Carrier | relation: res.partner
 - cash_rounding_id | Cash Rounding Method | relation: account.cash.rounding
 - commercial_partner_id | Commercial Entity | relation: res.partner
 - company_currency_id | Company Currency | relation: res.currency
 - company_id | Company | relation: res.company
 - create_uid | Created by | relation: res.users
 - currency_id | Currency | relation: res.currency
 - fiscal_position_id | Fiscal Position | relation: account.fiscal.position
 - goods_description_id | Description of Goods | relation: stock.picking.goods_description
 - incoterms_id | Incoterms | relation: stock.incoterms
 - journal_id | Journal | relation: account.journal
 - move_id | Journal Entry | relation: account.move
 - partner_bank_id | Bank Account | relation: res.partner.bank
 - partner_id | Partner | relation: res.partner
 - partner_shipping_id | Delivery Address | relation: res.partner
 - payment_term_id | Payment Terms | relation: account.payment.term
 - purchase_id | Add Purchase Order | relation: purchase.order
 - refund_invoice_id | Invoice for which this invoice is the credit note | relation: account.invoice
 - team_id | Sales Channel | relation: crm.team
 - transportation_method_id | Method of Transportation | relation: stock.picking.transportation_method
 - transportation_reason_id | Reason for Transportation | relation: stock.picking.transportation_reason
 - user_id | Salesperson | relation: res.users
 - write_uid | Last Updated by | relation: res.users

===== SEMANTIC FIELD REJECTED =====
SOURCE FIELD: revenue
REASON: no field contains sufficient direct metadata evidence

===== SEMANTIC FIELD REJECTED =====
SOURCE FIELD: revenues
REASON: no field contains sufficient direct metadata evidence

===== SEMANTIC FIELD REJECTED =====
SOURCE FIELD: turnover
REASON: no field contains sufficient direct metadata evidence

===== SEMANTIC FIELD REJECTED =====
SOURCE FIELD: sales revenue
REASON: no field contains sufficient direct metadata evidence

===== SEMANTIC FIELD ACCEPTED =====
SOURCE FIELD: sales
SELECTED FIELD: team_id
SELECTED TYPE: many2one
SELECTED RELATION: crm.team
SELECTED LABEL: Sales Channel
DIRECT SOURCE TOKENS: 1
SOURCE COVERAGE: 1.0
SCORE: 285.0

===== SEMANTIC FIELD SEARCH =====
SOURCE FIELD: date
EXACT TECHNICAL MATCH: date
MATCH TYPE: date
MATCH RELATION: None
MATCH LABEL: Accounting Date

===== SEMANTIC FIELD ACCEPTED =====
SOURCE FIELD: month
SELECTED FIELD: payment_term_id
SELECTED TYPE: many2one
SELECTED RELATION: account.payment.term
SELECTED LABEL: Payment Terms
DIRECT SOURCE TOKENS: 1
SOURCE COVERAGE: 1.0
SCORE: 235.0

===== SEMANTIC FIELD REJECTED =====
SOURCE FIELD: monthly
REASON: no field contains sufficient direct metadata evidence

===== DYNAMIC MODEL COMPATIBILITY PASSED =====
REQUIRED SEMANTIC CONCEPTS: [{'concept': 'revenue', 'queries': ['revenue', 'revenues', 'turnover', 'sales revenue', 'sales']}, {'concept': 'time period', 'queries': ['date', 'month', 'monthly']}]
REQUIRED FIELD HINTS: []
RESOLVED FIELDS: {'revenue': 'team_id', 'date': 'date', 'time period': 'date'}

===== DYNAMIC HUMAN FIELDS FROM ODOO TREE VIEW =====
TREE VIEW: 897
TREE VIEW STRING: Invoice
TREE VIEW FIELDS: ['partner_id', 'date_invoice', 'number', 'reference', 'date_due', 'origin', 'amount_total_signed', 'residual_signed', 'state', 'type']

===== ODOO TREE VIEW PRESENTATION PRIORITY =====
PRESENTATION SOURCE: ODOO TREE VIEW
FIELDS: ['partner_id', 'date_invoice', 'number', 'reference', 'date_due', 'origin', 'amount_total_signed', 'residual_signed', 'state', 'type']

===== FINAL GROUPBY =====
GROUPBY: []

===== ODOO PARAMETERS RESOLVED =====
FIELDS: ['partner_id', 'date_invoice', 'number', 'reference', 'date_due', 'origin', 'amount_total_signed', 'residual_signed', 'state', 'type']
GROUPBY: []
ORDERBY: None
ORDER: None
DOMAIN: [['date_invoice', '>=', '2026-05-18'], ['date_invoice', '<', '2026-09-19']]

===== VALIDATING Portant PARAMETERS =====

===== VALIDATED PARAMETERS =====
{'model': 'account.invoice', 'method': 'search_read', 'params': {'domain': [['date_invoice', '>=', '2026-05-18'], ['date_invoice', '<', '2026-09-19']], 'limit': 4, 'fields': ['partner_id', 'date_invoice', 'number', 'reference', 'date_due', 'origin', 'amount_total_signed', 'residual_signed', 'state', 'type'], 'groupby': []}}

===== FINAL ODOO PARAMETERS =====
MODEL: account.invoice
METHOD: search_read
FIELDS: ['partner_id', 'date_invoice', 'number', 'reference', 'date_due', 'origin', 'amount_total_signed', 'residual_signed', 'state', 'type']
GROUPBY: []
ORDERBY: None
DOMAIN: [['date_invoice', '>=', '2026-05-18'], ['date_invoice', '<', '2026-09-19']]

===== Portant REQUEST =====
URL: http://10.100.12.145:91/api/account.invoice/search_read
BODY: {'domain': [['date_invoice', '>=', '2026-05-18'], ['date_invoice', '<', '2026-09-19']], 'limit': 4, 'fields': ['partner_id', 'date_invoice', 'number', 'reference', 'date_due', 'origin', 'amount_total_signed', 'residual_signed', 'state', 'type'], 'groupby': []}

===== RICHIESTA PORTANT =====
URL: http://10.100.12.145:91/api/account.invoice/search_read
METHOD: POST
BODY: {'domain': [['date_invoice', '>=', '2026-05-18'], ['date_invoice', '<', '2026-09-19']], 'limit': 4, 'fields': ['partner_id', 'date_invoice', 'number', 'reference', 'date_due', 'origin', 'amount_total_signed', 'residual_signed', 'state', 'type'], 'groupby': []}

===== RISPOSTA PORTANT =====
HTTP STATUS: 200

===== Portant NORMALIZED RESULT =====
TYPE: records
COUNT: 0
TOTAL RECORDS: 0
RETURNED RECORDS: 0
LIMIT: 4
OFFSET: 0
PAGES: 0
HAS MORE: False

===== EXPERIENCE MEMORY =====
STATUS: SUCCESS
REQUEST: Mostrami il fatturato totale degli ultimi 4 mesi
MODEL: account.invoice
METHOD: search_read

===== MULTI Portant COMPLETE =====
RESULTS: 1
SUCCESS: 1
FAILED: 0

===== ODOO EXECUTION SUCCESS =====
PLANNER ATTEMPT: 1

===== GRAPH ROUTE ODOO =====
EXECUTION FAILED: False
ROUTE: response

===== RESPONSE AGENT =====

===== MULTI QUERY RESPONSE DATA =====
TOTAL REQUESTS: 1
SUCCESS: 1
FAILED: 0
RECORDS AVAILABLE FROM ODOO: 0
RECORDS SENT TO RESPONSE LLM: 0

===== RESPONSE RESULT =====
Non sono state trovate fatture negli ultimi 4 mesi, dal 18 maggio 2026 al 18 settembre 2026.

===== SALVATAGGIO MEMORIA PORTANT =====
USER ID: 1
DATABASE: DM-26CPT001_TEST_IMPORT_20260724
CONVERSATION ID: b42da9c8-1a48-4ef4-8511-c7115578567b
RECORD LINKS: []
CHART PAYLOAD: None
USER MESSAGE: Mostrami il fatturato totale degli ultimi 4 mesi
ASSISTANT MESSAGE: Non sono state trovate fatture negli ultimi 4 mesi, dal 18 maggio 2026 al 18 settembre 2026.
USER MESSAGE SAVED
ASSISTANT MESSAGE SAVED
MESSAGES CURRENTLY IN DB: 4
 - user : Mostrami le ultime 50 vendite di settembre
 - assistant : Ho trovato **34 vendite** di settembre:

| Vendita | Cliente | Data richiesta | Data impegno | Totale |
|---|---|---|---|---:|
| 1459 | MI.TO. di BALDONI R. & C. S.n.c. | 2 settembre 2026 | 3 settembre 2026 | € 73,20 |
| 1463 | COMPAC S.r.l. | 3 settembre 2026 | 3 settembre 2026 | € 97,60 |
| 1465 | VI.B.F. Fasteners S.r.l. a Socio Unico | 3 settembre 2026 | 3 settembre 2026 | € 18,30 |
| 1462 | COMPAC S.r.l. | 3 settembre 2026 | 3 settembre 2026 | € 12,20 |
| 1464 | BULLONERIE GALVIT S.r.l. | 3 settembre 2026 | 3 settembre 2026 | € 3,66 |
| 1461 | BULLVIT S.r.l. | 3 settembre 2026 | 3 settembre 2026 | € 1,22 |
| 1446 | C.M.S. SPA | 1 settembre 2026 | 2 settembre 2026 | € 12,20 |
| 1451 | WURTH S.R.L. | 31 agosto 2026 | 2 settembre 2026 | € 2,44 |
| 1447 | TORNERIA TRAVERSA S.r.l. Unipersonale | 2 settembre 2026 | 2 settembre 2026 | € 25,62 |
| 1448 | MARANO FRANCESCO | 2 settembre 2026 | 2 settembre 2026 | € 2,44 |
| 1450 | SILSUD S.r.l. | 2 settembre 2026 | 2 settembre 2026 | € 7,32 |
| 1449 | CARINI "DE.NA." S.r.l. | 2 settembre 2026 | 2 settembre 2026 | € 17,56 |
| 1456 | GFC TORNERIA DI BORIA A. & C Snc | 2 settembre 2026 | 2 settembre 2026 | € 48,80 |
| 1452 | PROGRESS RAIL SIGNALING S.p.a. | 2 settembre 2026 | 2 settembre 2026 | € 0,00 |
| 1453 | REGGIANA LAMIERE S.r.l. | 2 settembre 2026 | 2 settembre 2026 | € 34,16 |
| 1454 | PERSI FABRIZIO | 2 settembre 2026 | 2 settembre 2026 | € 4,88 |
| 1455 | WURTH S.R.L. | 2 settembre 2026 | 2 settembre 2026 | € 2,44 |
| 1457 | C.M.R. S.r.l. | 2 settembre 2026 | 2 settembre 2026 | € 488,00 |
| 1458 | M.P. CABLAGGI S.n.c. | 2 settembre 2026 | 2 settembre 2026 | € 124,44 |
| 1443 | STE.OS. S.n.c. di Veronese G. E Stella.O. | 1 settembre 2026 | 2 settembre 2026 | € 2,44 |
| 1444 | UNIMES S.r.l. | 1 settembre 2026 | 2 settembre 2026 | € 48,80 |
| 1445 | INTERACCIAI S.p.a. | 1 settembre 2026 | 2 settembre 2026 | € 24,40 |
| 1433 | WFF S.r.l. Unipersonale | 1 settembre 2026 | 1 settembre 2026 | € 0,28 |
| 1434 | VI.B.F. Fasteners S.r.l. a Socio Unico | 1 settembre 2026 | 1 settembre 2026 | € 26,84 |
| 1435 | GIANOPLAST S.r.l. | 1 settembre 2026 | 1 settembre 2026 | € 209,84 |
| 1437 | ITALIANA METALLI S.r.l. | 1 settembre 2026 | 1 settembre 2026 | € 4,88 |
| 1436 | MICARD di AVALTRONI DOMENICO | 31 agosto 2026 | 1 settembre 2026 | € 146,40 |
| 1439 | FRAUFA TECH S.r.l. | 1 settembre 2026 | 1 settembre 2026 | € 12,20 |
| 1440 | UTENSIL MACCHINE Srl Unipersonale | 1 settembre 2026 | 1 settembre 2026 | € 14,64 |
| 1431 | LEA TRADE S.r.l. | 1 settembre 2026 | 1 settembre 2026 | € 244,00 |
| 1430 | FRAUFA TECH S.r.l. | 1 settembre 2026 | 1 settembre 2026 | € 341,60 |
| 1429 | CARINI "DE.NA." S.r.l. | 31 agosto 2026 | 1 settembre 2026 | € 14,64 |
| 1428 | VIBOLT S.r.l. UNIPERSONALE | 31 agosto 2026 | 1 settembre 2026 | € 23,92 |
| 1426 | CARINI "DE.NA." S.r.l. | 31 agosto 2026 | 1 settembre 2026 | € 4,02 |
 - user : Mostrami il fatturato totale degli ultimi 4 mesi
 - assistant : Non sono state trovate fatture negli ultimi 4 mesi, dal 18 maggio 2026 al 18 settembre 2026.

===== GRAPH RESULT =====
MESSAGES: 1
CURRENT REQUEST: Mostrami il fatturato totale degli ultimi 4 mesi
SUB_REQUESTS: ['Mostrami il fatturato totale degli ultimi 4 mesi']
SCOPE ALLOWED: True

===== PLAN =====
MODEL: account.invoice
METHOD: search_read
DOMAIN: [['date_invoice', '>=', '2026-05-18'], ['date_invoice', '<', '2026-09-19']]
FIELDS: ['partner_id', 'date_invoice', 'number', 'reference', 'date_due', 'origin', 'amount_total_signed', 'residual_signed', 'state', 'type']
ORDER: None
LIMIT: 4

===== ODOO RESULTS SUMMARY =====
QUERIES: 1
--------------------------------------------
INDEX: 1
SUCCESS: True
MODEL: account.invoice
METHOD: search_read
DOMAIN: [['date_invoice', '>=', '2026-05-18'], ['date_invoice', '<', '2026-09-19']]
RESULT TYPE: records
TOTAL: 0
RETURNED: 0
LIMIT: 4
PAGES: 0
HAS MORE: False

===== RESPONSE =====
STATUS: GENERATED
LENGTH: 92
PREVIEW: Non sono state trovate fatture negli ultimi 4 mesi, dal 18 maggio 2026 al 18 settembre 2026.

===== CHART ANALYZER =====
SHOULD RENDER: False

===== CHAT REQUEST =====
MESSAGE: Dimmi quando abbiamo venduto negli ultimi 4 mesi e fammi un grafico, poi dimmi il mese più redditizio
CONVERSATION: <redacted>

===== ODOO SESSION =====
STATUS: ACTIVE

===== CARICAMENTO MEMORIA PORTANT =====
USER ID: 1
DATABASE: DM-26CPT001_TEST_IMPORT_20260724
CONVERSATION ID: b42da9c8-1a48-4ef4-8511-c7115578567b
MESSAGES LOADED: 4
FIRST MESSAGE: {'role': 'user', 'content': 'Mostrami le ultime 50 vendite di settembre'}
LAST MESSAGE: {'role': 'assistant', 'content': 'Non sono state trovate fatture negli ultimi 4 mesi, dal 18 maggio 2026 al 18 settembre 2026.'}

===== REQUEST SPLITTER NODE =====
INPUT: Dimmi quando abbiamo venduto negli ultimi 4 mesi e fammi un grafico, poi dimmi il mese più redditizio

===== REQUEST SPLITTER =====
INPUT: Dimmi quando abbiamo venduto negli ultimi 4 mesi e fammi un grafico, poi dimmi il mese più redditizio

===== SEMANTIC SCOPE =====
SCOPE: MIXED_SCOPE
CONFIDENCE: 0.99
CONTINUATION: True
INTENT FAMILY: analisi temporale delle vendite con visualizzazione e confronto di redditività
CONCEPTS: ['vendite', 'ultimi quattro mesi', 'grafico', 'confronto', 'mese più redditizio', 'analisi']
REASON: La richiesta riguarda le vendite di Portant negli ultimi quattro mesi, chiede una visualizzazione grafica e aggiunge un'analisi per individuare il mese più redditizio.

===== SCOPE DECISION =====
SCOPE: MIXED_SCOPE
IN SCOPE: True
CONTINUATION: True
CONCEPTS: ['vendite', 'ultimi quattro mesi', 'grafico', 'confronto', 'mese più redditizio', 'analisi']
REQUEST COUNT: 1
REQUEST 1: Dimmi quando abbiamo venduto negli ultimi 4 mesi e fammi un grafico, poi dimmi il mese più redditizio

===== SCOPE DECISION =====
SCOPE: MIXED_SCOPE
IN SCOPE: True
CONFIDENCE: 0.99
CONTINUATION: True
INTENT FAMILY: analisi temporale delle vendite con visualizzazione e confronto di redditività
CONCEPTS: ['vendite', 'ultimi quattro mesi', 'grafico', 'confronto', 'mese più redditizio', 'analisi']
REQUEST COUNT: 1
REASON: La richiesta riguarda le vendite di Portant negli ultimi quattro mesi, chiede una visualizzazione grafica e aggiunge un'analisi per individuare il mese più redditizio.
EVIDENCE: ['Dimmi quando abbiamo venduto negli ultimi 4 mesi', 'fammi un grafico', 'dimmi il mese più redditizio', 'Continua il contesto precedente sulle vendite e sul fatturato']
REQUEST 1: Dimmi quando abbiamo venduto negli ultimi 4 mesi e fammi un grafico, poi dimmi il mese più redditizio

===== GRAPH ROUTE SCOPE =====
SCOPE: MIXED_SCOPE

===== PLANNER SEMANTIC CONTEXT =====
CONCEPTS: []

===== PLANNER GLOBAL ATTEMPT STATE =====
ATTEMPTS ALREADY CONSUMED: 0
EXECUTION FEEDBACK: []

===== PLANNER PREVIOUS RETRY CONTEXT =====
RETRY HISTORY: []

===== PLANNER TEMPORAL CONTEXT =====
CURRENT DATETIME: 2026-09-18T15:43:50+02:00
CURRENT DATE: 2026-09-18
CURRENT TIME: 15:43:50
TIMEZONE: Europe/Rome
UTC OFFSET: +0200

===== CHIAMATA PORTANT (call_kw) =====
URL: http://10.100.12.145:91/web/dataset/call_kw/ir.model/search_read
MODELLO: ir.model
METHOD: search_read
ARGS: [[]]
KWARGS: {'fields': ['id', 'model', 'name', 'state'], 'limit': 0, 'order': 'model asc'}

===== RISPOSTA PORTANT (call_kw) =====
HTTP STATUS: 200

===== MODEL SEARCH INDEX =====
QUERY: Dimmi quando abbiamo venduto negli ultimi 4 mesi e fammi un grafico, poi dimmi il mese più redditizio
MODELS LOADED: 518
MATCHED MODELS: 4

===== SEMANTIC QUERY EXPANSION =====
INPUT: Dimmi quando abbiamo venduto negli ultimi 4 mesi e fammi un grafico, poi dimmi il mese più redditizio
QUERIES: ['sale', 'sales', 'sales order', 'revenue', 'profit', 'profitability', 'margin', 'date', 'month', 'monthly sales']
CONCEPTS: [{'concept': 'sales', 'queries': ['sale', 'sales', 'sales order', 'revenue']}, {'concept': 'profit', 'queries': ['profit', 'profitability', 'margin']}, {'concept': 'month', 'queries': ['date', 'month', 'monthly sales']}]

===== MODEL SEARCH INDEX =====
QUERY: sale
MODELS LOADED: 518
MATCHED MODELS: 9

===== MODEL SEARCH INDEX =====
QUERY: sales
MODELS LOADED: 518
MATCHED MODELS: 9

===== MODEL SEARCH INDEX =====
QUERY: sales order
MODELS LOADED: 518
MATCHED MODELS: 26

===== MODEL SEARCH INDEX =====
QUERY: revenue
MODELS LOADED: 518
MATCHED MODELS: 0

===== MODEL SEARCH INDEX =====
QUERY: profit
MODELS LOADED: 518
MATCHED MODELS: 0

===== MODEL SEARCH INDEX =====
QUERY: profitability
MODELS LOADED: 518
MATCHED MODELS: 0

===== MODEL SEARCH INDEX =====
QUERY: margin
MODELS LOADED: 518
MATCHED MODELS: 0

===== MODEL SEARCH INDEX =====
QUERY: date
MODELS LOADED: 518
MATCHED MODELS: 10

===== MODEL SEARCH INDEX =====
QUERY: month
MODELS LOADED: 518
MATCHED MODELS: 0

===== MODEL SEARCH INDEX =====
QUERY: monthly sales
MODELS LOADED: 518
MATCHED MODELS: 9

===== SEMANTIC MODEL CONTEXT =====
REQUEST SEMANTIC CONCEPTS: [{'concept': 'sales', 'queries': ['sale', 'sales', 'sales order', 'revenue']}, {'concept': 'profit', 'queries': ['profit', 'profitability', 'margin']}, {'concept': 'month', 'queries': ['date', 'month', 'monthly sales']}]
MODEL: report.all.channels.sales
SEMANTIC QUERIES: ['sale', 'sales', 'sales order', 'monthly sales']
SEMANTIC CONCEPTS: [{'concept': 'sales', 'queries': ['sale', 'sales', 'sales order', 'revenue']}, {'concept': 'month', 'queries': ['date', 'month', 'monthly sales']}]
REQUEST CONCEPTS: [{'concept': 'sales', 'queries': ['sale', 'sales', 'sales order', 'revenue']}, {'concept': 'profit', 'queries': ['profit', 'profitability', 'margin']}, {'concept': 'month', 'queries': ['date', 'month', 'monthly sales']}]
MODEL: date.range
SEMANTIC QUERIES: ['date']
SEMANTIC CONCEPTS: [{'concept': 'month', 'queries': ['date', 'month', 'monthly sales']}]
REQUEST CONCEPTS: [{'concept': 'sales', 'queries': ['sale', 'sales', 'sales order', 'revenue']}, {'concept': 'profit', 'queries': ['profit', 'profitability', 'margin']}, {'concept': 'month', 'queries': ['date', 'month', 'monthly sales']}]
MODEL: date.range.generator
SEMANTIC QUERIES: ['date']
SEMANTIC CONCEPTS: [{'concept': 'month', 'queries': ['date', 'month', 'monthly sales']}]
REQUEST CONCEPTS: [{'concept': 'sales', 'queries': ['sale', 'sales', 'sales order', 'revenue']}, {'concept': 'profit', 'queries': ['profit', 'profitability', 'margin']}, {'concept': 'month', 'queries': ['date', 'month', 'monthly sales']}]
MODEL: date.range.type
SEMANTIC QUERIES: ['date']
SEMANTIC CONCEPTS: [{'concept': 'month', 'queries': ['date', 'month', 'monthly sales']}]
REQUEST CONCEPTS: [{'concept': 'sales', 'queries': ['sale', 'sales', 'sales order', 'revenue']}, {'concept': 'profit', 'queries': ['profit', 'profitability', 'margin']}, {'concept': 'month', 'queries': ['date', 'month', 'monthly sales']}]
MODEL: ir.qweb.field.date
SEMANTIC QUERIES: ['date']
SEMANTIC CONCEPTS: [{'concept': 'month', 'queries': ['date', 'month', 'monthly sales']}]
REQUEST CONCEPTS: [{'concept': 'sales', 'queries': ['sale', 'sales', 'sales order', 'revenue']}, {'concept': 'profit', 'queries': ['profit', 'profitability', 'margin']}, {'concept': 'month', 'queries': ['date', 'month', 'monthly sales']}]
MODEL: ir.sequence.date_range
SEMANTIC QUERIES: ['date']
SEMANTIC CONCEPTS: [{'concept': 'month', 'queries': ['date', 'month', 'monthly sales']}]
REQUEST CONCEPTS: [{'concept': 'sales', 'queries': ['sale', 'sales', 'sales order', 'revenue']}, {'concept': 'profit', 'queries': ['profit', 'profitability', 'margin']}, {'concept': 'month', 'queries': ['date', 'month', 'monthly sales']}]
MODEL: report.sale.report_saleproforma
SEMANTIC QUERIES: ['sale', 'sales', 'monthly sales']
SEMANTIC CONCEPTS: [{'concept': 'sales', 'queries': ['sale', 'sales', 'sales order', 'revenue']}, {'concept': 'month', 'queries': ['date', 'month', 'monthly sales']}]
REQUEST CONCEPTS: [{'concept': 'sales', 'queries': ['sale', 'sales', 'sales order', 'revenue']}, {'concept': 'profit', 'queries': ['profit', 'profitability', 'margin']}, {'concept': 'month', 'queries': ['date', 'month', 'monthly sales']}]
MODEL: sale.layout_category
SEMANTIC QUERIES: ['sale', 'sales', 'monthly sales']
SEMANTIC CONCEPTS: [{'concept': 'sales', 'queries': ['sale', 'sales', 'sales order', 'revenue']}, {'concept': 'month', 'queries': ['date', 'month', 'monthly sales']}]
REQUEST CONCEPTS: [{'concept': 'sales', 'queries': ['sale', 'sales', 'sales order', 'revenue']}, {'concept': 'profit', 'queries': ['profit', 'profitability', 'margin']}, {'concept': 'month', 'queries': ['date', 'month', 'monthly sales']}]

===== SEMANTIC MODEL RESULTS =====
INPUT: Dimmi quando abbiamo venduto negli ultimi 4 mesi e fammi un grafico, poi dimmi il mese più redditizio
 - report.all.channels.sales | All sales orders grouped by sales channels | score: 24.0
 - date.range | Date Range | score: 24.0
 - date.range.generator | Date Range Generator | score: 24.0
 - date.range.type | Date Range Type | score: 24.0
 - ir.qweb.field.date | ir.qweb.field.date | score: 24.0
 - ir.sequence.date_range | ir.sequence.date_range | score: 24.0
 - report.sale.report_saleproforma | report.sale.report_saleproforma | score: 24.0
 - sale.layout_category | sale.layout_category | score: 24.0

===== DYNAMIC MODEL DISCOVERY =====
QUERY: Dimmi quando abbiamo venduto negli ultimi 4 mesi e fammi un grafico, poi dimmi il mese più redditizio
REQUEST SEMANTIC CONCEPTS: []
CANDIDATES:
 - report.all.channels.sales | All sales orders grouped by sales channels | score: 24.0
   semantic concepts: [{'concept': 'sales', 'queries': ['sale', 'sales', 'sales order', 'revenue']}, {'concept': 'month', 'queries': ['date', 'month', 'monthly sales']}]
   request concepts: [{'concept': 'sales', 'queries': ['sale', 'sales', 'sales order', 'revenue']}, {'concept': 'profit', 'queries': ['profit', 'profitability', 'margin']}, {'concept': 'month', 'queries': ['date', 'month', 'monthly sales']}]
 - date.range | Date Range | score: 24.0
   semantic concepts: [{'concept': 'month', 'queries': ['date', 'month', 'monthly sales']}]
   request concepts: [{'concept': 'sales', 'queries': ['sale', 'sales', 'sales order', 'revenue']}, {'concept': 'profit', 'queries': ['profit', 'profitability', 'margin']}, {'concept': 'month', 'queries': ['date', 'month', 'monthly sales']}]
 - date.range.generator | Date Range Generator | score: 24.0
   semantic concepts: [{'concept': 'month', 'queries': ['date', 'month', 'monthly sales']}]
   request concepts: [{'concept': 'sales', 'queries': ['sale', 'sales', 'sales order', 'revenue']}, {'concept': 'profit', 'queries': ['profit', 'profitability', 'margin']}, {'concept': 'month', 'queries': ['date', 'month', 'monthly sales']}]
 - date.range.type | Date Range Type | score: 24.0
   semantic concepts: [{'concept': 'month', 'queries': ['date', 'month', 'monthly sales']}]
   request concepts: [{'concept': 'sales', 'queries': ['sale', 'sales', 'sales order', 'revenue']}, {'concept': 'profit', 'queries': ['profit', 'profitability', 'margin']}, {'concept': 'month', 'queries': ['date', 'month', 'monthly sales']}]
 - ir.qweb.field.date | ir.qweb.field.date | score: 24.0
   semantic concepts: [{'concept': 'month', 'queries': ['date', 'month', 'monthly sales']}]
   request concepts: [{'concept': 'sales', 'queries': ['sale', 'sales', 'sales order', 'revenue']}, {'concept': 'profit', 'queries': ['profit', 'profitability', 'margin']}, {'concept': 'month', 'queries': ['date', 'month', 'monthly sales']}]
 - ir.sequence.date_range | ir.sequence.date_range | score: 24.0
   semantic concepts: [{'concept': 'month', 'queries': ['date', 'month', 'monthly sales']}]
   request concepts: [{'concept': 'sales', 'queries': ['sale', 'sales', 'sales order', 'revenue']}, {'concept': 'profit', 'queries': ['profit', 'profitability', 'margin']}, {'concept': 'month', 'queries': ['date', 'month', 'monthly sales']}]
 - report.sale.report_saleproforma | report.sale.report_saleproforma | score: 24.0
   semantic concepts: [{'concept': 'sales', 'queries': ['sale', 'sales', 'sales order', 'revenue']}, {'concept': 'month', 'queries': ['date', 'month', 'monthly sales']}]
   request concepts: [{'concept': 'sales', 'queries': ['sale', 'sales', 'sales order', 'revenue']}, {'concept': 'profit', 'queries': ['profit', 'profitability', 'margin']}, {'concept': 'month', 'queries': ['date', 'month', 'monthly sales']}]
 - sale.layout_category | sale.layout_category | score: 24.0
   semantic concepts: [{'concept': 'sales', 'queries': ['sale', 'sales', 'sales order', 'revenue']}, {'concept': 'month', 'queries': ['date', 'month', 'monthly sales']}]
   request concepts: [{'concept': 'sales', 'queries': ['sale', 'sales', 'sales order', 'revenue']}, {'concept': 'profit', 'queries': ['profit', 'profitability', 'margin']}, {'concept': 'month', 'queries': ['date', 'month', 'monthly sales']}]

===== PLANNER ATTEMPT =====
ATTEMPT: 1 / 4

===== DYNAMIC MODEL CANDIDATES AVAILABLE =====
 - report.all.channels.sales | All sales orders grouped by sales channels | score: 24.0 | concepts: [{'concept': 'sales', 'queries': ['sale', 'sales', 'sales order', 'revenue']}, {'concept': 'month', 'queries': ['date', 'month', 'monthly sales']}] | request concepts: [{'concept': 'sales', 'queries': ['sale', 'sales', 'sales order', 'revenue']}, {'concept': 'profit', 'queries': ['profit', 'profitability', 'margin']}, {'concept': 'month', 'queries': ['date', 'month', 'monthly sales']}]
 - date.range | Date Range | score: 24.0 | concepts: [{'concept': 'month', 'queries': ['date', 'month', 'monthly sales']}] | request concepts: [{'concept': 'sales', 'queries': ['sale', 'sales', 'sales order', 'revenue']}, {'concept': 'profit', 'queries': ['profit', 'profitability', 'margin']}, {'concept': 'month', 'queries': ['date', 'month', 'monthly sales']}]
 - date.range.generator | Date Range Generator | score: 24.0 | concepts: [{'concept': 'month', 'queries': ['date', 'month', 'monthly sales']}] | request concepts: [{'concept': 'sales', 'queries': ['sale', 'sales', 'sales order', 'revenue']}, {'concept': 'profit', 'queries': ['profit', 'profitability', 'margin']}, {'concept': 'month', 'queries': ['date', 'month', 'monthly sales']}]
 - date.range.type | Date Range Type | score: 24.0 | concepts: [{'concept': 'month', 'queries': ['date', 'month', 'monthly sales']}] | request concepts: [{'concept': 'sales', 'queries': ['sale', 'sales', 'sales order', 'revenue']}, {'concept': 'profit', 'queries': ['profit', 'profitability', 'margin']}, {'concept': 'month', 'queries': ['date', 'month', 'monthly sales']}]
 - ir.qweb.field.date | ir.qweb.field.date | score: 24.0 | concepts: [{'concept': 'month', 'queries': ['date', 'month', 'monthly sales']}] | request concepts: [{'concept': 'sales', 'queries': ['sale', 'sales', 'sales order', 'revenue']}, {'concept': 'profit', 'queries': ['profit', 'profitability', 'margin']}, {'concept': 'month', 'queries': ['date', 'month', 'monthly sales']}]
 - ir.sequence.date_range | ir.sequence.date_range | score: 24.0 | concepts: [{'concept': 'month', 'queries': ['date', 'month', 'monthly sales']}] | request concepts: [{'concept': 'sales', 'queries': ['sale', 'sales', 'sales order', 'revenue']}, {'concept': 'profit', 'queries': ['profit', 'profitability', 'margin']}, {'concept': 'month', 'queries': ['date', 'month', 'monthly sales']}]
 - report.sale.report_saleproforma | report.sale.report_saleproforma | score: 24.0 | concepts: [{'concept': 'sales', 'queries': ['sale', 'sales', 'sales order', 'revenue']}, {'concept': 'month', 'queries': ['date', 'month', 'monthly sales']}] | request concepts: [{'concept': 'sales', 'queries': ['sale', 'sales', 'sales order', 'revenue']}, {'concept': 'profit', 'queries': ['profit', 'profitability', 'margin']}, {'concept': 'month', 'queries': ['date', 'month', 'monthly sales']}]
 - sale.layout_category | sale.layout_category | score: 24.0 | concepts: [{'concept': 'sales', 'queries': ['sale', 'sales', 'sales order', 'revenue']}, {'concept': 'month', 'queries': ['date', 'month', 'monthly sales']}] | request concepts: [{'concept': 'sales', 'queries': ['sale', 'sales', 'sales order', 'revenue']}, {'concept': 'profit', 'queries': ['profit', 'profitability', 'margin']}, {'concept': 'month', 'queries': ['date', 'month', 'monthly sales']}]

===== QUERY NORMALIZATION =====
CURRENT REQUEST: Dimmi quando abbiamo venduto negli ultimi 4 mesi e fammi un grafico, poi dimmi il mese più redditizio
AGGREGATION: {'is_aggregation': True, 'grouping_field': None, 'has_explicit_grouping': False, 'has_ranking': True, 'aggregation_hits': 0, 'detail_hits': 0}
TOTAL COUNT REQUEST: False
USE READ_GROUP: True
EXPLICIT MODEL: None
MODEL: sale.order
METHOD: read_group
EXPLICIT LIMIT: 4
FINAL DOMAIN: [['date_order', '>=', '2026-05-18 15:43:50'], ['date_order', '<=', '2026-09-18 15:43:50']]
FINAL PARAMS: {'domain': [['date_order', '>=', '2026-05-18 15:43:50'], ['date_order', '<=', '2026-09-18 15:43:50']], 'fields': ['date_order:month', 'amount_total:sum', 'margin:sum', '__count'], 'groupby': ['date_order:month'], 'limit': 4, 'offset': 0, 'orderby': 'date_order:month asc', 'lazy': False}

===== CHIAMATA PORTANT (call_kw) =====
URL: http://10.100.12.145:91/web/dataset/call_kw/sale.order/fields_view_get
MODELLO: sale.order
METHOD: fields_view_get
ARGS: []
KWARGS: {'view_type': 'tree', 'toolbar': False, 'submenu': False}

===== RISPOSTA PORTANT (call_kw) =====
HTTP STATUS: 200

===== ODOO TREE VIEW DISCOVERED =====
MODEL: sale.order
VIEW ID: 1081
VIEW STRING: Sales Orders
DEFAULT ORDER: 
VIEW FIELDS: ['message_needaction', 'name', 'confirmation_date', 'requested_date', 'commitment_date', 'partner_id', 'user_id', 'amount_total', 'currency_id', 'invoice_status', 'planning_state', 'warning_icon', 'state']
VISIBLE FIELDS: ['name', 'confirmation_date', 'requested_date', 'commitment_date', 'partner_id', 'user_id', 'amount_total', 'planning_state', 'warning_icon']

===== PLANNER TECHNICAL FIELD VALIDATION FAILED =====
MODEL: sale.order
INVALID FIELDS: ['margin']

===== PLANNER PROPOSAL REJECTED =====
{
  "attempt": 1,
  "status": "REJECTED",
  "reason": "invalid_technical_fields",
  "proposal": {
    "model": "sale.order",
    "method": "read_group",
    "params": {
      "domain": [
        [
          "date_order",
          ">=",
          "2026-05-18 15:43:50"
        ],
        [
          "date_order",
          "<=",
          "2026-09-18 15:43:50"
        ]
      ],
      "fields": [
        "date_order:month",
        "amount_total:sum",
        "margin:sum",
        "__count"
      ],
      "groupby": [
        "date_order:month"
      ],
      "limit": 4,
      "offset": 0,
      "orderby": "date_order:month asc",
      "lazy": false
    }
  },
  "details": {
    "reason": "invalid_technical_fields",
    "model": "sale.order",
    "invalid_fields": [
      "margin"
    ],
    "validated_fields": [
      "__count",
      "amount_total:sum",
      "date_order",
      "date_order:month",
      "margin:sum"
    ],
    "available_fields_sample": [
      "__last_update",
      "access_token",
      "activity_date_deadline",
      "activity_ids",
      "activity_state",
      "activity_summary",
      "activity_type_id",
      "activity_user_id",
      "amount_tax",
      "amount_total",
      "amount_untaxed",
      "analytic_account_id",
      "bi_exported",
      "carriage_condition_id",
      "carrier_id",
      "client_order_ref",
      "commitment_date",
      "company_id",
      "confirmation_date",
      "create_date",
      "create_ddt",
      "create_uid",
      "currency_id",
      "date_order",
      "ddt_carrier_id",
      "ddt_ids",
      "ddt_invoicing_group",
      "delivery_count",
      "delivery_message",
      "delivery_price",
      "delivery_rating_success",
      "discount_amount_visible",
      "discount_perc_1_visible",
      "discount_perc_2_visible",
      "discount_perc_3_visible",
      "discount_perc_4_visible",
      "discount_perc_5_visible",
      "discount_perc_6_visible",
      "display_name",
      "edited",
      "effective_date",
      "exported",
      "fiscal_position_id",
      "gamma_agente_codice",
      "gamma_agente_cognome",
      "gamma_agente_nome",
      "gamma_agente_ragsoc",
      "gamma_cod_doc",
      "gamma_id",
      "gamma_num_doc",
      "gamma_numvsdoc",
      "gamma_sez_doc",
      "gamma_spediz_codice",
      "gamma_spediz_cognome",
      "gamma_spediz_nome",
      "gamma_spediz_ragsoc",
      "goods_description_id",
      "gross_weight",
      "id",
      "incoterm",
      "increase_amount_visible",
      "increase_perc_1_visible",
      "increase_perc_2_visible",
      "invoice_count",
      "invoice_ids",
      "invoice_shipping_on_delivery",
      "invoice_status",
      "is_expired",
      "message_channel_ids",
      "message_follower_ids",
      "message_ids",
      "message_is_follower",
      "message_last_post",
      "message_needaction",
      "message_needaction_counter",
      "message_partner_ids",
      "message_unread",
      "message_unread_counter",
      "name",
      "note"
    ]
  }
}

===== PLANNER ATTEMPT =====
ATTEMPT: 2 / 4

===== DYNAMIC MODEL CANDIDATES AVAILABLE =====
 - report.all.channels.sales | All sales orders grouped by sales channels | score: 24.0 | concepts: [{'concept': 'sales', 'queries': ['sale', 'sales', 'sales order', 'revenue']}, {'concept': 'month', 'queries': ['date', 'month', 'monthly sales']}] | request concepts: [{'concept': 'sales', 'queries': ['sale', 'sales', 'sales order', 'revenue']}, {'concept': 'profit', 'queries': ['profit', 'profitability', 'margin']}, {'concept': 'month', 'queries': ['date', 'month', 'monthly sales']}]
 - date.range | Date Range | score: 24.0 | concepts: [{'concept': 'month', 'queries': ['date', 'month', 'monthly sales']}] | request concepts: [{'concept': 'sales', 'queries': ['sale', 'sales', 'sales order', 'revenue']}, {'concept': 'profit', 'queries': ['profit', 'profitability', 'margin']}, {'concept': 'month', 'queries': ['date', 'month', 'monthly sales']}]
 - date.range.generator | Date Range Generator | score: 24.0 | concepts: [{'concept': 'month', 'queries': ['date', 'month', 'monthly sales']}] | request concepts: [{'concept': 'sales', 'queries': ['sale', 'sales', 'sales order', 'revenue']}, {'concept': 'profit', 'queries': ['profit', 'profitability', 'margin']}, {'concept': 'month', 'queries': ['date', 'month', 'monthly sales']}]
 - date.range.type | Date Range Type | score: 24.0 | concepts: [{'concept': 'month', 'queries': ['date', 'month', 'monthly sales']}] | request concepts: [{'concept': 'sales', 'queries': ['sale', 'sales', 'sales order', 'revenue']}, {'concept': 'profit', 'queries': ['profit', 'profitability', 'margin']}, {'concept': 'month', 'queries': ['date', 'month', 'monthly sales']}]
 - ir.qweb.field.date | ir.qweb.field.date | score: 24.0 | concepts: [{'concept': 'month', 'queries': ['date', 'month', 'monthly sales']}] | request concepts: [{'concept': 'sales', 'queries': ['sale', 'sales', 'sales order', 'revenue']}, {'concept': 'profit', 'queries': ['profit', 'profitability', 'margin']}, {'concept': 'month', 'queries': ['date', 'month', 'monthly sales']}]
 - ir.sequence.date_range | ir.sequence.date_range | score: 24.0 | concepts: [{'concept': 'month', 'queries': ['date', 'month', 'monthly sales']}] | request concepts: [{'concept': 'sales', 'queries': ['sale', 'sales', 'sales order', 'revenue']}, {'concept': 'profit', 'queries': ['profit', 'profitability', 'margin']}, {'concept': 'month', 'queries': ['date', 'month', 'monthly sales']}]
 - report.sale.report_saleproforma | report.sale.report_saleproforma | score: 24.0 | concepts: [{'concept': 'sales', 'queries': ['sale', 'sales', 'sales order', 'revenue']}, {'concept': 'month', 'queries': ['date', 'month', 'monthly sales']}] | request concepts: [{'concept': 'sales', 'queries': ['sale', 'sales', 'sales order', 'revenue']}, {'concept': 'profit', 'queries': ['profit', 'profitability', 'margin']}, {'concept': 'month', 'queries': ['date', 'month', 'monthly sales']}]
 - sale.layout_category | sale.layout_category | score: 24.0 | concepts: [{'concept': 'sales', 'queries': ['sale', 'sales', 'sales order', 'revenue']}, {'concept': 'month', 'queries': ['date', 'month', 'monthly sales']}] | request concepts: [{'concept': 'sales', 'queries': ['sale', 'sales', 'sales order', 'revenue']}, {'concept': 'profit', 'queries': ['profit', 'profitability', 'margin']}, {'concept': 'month', 'queries': ['date', 'month', 'monthly sales']}]

===== QUERY NORMALIZATION =====
CURRENT REQUEST: Dimmi quando abbiamo venduto negli ultimi 4 mesi e fammi un grafico, poi dimmi il mese più redditizio
AGGREGATION: {'is_aggregation': True, 'grouping_field': None, 'has_explicit_grouping': False, 'has_ranking': True, 'aggregation_hits': 0, 'detail_hits': 0}
TOTAL COUNT REQUEST: False
USE READ_GROUP: True
EXPLICIT MODEL: None
MODEL: sale.order
METHOD: read_group
EXPLICIT LIMIT: 4
FINAL DOMAIN: [['date_order', '>=', '2026-05-18 15:43:50'], ['date_order', '<', '2026-09-18 15:43:51']]
FINAL PARAMS: {'domain': [['date_order', '>=', '2026-05-18 15:43:50'], ['date_order', '<', '2026-09-18 15:43:51']], 'fields': ['date_order:month', 'amount_total:sum', '__count'], 'groupby': ['date_order:month'], 'limit': 4, 'offset': 0, 'orderby': 'date_order:month asc', 'lazy': False}

===== CHIAMATA PORTANT (call_kw) =====
URL: http://10.100.12.145:91/web/dataset/call_kw/sale.order/fields_view_get
MODELLO: sale.order
METHOD: fields_view_get
ARGS: []
KWARGS: {'view_type': 'tree', 'toolbar': False, 'submenu': False}

===== RISPOSTA PORTANT (call_kw) =====
HTTP STATUS: 200

===== ODOO TREE VIEW DISCOVERED =====
MODEL: sale.order
VIEW ID: 1081
VIEW STRING: Sales Orders
DEFAULT ORDER: 
VIEW FIELDS: ['message_needaction', 'name', 'confirmation_date', 'requested_date', 'commitment_date', 'partner_id', 'user_id', 'amount_total', 'currency_id', 'invoice_status', 'planning_state', 'warning_icon', 'state']
VISIBLE FIELDS: ['name', 'confirmation_date', 'requested_date', 'commitment_date', 'partner_id', 'user_id', 'amount_total', 'planning_state', 'warning_icon']

===== PLANNER PROPOSAL ACCEPTED =====
ATTEMPT: 2

===== GRAPH ROUTE PLANNER =====
RETRY CONTEXT PRESENT
NEW SINGLE PLAN HAS PRIORITY
ROUTE: odoo

===== MULTI ODOO PLAN FALLBACK =====
Nessun 'plans' disponibile.
Uso state['plan'] come singola query.

===== PLANNER EXECUTION ATTEMPT =====
CURRENT ATTEMPT: 2

===== MULTI Portant EXECUTION =====
TOTAL PLANS: 1

============================================
===== Portant QUERY 1 =====
REQUEST: Dimmi quando abbiamo venduto negli ultimi 4 mesi e fammi un grafico, poi dimmi il mese più redditizio
MODEL: sale.order
METHOD: read_group
Portant DYNAMIC AGENT ESEGUITO

===== ODOO AGENT SEMANTIC CONTEXT =====
DYNAMIC MODEL CANDIDATES: 8
SEMANTIC CONCEPTS: [{'concept': 'sales', 'queries': ['sale', 'sales', 'sales order', 'revenue']}, {'concept': 'profit', 'queries': ['profit', 'profitability', 'margin']}, {'concept': 'month', 'queries': ['date', 'month', 'monthly sales']}]

===== Portant PLAN =====
{'agent': 'odoo', 'action': 'odoo_api_tool', 'domain': [['date_order', '>=', '2026-05-18 15:43:50'], ['date_order', '<', '2026-09-18 15:43:51']], 'parameters': {'model': 'sale.order', 'method': 'read_group', 'params': {'domain': [['date_order', '>=', '2026-05-18 15:43:50'], ['date_order', '<', '2026-09-18 15:43:51']], 'fields': ['date_order:month', 'amount_total:sum', '__count'], 'groupby': ['date_order:month'], 'limit': 4, 'offset': 0, 'orderby': 'date_order:month asc', 'lazy': False}}}

===== MODEL DISCOVERY =====
MODEL: sale.order
MODEL FOUND IN STATIC CATALOG
STATIC CATALOG USED ONLY AS MODEL POLICY
LOADING REAL ODOO FIELD METADATA...

===== CHIAMATA PORTANT (call_kw) =====
URL: http://10.100.12.145:91/web/dataset/call_kw/sale.order/fields_view_get
MODELLO: sale.order
METHOD: fields_view_get
ARGS: []
KWARGS: {'view_type': 'tree', 'toolbar': False, 'submenu': False}

===== RISPOSTA PORTANT (call_kw) =====
HTTP STATUS: 200

===== ODOO TREE VIEW DISCOVERED =====
MODEL: sale.order
VIEW ID: 1081
VIEW STRING: Sales Orders
DEFAULT ORDER: 
VIEW FIELDS: ['message_needaction', 'name', 'confirmation_date', 'requested_date', 'commitment_date', 'partner_id', 'user_id', 'amount_total', 'currency_id', 'invoice_status', 'planning_state', 'warning_icon', 'state']
VISIBLE FIELDS: ['name', 'confirmation_date', 'requested_date', 'commitment_date', 'partner_id', 'user_id', 'amount_total', 'planning_state', 'warning_icon']

===== ODOO FIELD METADATA LOADED =====
MODEL: sale.order
FIELDS: 109

===== DYNAMIC RELATION FIELDS =====
 - activity_type_id | Next Activity Type | relation: mail.activity.type
 - activity_user_id | Responsible | relation: res.users
 - analytic_account_id | Analytic Account | relation: account.analytic.account
 - carriage_condition_id | Carriage Condition | relation: stock.picking.carriage_condition
 - carrier_id | Delivery Method | relation: delivery.carrier
 - company_id | Company | relation: res.company
 - create_uid | Created by | relation: res.users
 - currency_id | Currency | relation: res.currency
 - ddt_carrier_id | Carrier | relation: res.partner
 - fiscal_position_id | Fiscal Position | relation: account.fiscal.position
 - goods_description_id | Description of Goods | relation: stock.picking.goods_description
 - incoterm | Incoterms | relation: stock.incoterms
 - partner_id | Customer | relation: res.partner
 - partner_invoice_id | Invoice Address | relation: res.partner
 - partner_shipping_id | Delivery Address | relation: res.partner
 - payment_term_id | Payment Terms | relation: account.payment.term
 - pricelist_id | Pricelist | relation: product.pricelist
 - procurement_group_id | Procurement Group | relation: procurement.group
 - product_id | Product | relation: product.product
 - team_id | Sales Channel | relation: crm.team
 - transportation_method_id | Method of Transportation | relation: stock.picking.transportation_method
 - transportation_reason_id | Reason for Transportation | relation: stock.picking.transportation_reason
 - user_id | Salesperson | relation: res.users
 - warehouse_id | Warehouse | relation: stock.warehouse
 - write_uid | Last Updated by | relation: res.users

===== SEMANTIC FIELD REJECTED =====
SOURCE FIELD: sale
REASON: no field contains sufficient direct metadata evidence

===== SEMANTIC FIELD ACCEPTED =====
SOURCE FIELD: sales
SELECTED FIELD: team_id
SELECTED TYPE: many2one
SELECTED RELATION: crm.team
SELECTED LABEL: Sales Channel
DIRECT SOURCE TOKENS: 1
SOURCE COVERAGE: 1.0
SCORE: 285.0

===== SEMANTIC FIELD REJECTED =====
SOURCE FIELD: sales order
BEST CANDIDATE: analytic_account_id
BEST SCORE: 310.0
SECOND SCORE: 310.0
MARGIN: 0.0
REASON: ambiguous metadata-backed semantic resolution

===== SEMANTIC FIELD REJECTED =====
SOURCE FIELD: revenue
REASON: no field contains sufficient direct metadata evidence

===== SEMANTIC FIELD ACCEPTED =====
SOURCE FIELD: sales
SELECTED FIELD: team_id
SELECTED TYPE: many2one
SELECTED RELATION: crm.team
SELECTED LABEL: Sales Channel
DIRECT SOURCE TOKENS: 1
SOURCE COVERAGE: 1.0
SCORE: 285.0

===== SEMANTIC FIELD REJECTED =====
SOURCE FIELD: profit
REASON: no field contains sufficient direct metadata evidence

===== SEMANTIC FIELD REJECTED =====
SOURCE FIELD: profitability
REASON: no field contains sufficient direct metadata evidence

===== SEMANTIC FIELD REJECTED =====
SOURCE FIELD: margin
REASON: no field contains sufficient direct metadata evidence

===== SEMANTIC FIELD REJECTED =====
SOURCE FIELD: profit
REASON: no field contains sufficient direct metadata evidence

===== SEMANTIC FIELD REJECTED =====
SOURCE FIELD: date
BEST CANDIDATE: commitment_date
BEST SCORE: 435.0
SECOND SCORE: 435.0
MARGIN: 0.0
REASON: ambiguous metadata-backed semantic resolution

===== SEMANTIC FIELD REJECTED =====
SOURCE FIELD: month
REASON: no field contains sufficient direct metadata evidence

===== SEMANTIC FIELD REJECTED =====
SOURCE FIELD: monthly sales
REASON: no field contains sufficient direct metadata evidence

===== SEMANTIC FIELD REJECTED =====
SOURCE FIELD: month
REASON: no field contains sufficient direct metadata evidence

===== GROUPBY SEMANTIC CHECK FAILED =====
GROUPBY: date_order:month
REASON: technical field exists but is not supported by semantic request evidence

===== DYNAMIC MODEL COMPATIBILITY FAILED =====
REASON: groupby is not compatible with real Odoo metadata

===== CURRENT MODEL REJECTED =====
MODEL: sale.order
REASON: required query fields/concepts are not compatible

============================================
===== DYNAMIC MODEL FALLBACK =====
CURRENT MODEL: sale.order
REQUIRED FIELD HINTS: ['date_order', 'amount_total']
REQUIRED SEMANTIC CONCEPTS: [{'concept': 'sales', 'queries': ['sale', 'sales', 'sales order', 'revenue']}, {'concept': 'profit', 'queries': ['profit', 'profitability', 'margin']}, {'concept': 'month', 'queries': ['date', 'month', 'monthly sales']}]

===== CHIAMATA PORTANT (call_kw) =====
URL: http://10.100.12.145:91/web/dataset/call_kw/ir.model/search_read
MODELLO: ir.model
METHOD: search_read
ARGS: [[['model', '!=', 'sale.order']]]
KWARGS: {'fields': ['id', 'model', 'name', 'state'], 'limit': 0, 'order': 'model asc'}

===== RISPOSTA PORTANT (call_kw) =====
HTTP STATUS: 200

===== DYNAMIC MODEL CANDIDATE VERIFICATION =====
TOTAL MODEL CANDIDATES: 50
VERIFYING BOUNDED TOP CANDIDATES AGAINST ir.model.fields

===== DYNAMIC MODEL CANDIDATES =====
 - date.range | Date Range | score: 160.0
 - date.range.generator | Date Range Generator | score: 160.0
 - date.range.type | Date Range Type | score: 160.0
 - ir.qweb.field.date | ir.qweb.field.date | score: 160.0
 - ir.sequence.date_range | ir.sequence.date_range | score: 160.0
 - report.all.channels.sales | All sales orders grouped by sales channels | score: 160.0
 - report.sale.report_saleproforma | report.sale.report_saleproforma | score: 160.0
 - sale.layout_category | sale.layout_category | score: 160.0
 - sale.order.line | Sales Order Line | score: 10.0
 - stock.move.generate.package | Creazione colli e modifica quantità prodotti | score: 10.0
 - stock.quant.package.change.qty | Creazione colli e modifica quantità prodotti | score: 10.0
 - mrp.planned.order | Ordine Pianificato | score: 6.0
 - mrp.unbuild | Unbuild Order | score: 6.0
 - mrp.workorder | Work Order | score: 6.0
 - purchase.order | Purchase Order | score: 6.0
 - sale.advance.payment.inv | Sales Advance Payment Invoice | score: 6.0
 - purchase.order.line | Purchase Order Line | score: 4.0
 - _unknown | _unknown | score: 0.0
 - account.abstract.payment | Contains the logic shared between models which allows to register payments | score: 0.0
 - account.account | Account | score: 0.0
 - account.account.tag | Account Tag | score: 0.0
 - account.account.template | Templates for Accounts | score: 0.0
 - account.account.type | Account Type | score: 0.0
 - account.aged.trial.balance | Account Aged Trial balance Report | score: 0.0
 - account.analytic.account | Analytic Account | score: 0.0
 - account.analytic.tag | Analytic Tags | score: 0.0
 - account.bank.statement | Bank Statement | score: 0.0
 - account.bank.statement.cashbox | Account Bank Statement Cashbox Details | score: 0.0
 - account.bank.statement.closebalance | Account Bank Statement closing balance | score: 0.0
 - account.bank.statement.import | Import Bank Statement | score: 0.0

===== CHIAMATA PORTANT (call_kw) =====
URL: http://10.100.12.145:91/web/dataset/call_kw/ir.model.fields/search_read
MODELLO: ir.model.fields
METHOD: search_read
ARGS: [[['model', 'in', ['date.range', 'date.range.generator', 'date.range.type', 'ir.qweb.field.date', 'ir.sequence.date_range', 'report.all.channels.sales', 'report.sale.report_saleproforma', 'sale.layout_category', 'sale.order.line', 'stock.move.generate.package', 'stock.quant.package.change.qty', 'mrp.planned.order', 'mrp.unbuild', 'mrp.workorder', 'purchase.order', 'sale.advance.payment.inv', 'purchase.order.line', '_unknown', 'account.abstract.payment', 'account.account', 'account.account.tag', 'account.account.template', 'account.account.type', 'account.aged.trial.balance', 'account.analytic.account', 'account.analytic.tag', 'account.bank.statement', 'account.bank.statement.cashbox', 'account.bank.statement.closebalance', 'account.bank.statement.import', 'account.bank.statement.import.journal.creation', 'account.cash.rounding', 'account.chart.template', 'account.financial.year.op', 'account.fiscal.position', 'account.fiscal.position.account', 'account.fiscal.position.account.template', 'account.fiscal.position.tax', 'account.fiscal.position.tax.template', 'account.fiscal.position.template', 'account.full.reconcile', 'account.group', 'account.invoice', 'account.invoice.confirm', 'account.invoice.refund', 'account.invoice.tax', 'account.journal', 'account.move', 'account.move.reversal', 'account.opening']]]]
KWARGS: {'fields': ['id', 'name', 'field_description', 'help', 'ttype', 'relation', 'required', 'readonly', 'store', 'index', 'model'], 'limit': 0, 'order': 'model asc, name asc'}

===== RISPOSTA PORTANT (call_kw) =====
HTTP STATUS: 200

----- CHECKING MODEL -----
MODEL: date.range
MODEL SCORE: 160.0
FIELD COUNT: 17

===== SEMANTIC FIELD REJECTED =====
SOURCE FIELD: date_order
REASON: no field contains sufficient direct metadata evidence

===== SEMANTIC FIELD REJECTED =====
SOURCE FIELD: sale
REASON: no field contains sufficient direct metadata evidence

===== SEMANTIC FIELD REJECTED =====
SOURCE FIELD: sales
REASON: no field contains sufficient direct metadata evidence

===== SEMANTIC FIELD REJECTED =====
SOURCE FIELD: sales order
REASON: no field contains sufficient direct metadata evidence

===== SEMANTIC FIELD REJECTED =====
SOURCE FIELD: revenue
REASON: no field contains sufficient direct metadata evidence

===== SEMANTIC FIELD REJECTED =====
SOURCE FIELD: sales
REASON: no field contains sufficient direct metadata evidence

===== SEMANTIC FIELD REJECTED =====
SOURCE FIELD: profit
REASON: no field contains sufficient direct metadata evidence

===== SEMANTIC FIELD REJECTED =====
SOURCE FIELD: profitability
REASON: no field contains sufficient direct metadata evidence

===== SEMANTIC FIELD REJECTED =====
SOURCE FIELD: margin
REASON: no field contains sufficient direct metadata evidence

===== SEMANTIC FIELD REJECTED =====
SOURCE FIELD: profit
REASON: no field contains sufficient direct metadata evidence

===== SEMANTIC FIELD REJECTED =====
SOURCE FIELD: date
REASON: source expression contains no informative semantic tokens

===== SEMANTIC FIELD REJECTED =====
SOURCE FIELD: month
REASON: no field contains sufficient direct metadata evidence

===== SEMANTIC FIELD REJECTED =====
SOURCE FIELD: monthly sales
REASON: no field contains sufficient direct metadata evidence

===== SEMANTIC FIELD REJECTED =====
SOURCE FIELD: month
REASON: no field contains sufficient direct metadata evidence

===== GROUPBY SEMANTIC CHECK FAILED =====
GROUPBY: date_order:month
REASON: technical hint does not exist and no metadata-backed semantic replacement was found

===== DYNAMIC MODEL COMPATIBILITY FAILED =====
REASON: groupby is not compatible with real Odoo metadata

===== DYNAMIC MODEL REJECTED =====
MODEL: date.range
MODEL SCORE: 160.0
REASON: required fields/concepts not fully compatible

----- CHECKING MODEL -----
MODEL: date.range.generator
MODEL SCORE: 160.0
FIELD COUNT: 15

===== SEMANTIC FIELD REJECTED =====
SOURCE FIELD: date_order
REASON: no field contains sufficient direct metadata evidence

===== SEMANTIC FIELD REJECTED =====
SOURCE FIELD: sale
REASON: no field contains sufficient direct metadata evidence

===== SEMANTIC FIELD REJECTED =====
SOURCE FIELD: sales
REASON: no field contains sufficient direct metadata evidence

===== SEMANTIC FIELD REJECTED =====
SOURCE FIELD: sales order
REASON: no field contains sufficient direct metadata evidence

===== SEMANTIC FIELD REJECTED =====
SOURCE FIELD: revenue
REASON: no field contains sufficient direct metadata evidence

===== SEMANTIC FIELD REJECTED =====
SOURCE FIELD: sales
REASON: no field contains sufficient direct metadata evidence

===== SEMANTIC FIELD REJECTED =====
SOURCE FIELD: profit
REASON: no field contains sufficient direct metadata evidence

===== SEMANTIC FIELD REJECTED =====
SOURCE FIELD: profitability
REASON: no field contains sufficient direct metadata evidence

===== SEMANTIC FIELD REJECTED =====
SOURCE FIELD: margin
REASON: no field contains sufficient direct metadata evidence

===== SEMANTIC FIELD REJECTED =====
SOURCE FIELD: profit
REASON: no field contains sufficient direct metadata evidence

===== SEMANTIC FIELD ACCEPTED =====
SOURCE FIELD: date
SELECTED FIELD: date_start
SELECTED TYPE: date
SELECTED RELATION: False
SELECTED LABEL: Date Start
DIRECT SOURCE TOKENS: 1
SOURCE COVERAGE: 1.0
SCORE: 345.0

===== SEMANTIC FIELD REJECTED =====
SOURCE FIELD: month
REASON: no field contains sufficient direct metadata evidence

===== SEMANTIC FIELD REJECTED =====
SOURCE FIELD: monthly sales
REASON: no field contains sufficient direct metadata evidence

===== SEMANTIC FIELD REJECTED =====
SOURCE FIELD: month
REASON: no field contains sufficient direct metadata evidence

===== GROUPBY SEMANTIC CHECK PASSED =====
GROUPBY: date_order:month
INVALID TECHNICAL HINT: date_order
RESOLVED FIELD: date_start
CONCEPT: month
RESOLUTION SCORE: 105.0

===== SEMANTIC FIELD REJECTED =====
SOURCE FIELD: sale
REASON: no field contains sufficient direct metadata evidence

===== SEMANTIC FIELD REJECTED =====
SOURCE FIELD: sales
REASON: no field contains sufficient direct metadata evidence

===== SEMANTIC FIELD REJECTED =====
SOURCE FIELD: sales order
REASON: no field contains sufficient direct metadata evidence

===== SEMANTIC FIELD REJECTED =====
SOURCE FIELD: revenue
REASON: no field contains sufficient direct metadata evidence

===== SEMANTIC CONCEPT KEPT AS CONTEXT =====
CONCEPT: sales
REASON: no sufficient metadata-backed field evidence; treated as entity/context concept

===== SEMANTIC FIELD REJECTED =====
SOURCE FIELD: profit
REASON: no field contains sufficient direct metadata evidence

===== SEMANTIC FIELD REJECTED =====
SOURCE FIELD: profitability
REASON: no field contains sufficient direct metadata evidence

===== SEMANTIC FIELD REJECTED =====
SOURCE FIELD: margin
REASON: no field contains sufficient direct metadata evidence

===== SEMANTIC CONCEPT KEPT AS CONTEXT =====
CONCEPT: profit
REASON: no sufficient metadata-backed field evidence; treated as entity/context concept

===== SEMANTIC FIELD ACCEPTED =====
SOURCE FIELD: date
SELECTED FIELD: date_start
SELECTED TYPE: date
SELECTED RELATION: False
SELECTED LABEL: Date Start
DIRECT SOURCE TOKENS: 1
SOURCE COVERAGE: 1.0
SCORE: 345.0

===== SEMANTIC FIELD REJECTED =====
SOURCE FIELD: month
REASON: no field contains sufficient direct metadata evidence

===== SEMANTIC FIELD REJECTED =====
SOURCE FIELD: monthly sales
REASON: no field contains sufficient direct metadata evidence

===== SEMANTIC FIELD REJECTED =====
SOURCE FIELD: date_order
REASON: no field contains sufficient direct metadata evidence

===== DYNAMIC TECHNICAL HINT UNRESOLVED =====
FIELD: date_order
REASON: planner technical hint could not be resolved against real metadata

===== DYNAMIC MODEL REJECTED =====
MODEL: date.range.generator
MODEL SCORE: 160.0
REASON: required fields/concepts not fully compatible

----- CHECKING MODEL -----
MODEL: date.range.type
MODEL SCORE: 160.0
FIELD COUNT: 13

===== SEMANTIC FIELD REJECTED =====
SOURCE FIELD: date_order
REASON: no field contains sufficient direct metadata evidence

===== SEMANTIC FIELD REJECTED =====
SOURCE FIELD: sale
REASON: no field contains sufficient direct metadata evidence

===== SEMANTIC FIELD REJECTED =====
SOURCE FIELD: sales
REASON: no field contains sufficient direct metadata evidence

===== SEMANTIC FIELD REJECTED =====
SOURCE FIELD: sales order
REASON: no field contains sufficient direct metadata evidence

===== SEMANTIC FIELD REJECTED =====
SOURCE FIELD: revenue
REASON: no field contains sufficient direct metadata evidence

===== SEMANTIC FIELD REJECTED =====
SOURCE FIELD: sales
REASON: no field contains sufficient direct metadata evidence

===== SEMANTIC FIELD REJECTED =====
SOURCE FIELD: profit
REASON: no field contains sufficient direct metadata evidence

===== SEMANTIC FIELD REJECTED =====
SOURCE FIELD: profitability
REASON: no field contains sufficient direct metadata evidence

===== SEMANTIC FIELD REJECTED =====
SOURCE FIELD: margin
REASON: no field contains sufficient direct metadata evidence

===== SEMANTIC FIELD REJECTED =====
SOURCE FIELD: profit
REASON: no field contains sufficient direct metadata evidence

===== SEMANTIC FIELD REJECTED =====
SOURCE FIELD: date
REASON: source expression contains no informative semantic tokens

===== SEMANTIC FIELD REJECTED =====
SOURCE FIELD: month
REASON: no field contains sufficient direct metadata evidence

===== SEMANTIC FIELD REJECTED =====
SOURCE FIELD: monthly sales
REASON: no field contains sufficient direct metadata evidence

===== SEMANTIC FIELD REJECTED =====
SOURCE FIELD: month
REASON: no field contains sufficient direct metadata evidence

===== GROUPBY SEMANTIC CHECK FAILED =====
GROUPBY: date_order:month
REASON: technical hint does not exist and no metadata-backed semantic replacement was found

===== DYNAMIC MODEL COMPATIBILITY FAILED =====
REASON: groupby is not compatible with real Odoo metadata

===== DYNAMIC MODEL REJECTED =====
MODEL: date.range.type
MODEL SCORE: 160.0
REASON: required fields/concepts not fully compatible

----- CHECKING MODEL -----
MODEL: ir.qweb.field.date
MODEL SCORE: 160.0
FIELD COUNT: 3

===== SEMANTIC FIELD REJECTED =====
SOURCE FIELD: date_order
REASON: no field contains sufficient direct metadata evidence

===== SEMANTIC FIELD REJECTED =====
SOURCE FIELD: sale
REASON: no field contains sufficient direct metadata evidence

===== SEMANTIC FIELD REJECTED =====
SOURCE FIELD: sales
REASON: no field contains sufficient direct metadata evidence

===== SEMANTIC FIELD REJECTED =====
SOURCE FIELD: sales order
REASON: no field contains sufficient direct metadata evidence

===== SEMANTIC FIELD REJECTED =====
SOURCE FIELD: revenue
REASON: no field contains sufficient direct metadata evidence

===== SEMANTIC FIELD REJECTED =====
SOURCE FIELD: sales
REASON: no field contains sufficient direct metadata evidence

===== SEMANTIC FIELD REJECTED =====
SOURCE FIELD: profit
REASON: no field contains sufficient direct metadata evidence

===== SEMANTIC FIELD REJECTED =====
SOURCE FIELD: profitability
REASON: no field contains sufficient direct metadata evidence

===== SEMANTIC FIELD REJECTED =====
SOURCE FIELD: margin
REASON: no field contains sufficient direct metadata evidence

===== SEMANTIC FIELD REJECTED =====
SOURCE FIELD: profit
REASON: no field contains sufficient direct metadata evidence

===== SEMANTIC FIELD REJECTED =====
SOURCE FIELD: date
REASON: no field contains sufficient direct metadata evidence

===== SEMANTIC FIELD REJECTED =====
SOURCE FIELD: month
REASON: no field contains sufficient direct metadata evidence

===== SEMANTIC FIELD REJECTED =====
SOURCE FIELD: monthly sales
REASON: no field contains sufficient direct metadata evidence

===== SEMANTIC FIELD REJECTED =====
SOURCE FIELD: month
REASON: no field contains sufficient direct metadata evidence

===== GROUPBY SEMANTIC CHECK FAILED =====
GROUPBY: date_order:month
REASON: technical hint does not exist and no metadata-backed semantic replacement was found

===== DYNAMIC MODEL COMPATIBILITY FAILED =====
REASON: groupby is not compatible with real Odoo metadata

===== DYNAMIC MODEL REJECTED =====
MODEL: ir.qweb.field.date
MODEL SCORE: 160.0
REASON: required fields/concepts not fully compatible

----- CHECKING MODEL -----
MODEL: ir.sequence.date_range
MODEL SCORE: 160.0
FIELD COUNT: 12

===== SEMANTIC FIELD REJECTED =====
SOURCE FIELD: date_order
REASON: no field contains sufficient direct metadata evidence

===== SEMANTIC FIELD REJECTED =====
SOURCE FIELD: sale
REASON: no field contains sufficient direct metadata evidence

===== SEMANTIC FIELD REJECTED =====
SOURCE FIELD: sales
REASON: no field contains sufficient direct metadata evidence

===== SEMANTIC FIELD REJECTED =====
SOURCE FIELD: sales order
REASON: no field contains sufficient direct metadata evidence

===== SEMANTIC FIELD REJECTED =====
SOURCE FIELD: revenue
REASON: no field contains sufficient direct metadata evidence

===== SEMANTIC FIELD REJECTED =====
SOURCE FIELD: sales
REASON: no field contains sufficient direct metadata evidence

===== SEMANTIC FIELD REJECTED =====
SOURCE FIELD: profit
REASON: no field contains sufficient direct metadata evidence

===== SEMANTIC FIELD REJECTED =====
SOURCE FIELD: profitability
REASON: no field contains sufficient direct metadata evidence

===== SEMANTIC FIELD REJECTED =====
SOURCE FIELD: margin
REASON: no field contains sufficient direct metadata evidence

===== SEMANTIC FIELD REJECTED =====
SOURCE FIELD: profit
REASON: no field contains sufficient direct metadata evidence

===== SEMANTIC FIELD ACCEPTED =====
SOURCE FIELD: date
SELECTED FIELD: write_date
SELECTED TYPE: datetime
SELECTED RELATION: False
SELECTED LABEL: Last Updated on
DIRECT SOURCE TOKENS: 1
SOURCE COVERAGE: 1.0
SCORE: 285.0

===== SEMANTIC FIELD REJECTED =====
SOURCE FIELD: month
REASON: no field contains sufficient direct metadata evidence

===== SEMANTIC FIELD REJECTED =====
SOURCE FIELD: monthly sales
REASON: no field contains sufficient direct metadata evidence

===== SEMANTIC FIELD REJECTED =====
SOURCE FIELD: month
REASON: no field contains sufficient direct metadata evidence

===== GROUPBY SEMANTIC CHECK PASSED =====
GROUPBY: date_order:month
INVALID TECHNICAL HINT: date_order
RESOLVED FIELD: write_date
CONCEPT: month
RESOLUTION SCORE: 105.0

===== SEMANTIC FIELD REJECTED =====
SOURCE FIELD: sale
REASON: no field contains sufficient direct metadata evidence

===== SEMANTIC FIELD REJECTED =====
SOURCE FIELD: sales
REASON: no field contains sufficient direct metadata evidence

===== SEMANTIC FIELD REJECTED =====
SOURCE FIELD: sales order
REASON: no field contains sufficient direct metadata evidence

===== SEMANTIC FIELD REJECTED =====
SOURCE FIELD: revenue
REASON: no field contains sufficient direct metadata evidence

===== SEMANTIC CONCEPT KEPT AS CONTEXT =====
CONCEPT: sales
REASON: no sufficient metadata-backed field evidence; treated as entity/context concept

===== SEMANTIC FIELD REJECTED =====
SOURCE FIELD: profit
REASON: no field contains sufficient direct metadata evidence

===== SEMANTIC FIELD REJECTED =====
SOURCE FIELD: profitability
REASON: no field contains sufficient direct metadata evidence

===== SEMANTIC FIELD REJECTED =====
SOURCE FIELD: margin
REASON: no field contains sufficient direct metadata evidence

===== SEMANTIC CONCEPT KEPT AS CONTEXT =====
CONCEPT: profit
REASON: no sufficient metadata-backed field evidence; treated as entity/context concept

===== SEMANTIC FIELD ACCEPTED =====
SOURCE FIELD: date
SELECTED FIELD: write_date
SELECTED TYPE: datetime
SELECTED RELATION: False
SELECTED LABEL: Last Updated on
DIRECT SOURCE TOKENS: 1
SOURCE COVERAGE: 1.0
SCORE: 285.0

===== SEMANTIC FIELD REJECTED =====
SOURCE FIELD: month
REASON: no field contains sufficient direct metadata evidence

===== SEMANTIC FIELD REJECTED =====
SOURCE FIELD: monthly sales
REASON: no field contains sufficient direct metadata evidence

===== SEMANTIC FIELD REJECTED =====
SOURCE FIELD: date_order
REASON: no field contains sufficient direct metadata evidence

===== DYNAMIC TECHNICAL HINT UNRESOLVED =====
FIELD: date_order
REASON: planner technical hint could not be resolved against real metadata

===== DYNAMIC MODEL REJECTED =====
MODEL: ir.sequence.date_range
MODEL SCORE: 160.0
REASON: required fields/concepts not fully compatible

----- CHECKING MODEL -----
MODEL: report.all.channels.sales
MODEL SCORE: 160.0
FIELD COUNT: 18

===== SEMANTIC FIELD REJECTED =====
SOURCE FIELD: sale
REASON: no field contains sufficient direct metadata evidence

===== SEMANTIC FIELD ACCEPTED =====
SOURCE FIELD: sales
SELECTED FIELD: team_id
SELECTED TYPE: many2one
SELECTED RELATION: crm.team
SELECTED LABEL: Sales Channel
DIRECT SOURCE TOKENS: 1
SOURCE COVERAGE: 1.0
SCORE: 295.0

===== SEMANTIC FIELD REJECTED =====
SOURCE FIELD: sales order
REASON: no field contains sufficient direct metadata evidence

===== SEMANTIC FIELD REJECTED =====
SOURCE FIELD: revenue
REASON: no field contains sufficient direct metadata evidence

===== SEMANTIC FIELD ACCEPTED =====
SOURCE FIELD: sales
SELECTED FIELD: team_id
SELECTED TYPE: many2one
SELECTED RELATION: crm.team
SELECTED LABEL: Sales Channel
DIRECT SOURCE TOKENS: 1
SOURCE COVERAGE: 1.0
SCORE: 295.0

===== SEMANTIC FIELD REJECTED =====
SOURCE FIELD: profit
REASON: no field contains sufficient direct metadata evidence

===== SEMANTIC FIELD REJECTED =====
SOURCE FIELD: profitability
REASON: no field contains sufficient direct metadata evidence

===== SEMANTIC FIELD REJECTED =====
SOURCE FIELD: margin
REASON: no field contains sufficient direct metadata evidence

===== SEMANTIC FIELD REJECTED =====
SOURCE FIELD: profit
REASON: no field contains sufficient direct metadata evidence

===== SEMANTIC FIELD ACCEPTED =====
SOURCE FIELD: date
SELECTED FIELD: date_order
SELECTED TYPE: datetime
SELECTED RELATION: False
SELECTED LABEL: Date Order
DIRECT SOURCE TOKENS: 1
SOURCE COVERAGE: 1.0
SCORE: 345.0

===== GROUPBY SEMANTIC CHECK PASSED =====
GROUPBY: date_order:month
RESOLVED FIELD: date_order

===== SEMANTIC FIELD REJECTED =====
SOURCE FIELD: sale
REASON: no field contains sufficient direct metadata evidence

===== SEMANTIC FIELD ACCEPTED =====
SOURCE FIELD: sales
SELECTED FIELD: team_id
SELECTED TYPE: many2one
SELECTED RELATION: crm.team
SELECTED LABEL: Sales Channel
DIRECT SOURCE TOKENS: 1
SOURCE COVERAGE: 1.0
SCORE: 295.0

===== SEMANTIC FIELD REJECTED =====
SOURCE FIELD: sales order
REASON: no field contains sufficient direct metadata evidence

===== SEMANTIC FIELD REJECTED =====
SOURCE FIELD: revenue
REASON: no field contains sufficient direct metadata evidence

===== SEMANTIC FIELD REJECTED =====
SOURCE FIELD: profit
REASON: no field contains sufficient direct metadata evidence

===== SEMANTIC FIELD REJECTED =====
SOURCE FIELD: profitability
REASON: no field contains sufficient direct metadata evidence

===== SEMANTIC FIELD REJECTED =====
SOURCE FIELD: margin
REASON: no field contains sufficient direct metadata evidence

===== SEMANTIC CONCEPT KEPT AS CONTEXT =====
CONCEPT: profit
REASON: no sufficient metadata-backed field evidence; treated as entity/context concept

===== SEMANTIC FIELD ACCEPTED =====
SOURCE FIELD: date
SELECTED FIELD: date_order
SELECTED TYPE: datetime
SELECTED RELATION: False
SELECTED LABEL: Date Order
DIRECT SOURCE TOKENS: 1
SOURCE COVERAGE: 1.0
SCORE: 345.0

===== SEMANTIC FIELD REJECTED =====
SOURCE FIELD: month
REASON: no field contains sufficient direct metadata evidence

===== SEMANTIC FIELD REJECTED =====
SOURCE FIELD: monthly sales
REASON: no field contains sufficient direct metadata evidence
FIELD COMPATIBLE: date_order -> date_order | exact technical match

===== SEMANTIC FIELD REJECTED =====
SOURCE FIELD: amount_total
REASON: no field contains sufficient direct metadata evidence

===== DYNAMIC TECHNICAL HINT UNRESOLVED =====
FIELD: amount_total
REASON: planner technical hint could not be resolved against real metadata

===== DYNAMIC MODEL REJECTED =====
MODEL: report.all.channels.sales
MODEL SCORE: 160.0
REASON: required fields/concepts not fully compatible

----- CHECKING MODEL -----
MODEL: report.sale.report_saleproforma
MODEL SCORE: 160.0
FIELD COUNT: 3

===== SEMANTIC FIELD REJECTED =====
SOURCE FIELD: date_order
REASON: no field contains sufficient direct metadata evidence

===== SEMANTIC FIELD REJECTED =====
SOURCE FIELD: sale
REASON: no field contains sufficient direct metadata evidence

===== SEMANTIC FIELD REJECTED =====
SOURCE FIELD: sales
REASON: no field contains sufficient direct metadata evidence

===== SEMANTIC FIELD REJECTED =====
SOURCE FIELD: sales order
REASON: no field contains sufficient direct metadata evidence

===== SEMANTIC FIELD REJECTED =====
SOURCE FIELD: revenue
REASON: no field contains sufficient direct metadata evidence

===== SEMANTIC FIELD REJECTED =====
SOURCE FIELD: sales
REASON: no field contains sufficient direct metadata evidence

===== SEMANTIC FIELD REJECTED =====
SOURCE FIELD: profit
REASON: no field contains sufficient direct metadata evidence

===== SEMANTIC FIELD REJECTED =====
SOURCE FIELD: profitability
REASON: no field contains sufficient direct metadata evidence

===== SEMANTIC FIELD REJECTED =====
SOURCE FIELD: margin
REASON: no field contains sufficient direct metadata evidence

===== SEMANTIC FIELD REJECTED =====
SOURCE FIELD: profit
REASON: no field contains sufficient direct metadata evidence

===== SEMANTIC FIELD REJECTED =====
SOURCE FIELD: date
REASON: no field contains sufficient direct metadata evidence

===== SEMANTIC FIELD REJECTED =====
SOURCE FIELD: month
REASON: no field contains sufficient direct metadata evidence

===== SEMANTIC FIELD REJECTED =====
SOURCE FIELD: monthly sales
REASON: no field contains sufficient direct metadata evidence

===== SEMANTIC FIELD REJECTED =====
SOURCE FIELD: month
REASON: no field contains sufficient direct metadata evidence

===== GROUPBY SEMANTIC CHECK FAILED =====
GROUPBY: date_order:month
REASON: technical hint does not exist and no metadata-backed semantic replacement was found

===== DYNAMIC MODEL COMPATIBILITY FAILED =====
REASON: groupby is not compatible with real Odoo metadata

===== DYNAMIC MODEL REJECTED =====
MODEL: report.sale.report_saleproforma
MODEL SCORE: 160.0
REASON: required fields/concepts not fully compatible

----- CHECKING MODEL -----
MODEL: sale.layout_category
MODEL SCORE: 160.0
FIELD COUNT: 11

===== SEMANTIC FIELD REJECTED =====
SOURCE FIELD: date_order
REASON: no field contains sufficient direct metadata evidence

===== SEMANTIC FIELD REJECTED =====
SOURCE FIELD: sale
REASON: no field contains sufficient direct metadata evidence

===== SEMANTIC FIELD REJECTED =====
SOURCE FIELD: sales
REASON: no field contains sufficient direct metadata evidence

===== SEMANTIC FIELD REJECTED =====
SOURCE FIELD: sales order
REASON: no field contains sufficient direct metadata evidence

===== SEMANTIC FIELD REJECTED =====
SOURCE FIELD: revenue
REASON: no field contains sufficient direct metadata evidence

===== SEMANTIC FIELD REJECTED =====
SOURCE FIELD: sales
REASON: no field contains sufficient direct metadata evidence

===== SEMANTIC FIELD REJECTED =====
SOURCE FIELD: profit
REASON: no field contains sufficient direct metadata evidence

===== SEMANTIC FIELD REJECTED =====
SOURCE FIELD: profitability
REASON: no field contains sufficient direct metadata evidence

===== SEMANTIC FIELD REJECTED =====
SOURCE FIELD: margin
REASON: no field contains sufficient direct metadata evidence

===== SEMANTIC FIELD REJECTED =====
SOURCE FIELD: profit
REASON: no field contains sufficient direct metadata evidence

===== SEMANTIC FIELD ACCEPTED =====
SOURCE FIELD: date
SELECTED FIELD: write_date
SELECTED TYPE: datetime
SELECTED RELATION: False
SELECTED LABEL: Last Updated on
DIRECT SOURCE TOKENS: 1
SOURCE COVERAGE: 1.0
SCORE: 285.0

===== SEMANTIC FIELD REJECTED =====
SOURCE FIELD: month
REASON: no field contains sufficient direct metadata evidence

===== SEMANTIC FIELD REJECTED =====
SOURCE FIELD: monthly sales
REASON: no field contains sufficient direct metadata evidence

===== SEMANTIC FIELD REJECTED =====
SOURCE FIELD: month
REASON: no field contains sufficient direct metadata evidence

===== GROUPBY SEMANTIC CHECK PASSED =====
GROUPBY: date_order:month
INVALID TECHNICAL HINT: date_order
RESOLVED FIELD: write_date
CONCEPT: month
RESOLUTION SCORE: 105.0

===== SEMANTIC FIELD REJECTED =====
SOURCE FIELD: sale
REASON: no field contains sufficient direct metadata evidence

===== SEMANTIC FIELD REJECTED =====
SOURCE FIELD: sales
REASON: no field contains sufficient direct metadata evidence

===== SEMANTIC FIELD REJECTED =====
SOURCE FIELD: sales order
REASON: no field contains sufficient direct metadata evidence

===== SEMANTIC FIELD REJECTED =====
SOURCE FIELD: revenue
REASON: no field contains sufficient direct metadata evidence

===== SEMANTIC CONCEPT KEPT AS CONTEXT =====
CONCEPT: sales
REASON: no sufficient metadata-backed field evidence; treated as entity/context concept

===== SEMANTIC FIELD REJECTED =====
SOURCE FIELD: profit
REASON: no field contains sufficient direct metadata evidence

===== SEMANTIC FIELD REJECTED =====
SOURCE FIELD: profitability
REASON: no field contains sufficient direct metadata evidence

===== SEMANTIC FIELD REJECTED =====
SOURCE FIELD: margin
REASON: no field contains sufficient direct metadata evidence

===== SEMANTIC CONCEPT KEPT AS CONTEXT =====
CONCEPT: profit
REASON: no sufficient metadata-backed field evidence; treated as entity/context concept

===== SEMANTIC FIELD ACCEPTED =====
SOURCE FIELD: date
SELECTED FIELD: write_date
SELECTED TYPE: datetime
SELECTED RELATION: False
SELECTED LABEL: Last Updated on
DIRECT SOURCE TOKENS: 1
SOURCE COVERAGE: 1.0
SCORE: 285.0

===== SEMANTIC FIELD REJECTED =====
SOURCE FIELD: month
REASON: no field contains sufficient direct metadata evidence

===== SEMANTIC FIELD REJECTED =====
SOURCE FIELD: monthly sales
REASON: no field contains sufficient direct metadata evidence

===== SEMANTIC FIELD REJECTED =====
SOURCE FIELD: date_order
REASON: no field contains sufficient direct metadata evidence

===== DYNAMIC TECHNICAL HINT UNRESOLVED =====
FIELD: date_order
REASON: planner technical hint could not be resolved against real metadata

===== DYNAMIC MODEL REJECTED =====
MODEL: sale.layout_category
MODEL SCORE: 160.0
REASON: required fields/concepts not fully compatible

----- CHECKING MODEL -----
MODEL: sale.order.line
MODEL SCORE: 10.0
FIELD COUNT: 57

===== SEMANTIC FIELD REJECTED =====
SOURCE FIELD: date_order
REASON: no field contains sufficient direct metadata evidence

===== SEMANTIC FIELD REJECTED =====
SOURCE FIELD: sale
REASON: no field contains sufficient direct metadata evidence

===== SEMANTIC FIELD ACCEPTED =====
SOURCE FIELD: sales
SELECTED FIELD: is_downpayment
SELECTED TYPE: boolean
SELECTED RELATION: False
SELECTED LABEL: Is a down payment
DIRECT SOURCE TOKENS: 1
SOURCE COVERAGE: 1.0
SCORE: 225.0

===== SEMANTIC FIELD ACCEPTED =====
SOURCE FIELD: sales order
SELECTED FIELD: is_downpayment
SELECTED TYPE: boolean
SELECTED RELATION: False
SELECTED LABEL: Is a down payment
DIRECT SOURCE TOKENS: 2
SOURCE COVERAGE: 1.0
SCORE: 300.0

===== SEMANTIC FIELD REJECTED =====
SOURCE FIELD: revenue
REASON: no field contains sufficient direct metadata evidence

===== SEMANTIC FIELD ACCEPTED =====
SOURCE FIELD: sales
SELECTED FIELD: is_downpayment
SELECTED TYPE: boolean
SELECTED RELATION: False
SELECTED LABEL: Is a down payment
DIRECT SOURCE TOKENS: 1
SOURCE COVERAGE: 1.0
SCORE: 225.0

===== SEMANTIC FIELD REJECTED =====
SOURCE FIELD: profit
REASON: no field contains sufficient direct metadata evidence

===== SEMANTIC FIELD REJECTED =====
SOURCE FIELD: profitability
REASON: no field contains sufficient direct metadata evidence

===== SEMANTIC FIELD REJECTED =====
SOURCE FIELD: margin
REASON: no field contains sufficient direct metadata evidence

===== SEMANTIC FIELD REJECTED =====
SOURCE FIELD: profit
REASON: no field contains sufficient direct metadata evidence

===== SEMANTIC FIELD ACCEPTED =====
SOURCE FIELD: date
SELECTED FIELD: delivery_date
SELECTED TYPE: datetime
SELECTED RELATION: False
SELECTED LABEL: Delivery Date
DIRECT SOURCE TOKENS: 1
SOURCE COVERAGE: 1.0
SCORE: 345.0

===== SEMANTIC FIELD REJECTED =====
SOURCE FIELD: month
REASON: no field contains sufficient direct metadata evidence

===== SEMANTIC FIELD REJECTED =====
SOURCE FIELD: monthly sales
REASON: no field contains sufficient direct metadata evidence

===== SEMANTIC FIELD REJECTED =====
SOURCE FIELD: month
REASON: no field contains sufficient direct metadata evidence

===== GROUPBY SEMANTIC CHECK PASSED =====
GROUPBY: date_order:month
INVALID TECHNICAL HINT: date_order
RESOLVED FIELD: is_downpayment
CONCEPT: sales
RESOLUTION SCORE: 170.0

===== SEMANTIC CONCEPT KEPT AS ENTITY CONTEXT =====
CONCEPT: sales
ENTITY ALIAS: sales order
MODEL: sale.order.line
MODEL IDENTITY: sale.order.line Sales Order Line    
ENTITY COVERAGE: 1.0
REASON: concept strongly matches model identity; it is an entity/model concept, not a field

===== SEMANTIC FIELD REJECTED =====
SOURCE FIELD: profit
REASON: no field contains sufficient direct metadata evidence

===== SEMANTIC FIELD REJECTED =====
SOURCE FIELD: profitability
REASON: no field contains sufficient direct metadata evidence

===== SEMANTIC FIELD REJECTED =====
SOURCE FIELD: margin
REASON: no field contains sufficient direct metadata evidence

===== SEMANTIC CONCEPT KEPT AS CONTEXT =====
CONCEPT: profit
REASON: no sufficient metadata-backed field evidence; treated as entity/context concept

===== SEMANTIC FIELD ACCEPTED =====
SOURCE FIELD: date
SELECTED FIELD: delivery_date
SELECTED TYPE: datetime
SELECTED RELATION: False
SELECTED LABEL: Delivery Date
DIRECT SOURCE TOKENS: 1
SOURCE COVERAGE: 1.0
SCORE: 345.0

===== SEMANTIC FIELD REJECTED =====
SOURCE FIELD: month
REASON: no field contains sufficient direct metadata evidence

===== SEMANTIC FIELD REJECTED =====
SOURCE FIELD: monthly sales
REASON: no field contains sufficient direct metadata evidence

===== SEMANTIC FIELD REJECTED =====
SOURCE FIELD: date_order
REASON: no field contains sufficient direct metadata evidence

===== DYNAMIC TECHNICAL HINT UNRESOLVED =====
FIELD: date_order
REASON: planner technical hint could not be resolved against real metadata

===== DYNAMIC MODEL REJECTED =====
MODEL: sale.order.line
MODEL SCORE: 10.0
REASON: required fields/concepts not fully compatible

----- CHECKING MODEL -----
MODEL: stock.move.generate.package
MODEL SCORE: 10.0
FIELD COUNT: 18

===== SEMANTIC FIELD REJECTED =====
SOURCE FIELD: date_order
REASON: no field contains sufficient direct metadata evidence

===== SEMANTIC FIELD REJECTED =====
SOURCE FIELD: sale
REASON: no field contains sufficient direct metadata evidence

===== SEMANTIC FIELD REJECTED =====
SOURCE FIELD: sales
REASON: no field contains sufficient direct metadata evidence

===== SEMANTIC FIELD REJECTED =====
SOURCE FIELD: sales order
REASON: no field contains sufficient direct metadata evidence

===== SEMANTIC FIELD REJECTED =====
SOURCE FIELD: revenue
REASON: no field contains sufficient direct metadata evidence

===== SEMANTIC FIELD REJECTED =====
SOURCE FIELD: sales
REASON: no field contains sufficient direct metadata evidence

===== SEMANTIC FIELD REJECTED =====
SOURCE FIELD: profit
REASON: no field contains sufficient direct metadata evidence

===== SEMANTIC FIELD REJECTED =====
SOURCE FIELD: profitability
REASON: no field contains sufficient direct metadata evidence

===== SEMANTIC FIELD REJECTED =====
SOURCE FIELD: margin
REASON: no field contains sufficient direct metadata evidence

===== SEMANTIC FIELD REJECTED =====
SOURCE FIELD: profit
REASON: no field contains sufficient direct metadata evidence

===== SEMANTIC FIELD ACCEPTED =====
SOURCE FIELD: date
SELECTED FIELD: write_date
SELECTED TYPE: datetime
SELECTED RELATION: False
SELECTED LABEL: Last Updated on
DIRECT SOURCE TOKENS: 1
SOURCE COVERAGE: 1.0
SCORE: 285.0

===== SEMANTIC FIELD REJECTED =====
SOURCE FIELD: month
REASON: no field contains sufficient direct metadata evidence

===== SEMANTIC FIELD REJECTED =====
SOURCE FIELD: monthly sales
REASON: no field contains sufficient direct metadata evidence

===== SEMANTIC FIELD REJECTED =====
SOURCE FIELD: month
REASON: no field contains sufficient direct metadata evidence

===== GROUPBY SEMANTIC CHECK PASSED =====
GROUPBY: date_order:month
INVALID TECHNICAL HINT: date_order
RESOLVED FIELD: write_date
CONCEPT: month
RESOLUTION SCORE: 105.0

===== SEMANTIC FIELD REJECTED =====
SOURCE FIELD: sale
REASON: no field contains sufficient direct metadata evidence

===== SEMANTIC FIELD REJECTED =====
SOURCE FIELD: sales
REASON: no field contains sufficient direct metadata evidence

===== SEMANTIC FIELD REJECTED =====
SOURCE FIELD: sales order
REASON: no field contains sufficient direct metadata evidence

===== SEMANTIC FIELD REJECTED =====
SOURCE FIELD: revenue
REASON: no field contains sufficient direct metadata evidence

===== SEMANTIC CONCEPT KEPT AS CONTEXT =====
CONCEPT: sales
REASON: no sufficient metadata-backed field evidence; treated as entity/context concept

===== SEMANTIC FIELD REJECTED =====
SOURCE FIELD: profit
REASON: no field contains sufficient direct metadata evidence

===== SEMANTIC FIELD REJECTED =====
SOURCE FIELD: profitability
REASON: no field contains sufficient direct metadata evidence

===== SEMANTIC FIELD REJECTED =====
SOURCE FIELD: margin
REASON: no field contains sufficient direct metadata evidence

===== SEMANTIC CONCEPT KEPT AS CONTEXT =====
CONCEPT: profit
REASON: no sufficient metadata-backed field evidence; treated as entity/context concept

===== SEMANTIC FIELD ACCEPTED =====
SOURCE FIELD: date
SELECTED FIELD: write_date
SELECTED TYPE: datetime
SELECTED RELATION: False
SELECTED LABEL: Last Updated on
DIRECT SOURCE TOKENS: 1
SOURCE COVERAGE: 1.0
SCORE: 285.0

===== SEMANTIC FIELD REJECTED =====
SOURCE FIELD: month
REASON: no field contains sufficient direct metadata evidence

===== SEMANTIC FIELD REJECTED =====
SOURCE FIELD: monthly sales
REASON: no field contains sufficient direct metadata evidence

===== SEMANTIC FIELD REJECTED =====
SOURCE FIELD: date_order
REASON: no field contains sufficient direct metadata evidence

===== DYNAMIC TECHNICAL HINT UNRESOLVED =====
FIELD: date_order
REASON: planner technical hint could not be resolved against real metadata

===== DYNAMIC MODEL REJECTED =====
MODEL: stock.move.generate.package
MODEL SCORE: 10.0
REASON: required fields/concepts not fully compatible

----- CHECKING MODEL -----
MODEL: stock.quant.package.change.qty
MODEL SCORE: 10.0
FIELD COUNT: 15

===== SEMANTIC FIELD REJECTED =====
SOURCE FIELD: date_order
REASON: no field contains sufficient direct metadata evidence

===== SEMANTIC FIELD REJECTED =====
SOURCE FIELD: sale
REASON: no field contains sufficient direct metadata evidence

===== SEMANTIC FIELD REJECTED =====
SOURCE FIELD: sales
REASON: no field contains sufficient direct metadata evidence

===== SEMANTIC FIELD REJECTED =====
SOURCE FIELD: sales order
REASON: no field contains sufficient direct metadata evidence

===== SEMANTIC FIELD REJECTED =====
SOURCE FIELD: revenue
REASON: no field contains sufficient direct metadata evidence

===== SEMANTIC FIELD REJECTED =====
SOURCE FIELD: sales
REASON: no field contains sufficient direct metadata evidence

===== SEMANTIC FIELD REJECTED =====
SOURCE FIELD: profit
REASON: no field contains sufficient direct metadata evidence

===== SEMANTIC FIELD REJECTED =====
SOURCE FIELD: profitability
REASON: no field contains sufficient direct metadata evidence

===== SEMANTIC FIELD REJECTED =====
SOURCE FIELD: margin
REASON: no field contains sufficient direct metadata evidence

===== SEMANTIC FIELD REJECTED =====
SOURCE FIELD: profit
REASON: no field contains sufficient direct metadata evidence

===== SEMANTIC FIELD ACCEPTED =====
SOURCE FIELD: date
SELECTED FIELD: write_date
SELECTED TYPE: datetime
SELECTED RELATION: False
SELECTED LABEL: Last Updated on
DIRECT SOURCE TOKENS: 1
SOURCE COVERAGE: 1.0
SCORE: 285.0

===== SEMANTIC FIELD REJECTED =====
SOURCE FIELD: month
REASON: no field contains sufficient direct metadata evidence

===== SEMANTIC FIELD REJECTED =====
SOURCE FIELD: monthly sales
REASON: no field contains sufficient direct metadata evidence

===== SEMANTIC FIELD REJECTED =====
SOURCE FIELD: month
REASON: no field contains sufficient direct metadata evidence

===== GROUPBY SEMANTIC CHECK PASSED =====
GROUPBY: date_order:month
INVALID TECHNICAL HINT: date_order
RESOLVED FIELD: write_date
CONCEPT: month
RESOLUTION SCORE: 105.0

===== SEMANTIC FIELD REJECTED =====
SOURCE FIELD: sale
REASON: no field contains sufficient direct metadata evidence

===== SEMANTIC FIELD REJECTED =====
SOURCE FIELD: sales
REASON: no field contains sufficient direct metadata evidence

===== SEMANTIC FIELD REJECTED =====
SOURCE FIELD: sales order
REASON: no field contains sufficient direct metadata evidence

===== SEMANTIC FIELD REJECTED =====
SOURCE FIELD: revenue
REASON: no field contains sufficient direct metadata evidence

===== SEMANTIC CONCEPT KEPT AS CONTEXT =====
CONCEPT: sales
REASON: no sufficient metadata-backed field evidence; treated as entity/context concept

===== SEMANTIC FIELD REJECTED =====
SOURCE FIELD: profit
REASON: no field contains sufficient direct metadata evidence

===== SEMANTIC FIELD REJECTED =====
SOURCE FIELD: profitability
REASON: no field contains sufficient direct metadata evidence

===== SEMANTIC FIELD REJECTED =====
SOURCE FIELD: margin
REASON: no field contains sufficient direct metadata evidence

===== SEMANTIC CONCEPT KEPT AS CONTEXT =====
CONCEPT: profit
REASON: no sufficient metadata-backed field evidence; treated as entity/context concept

===== SEMANTIC FIELD ACCEPTED =====
SOURCE FIELD: date
SELECTED FIELD: write_date
SELECTED TYPE: datetime
SELECTED RELATION: False
SELECTED LABEL: Last Updated on
DIRECT SOURCE TOKENS: 1
SOURCE COVERAGE: 1.0
SCORE: 285.0

===== SEMANTIC FIELD REJECTED =====
SOURCE FIELD: month
REASON: no field contains sufficient direct metadata evidence

===== SEMANTIC FIELD REJECTED =====
SOURCE FIELD: monthly sales
REASON: no field contains sufficient direct metadata evidence

===== SEMANTIC FIELD REJECTED =====
SOURCE FIELD: date_order
REASON: no field contains sufficient direct metadata evidence

===== DYNAMIC TECHNICAL HINT UNRESOLVED =====
FIELD: date_order
REASON: planner technical hint could not be resolved against real metadata

===== DYNAMIC MODEL REJECTED =====
MODEL: stock.quant.package.change.qty
MODEL SCORE: 10.0
REASON: required fields/concepts not fully compatible

----- CHECKING MODEL -----
MODEL: mrp.planned.order
MODEL SCORE: 6.0
FIELD COUNT: 21

===== SEMANTIC FIELD ACCEPTED =====
SOURCE FIELD: date_order
SELECTED FIELD: order_release_date
SELECTED TYPE: date
SELECTED RELATION: False
SELECTED LABEL: DAta di Rilascio
DIRECT SOURCE TOKENS: 2
SOURCE COVERAGE: 1.0
SCORE: 380.0

===== SEMANTIC FIELD REJECTED =====
SOURCE FIELD: sale
REASON: no field contains sufficient direct metadata evidence

===== SEMANTIC FIELD REJECTED =====
SOURCE FIELD: sales
REASON: no field contains sufficient direct metadata evidence

===== SEMANTIC FIELD REJECTED =====
SOURCE FIELD: sales order
REASON: no field contains sufficient direct metadata evidence

===== SEMANTIC FIELD REJECTED =====
SOURCE FIELD: revenue
REASON: no field contains sufficient direct metadata evidence

===== SEMANTIC FIELD REJECTED =====
SOURCE FIELD: sales
REASON: no field contains sufficient direct metadata evidence

===== SEMANTIC FIELD REJECTED =====
SOURCE FIELD: profit
REASON: no field contains sufficient direct metadata evidence

===== SEMANTIC FIELD REJECTED =====
SOURCE FIELD: profitability
REASON: no field contains sufficient direct metadata evidence

===== SEMANTIC FIELD REJECTED =====
SOURCE FIELD: margin
REASON: no field contains sufficient direct metadata evidence

===== SEMANTIC FIELD REJECTED =====
SOURCE FIELD: profit
REASON: no field contains sufficient direct metadata evidence

===== SEMANTIC FIELD REJECTED =====
SOURCE FIELD: date
BEST CANDIDATE: due_date
BEST SCORE: 295.0
SECOND SCORE: 295.0
MARGIN: 0.0
REASON: ambiguous metadata-backed semantic resolution

===== SEMANTIC FIELD REJECTED =====
SOURCE FIELD: month
REASON: no field contains sufficient direct metadata evidence

===== SEMANTIC FIELD REJECTED =====
SOURCE FIELD: monthly sales
REASON: no field contains sufficient direct metadata evidence

===== SEMANTIC FIELD REJECTED =====
SOURCE FIELD: month
REASON: no field contains sufficient direct metadata evidence

===== GROUPBY SEMANTIC CHECK PASSED =====
GROUPBY: date_order:month
INVALID TECHNICAL HINT: date_order
RESOLVED FIELD: order_release_date
CONCEPT: technical_hint
RESOLUTION SCORE: 0.0

===== SEMANTIC FIELD REJECTED =====
SOURCE FIELD: sale
REASON: no field contains sufficient direct metadata evidence

===== SEMANTIC FIELD REJECTED =====
SOURCE FIELD: sales
REASON: no field contains sufficient direct metadata evidence

===== SEMANTIC FIELD REJECTED =====
SOURCE FIELD: sales order
REASON: no field contains sufficient direct metadata evidence

===== SEMANTIC FIELD REJECTED =====
SOURCE FIELD: revenue
REASON: no field contains sufficient direct metadata evidence

===== SEMANTIC CONCEPT KEPT AS CONTEXT =====
CONCEPT: sales
REASON: no sufficient metadata-backed field evidence; treated as entity/context concept

===== SEMANTIC FIELD REJECTED =====
SOURCE FIELD: profit
REASON: no field contains sufficient direct metadata evidence

===== SEMANTIC FIELD REJECTED =====
SOURCE FIELD: profitability
REASON: no field contains sufficient direct metadata evidence

===== SEMANTIC FIELD REJECTED =====
SOURCE FIELD: margin
REASON: no field contains sufficient direct metadata evidence

===== SEMANTIC CONCEPT KEPT AS CONTEXT =====
CONCEPT: profit
REASON: no sufficient metadata-backed field evidence; treated as entity/context concept

===== SEMANTIC FIELD REJECTED =====
SOURCE FIELD: date
BEST CANDIDATE: due_date
BEST SCORE: 295.0
SECOND SCORE: 295.0
MARGIN: 0.0
REASON: ambiguous metadata-backed semantic resolution

===== SEMANTIC FIELD REJECTED =====
SOURCE FIELD: month
REASON: no field contains sufficient direct metadata evidence

===== SEMANTIC FIELD REJECTED =====
SOURCE FIELD: monthly sales
REASON: no field contains sufficient direct metadata evidence

===== SEMANTIC CONCEPT KEPT AS CONTEXT =====
CONCEPT: month
REASON: no sufficient metadata-backed field evidence; treated as entity/context concept

===== SEMANTIC FIELD ACCEPTED =====
SOURCE FIELD: date_order
SELECTED FIELD: order_release_date
SELECTED TYPE: date
SELECTED RELATION: False
SELECTED LABEL: DAta di Rilascio
DIRECT SOURCE TOKENS: 2
SOURCE COVERAGE: 1.0
SCORE: 380.0
FIELD COMPATIBLE: date_order -> order_release_date | metadata-backed semantic resolution

===== SEMANTIC FIELD REJECTED =====
SOURCE FIELD: amount_total
REASON: no field contains sufficient direct metadata evidence

===== DYNAMIC TECHNICAL HINT UNRESOLVED =====
FIELD: amount_total
REASON: planner technical hint could not be resolved against real metadata

===== DYNAMIC MODEL REJECTED =====
MODEL: mrp.planned.order
MODEL SCORE: 6.0
REASON: required fields/concepts not fully compatible

----- CHECKING MODEL -----
MODEL: mrp.unbuild
MODEL SCORE: 6.0
FIELD COUNT: 37

===== SEMANTIC FIELD REJECTED =====
SOURCE FIELD: date_order
REASON: no field contains sufficient direct metadata evidence

===== SEMANTIC FIELD REJECTED =====
SOURCE FIELD: sale
REASON: no field contains sufficient direct metadata evidence

===== SEMANTIC FIELD REJECTED =====
SOURCE FIELD: sales
REASON: no field contains sufficient direct metadata evidence

===== SEMANTIC FIELD REJECTED =====
SOURCE FIELD: sales order
REASON: no field contains sufficient direct metadata evidence

===== SEMANTIC FIELD REJECTED =====
SOURCE FIELD: revenue
REASON: no field contains sufficient direct metadata evidence

===== SEMANTIC FIELD REJECTED =====
SOURCE FIELD: sales
REASON: no field contains sufficient direct metadata evidence

===== SEMANTIC FIELD REJECTED =====
SOURCE FIELD: profit
REASON: no field contains sufficient direct metadata evidence

===== SEMANTIC FIELD REJECTED =====
SOURCE FIELD: profitability
REASON: no field contains sufficient direct metadata evidence

===== SEMANTIC FIELD REJECTED =====
SOURCE FIELD: margin
REASON: no field contains sufficient direct metadata evidence

===== SEMANTIC FIELD REJECTED =====
SOURCE FIELD: profit
REASON: no field contains sufficient direct metadata evidence

===== SEMANTIC FIELD ACCEPTED =====
SOURCE FIELD: date
SELECTED FIELD: message_last_post
SELECTED TYPE: datetime
SELECTED RELATION: False
SELECTED LABEL: Last Message Date
DIRECT SOURCE TOKENS: 1
SOURCE COVERAGE: 1.0
SCORE: 375.0

===== SEMANTIC FIELD REJECTED =====
SOURCE FIELD: month
REASON: no field contains sufficient direct metadata evidence

===== SEMANTIC FIELD REJECTED =====
SOURCE FIELD: monthly sales
REASON: no field contains sufficient direct metadata evidence

===== SEMANTIC FIELD REJECTED =====
SOURCE FIELD: month
REASON: no field contains sufficient direct metadata evidence

===== GROUPBY SEMANTIC CHECK PASSED =====
GROUPBY: date_order:month
INVALID TECHNICAL HINT: date_order
RESOLVED FIELD: message_last_post
CONCEPT: month
RESOLUTION SCORE: 105.0

===== SEMANTIC FIELD REJECTED =====
SOURCE FIELD: sale
REASON: no field contains sufficient direct metadata evidence

===== SEMANTIC FIELD REJECTED =====
SOURCE FIELD: sales
REASON: no field contains sufficient direct metadata evidence

===== SEMANTIC FIELD REJECTED =====
SOURCE FIELD: sales order
REASON: no field contains sufficient direct metadata evidence

===== SEMANTIC FIELD REJECTED =====
SOURCE FIELD: revenue
REASON: no field contains sufficient direct metadata evidence

===== SEMANTIC CONCEPT KEPT AS CONTEXT =====
CONCEPT: sales
REASON: no sufficient metadata-backed field evidence; treated as entity/context concept

===== SEMANTIC FIELD REJECTED =====
SOURCE FIELD: profit
REASON: no field contains sufficient direct metadata evidence

===== SEMANTIC FIELD REJECTED =====
SOURCE FIELD: profitability
REASON: no field contains sufficient direct metadata evidence

===== SEMANTIC FIELD REJECTED =====
SOURCE FIELD: margin
REASON: no field contains sufficient direct metadata evidence

===== SEMANTIC CONCEPT KEPT AS CONTEXT =====
CONCEPT: profit
REASON: no sufficient metadata-backed field evidence; treated as entity/context concept

===== SEMANTIC FIELD ACCEPTED =====
SOURCE FIELD: date
SELECTED FIELD: message_last_post
SELECTED TYPE: datetime
SELECTED RELATION: False
SELECTED LABEL: Last Message Date
DIRECT SOURCE TOKENS: 1
SOURCE COVERAGE: 1.0
SCORE: 375.0

===== SEMANTIC FIELD REJECTED =====
SOURCE FIELD: month
REASON: no field contains sufficient direct metadata evidence

===== SEMANTIC FIELD REJECTED =====
SOURCE FIELD: monthly sales
REASON: no field contains sufficient direct metadata evidence

===== SEMANTIC FIELD REJECTED =====
SOURCE FIELD: date_order
REASON: no field contains sufficient direct metadata evidence

===== DYNAMIC TECHNICAL HINT UNRESOLVED =====
FIELD: date_order
REASON: planner technical hint could not be resolved against real metadata

===== DYNAMIC MODEL REJECTED =====
MODEL: mrp.unbuild
MODEL SCORE: 6.0
REASON: required fields/concepts not fully compatible

----- CHECKING MODEL -----
MODEL: mrp.workorder
MODEL SCORE: 6.0
FIELD COUNT: 93

===== SEMANTIC FIELD REJECTED =====
SOURCE FIELD: date_order
REASON: no field contains sufficient direct metadata evidence

===== SEMANTIC FIELD REJECTED =====
SOURCE FIELD: sale
REASON: no field contains sufficient direct metadata evidence

===== SEMANTIC FIELD REJECTED =====
SOURCE FIELD: sales
REASON: no field contains sufficient direct metadata evidence

===== SEMANTIC FIELD REJECTED =====
SOURCE FIELD: sales order
REASON: no field contains sufficient direct metadata evidence

===== SEMANTIC FIELD REJECTED =====
SOURCE FIELD: revenue
REASON: no field contains sufficient direct metadata evidence

===== SEMANTIC FIELD REJECTED =====
SOURCE FIELD: sales
REASON: no field contains sufficient direct metadata evidence

===== SEMANTIC FIELD REJECTED =====
SOURCE FIELD: profit
REASON: no field contains sufficient direct metadata evidence

===== SEMANTIC FIELD REJECTED =====
SOURCE FIELD: profitability
REASON: no field contains sufficient direct metadata evidence

===== SEMANTIC FIELD REJECTED =====
SOURCE FIELD: margin
REASON: no field contains sufficient direct metadata evidence

===== SEMANTIC FIELD REJECTED =====
SOURCE FIELD: profit
REASON: no field contains sufficient direct metadata evidence

===== SEMANTIC FIELD ACCEPTED =====
SOURCE FIELD: date
SELECTED FIELD: message_last_post
SELECTED TYPE: datetime
SELECTED RELATION: False
SELECTED LABEL: Last Message Date
DIRECT SOURCE TOKENS: 1
SOURCE COVERAGE: 1.0
SCORE: 375.0

===== SEMANTIC FIELD REJECTED =====
SOURCE FIELD: month
REASON: no field contains sufficient direct metadata evidence

===== SEMANTIC FIELD REJECTED =====
SOURCE FIELD: monthly sales
REASON: no field contains sufficient direct metadata evidence

===== SEMANTIC FIELD REJECTED =====
SOURCE FIELD: month
REASON: no field contains sufficient direct metadata evidence

===== GROUPBY SEMANTIC CHECK PASSED =====
GROUPBY: date_order:month
INVALID TECHNICAL HINT: date_order
RESOLVED FIELD: message_last_post
CONCEPT: month
RESOLUTION SCORE: 105.0

===== SEMANTIC FIELD REJECTED =====
SOURCE FIELD: sale
REASON: no field contains sufficient direct metadata evidence

===== SEMANTIC FIELD REJECTED =====
SOURCE FIELD: sales
REASON: no field contains sufficient direct metadata evidence

===== SEMANTIC FIELD REJECTED =====
SOURCE FIELD: sales order
REASON: no field contains sufficient direct metadata evidence

===== SEMANTIC FIELD REJECTED =====
SOURCE FIELD: revenue
REASON: no field contains sufficient direct metadata evidence

===== SEMANTIC CONCEPT KEPT AS CONTEXT =====
CONCEPT: sales
REASON: no sufficient metadata-backed field evidence; treated as entity/context concept

===== SEMANTIC FIELD REJECTED =====
SOURCE FIELD: profit
REASON: no field contains sufficient direct metadata evidence

===== SEMANTIC FIELD REJECTED =====
SOURCE FIELD: profitability
REASON: no field contains sufficient direct metadata evidence

===== SEMANTIC FIELD REJECTED =====
SOURCE FIELD: margin
REASON: no field contains sufficient direct metadata evidence

===== SEMANTIC CONCEPT KEPT AS CONTEXT =====
CONCEPT: profit
REASON: no sufficient metadata-backed field evidence; treated as entity/context concept

===== SEMANTIC FIELD ACCEPTED =====
SOURCE FIELD: date
SELECTED FIELD: message_last_post
SELECTED TYPE: datetime
SELECTED RELATION: False
SELECTED LABEL: Last Message Date
DIRECT SOURCE TOKENS: 1
SOURCE COVERAGE: 1.0
SCORE: 375.0

===== SEMANTIC FIELD REJECTED =====
SOURCE FIELD: month
REASON: no field contains sufficient direct metadata evidence

===== SEMANTIC FIELD REJECTED =====
SOURCE FIELD: monthly sales
REASON: no field contains sufficient direct metadata evidence

===== SEMANTIC FIELD REJECTED =====
SOURCE FIELD: date_order
REASON: no field contains sufficient direct metadata evidence

===== DYNAMIC TECHNICAL HINT UNRESOLVED =====
FIELD: date_order
REASON: planner technical hint could not be resolved against real metadata

===== DYNAMIC MODEL REJECTED =====
MODEL: mrp.workorder
MODEL SCORE: 6.0
REASON: required fields/concepts not fully compatible

----- CHECKING MODEL -----
MODEL: purchase.order
MODEL SCORE: 6.0
FIELD COUNT: 56

===== SEMANTIC FIELD REJECTED =====
SOURCE FIELD: sale
REASON: no field contains sufficient direct metadata evidence

===== SEMANTIC FIELD REJECTED =====
SOURCE FIELD: sales
BEST CANDIDATE: origin
BEST SCORE: 233.0
SECOND SCORE: 225.0
MARGIN: 8.0
REASON: ambiguous metadata-backed semantic resolution

===== SEMANTIC FIELD REJECTED =====
SOURCE FIELD: sales order
BEST CANDIDATE: origin
BEST SCORE: 308.0
SECOND SCORE: 300.0
MARGIN: 8.0
REASON: ambiguous metadata-backed semantic resolution

===== SEMANTIC FIELD REJECTED =====
SOURCE FIELD: revenue
REASON: no field contains sufficient direct metadata evidence

===== SEMANTIC FIELD REJECTED =====
SOURCE FIELD: sales
BEST CANDIDATE: origin
BEST SCORE: 233.0
SECOND SCORE: 225.0
MARGIN: 8.0
REASON: ambiguous metadata-backed semantic resolution

===== SEMANTIC FIELD REJECTED =====
SOURCE FIELD: profit
REASON: no field contains sufficient direct metadata evidence

===== SEMANTIC FIELD REJECTED =====
SOURCE FIELD: profitability
REASON: no field contains sufficient direct metadata evidence

===== SEMANTIC FIELD REJECTED =====
SOURCE FIELD: margin
REASON: no field contains sufficient direct metadata evidence

===== SEMANTIC FIELD REJECTED =====
SOURCE FIELD: profit
REASON: no field contains sufficient direct metadata evidence

===== SEMANTIC FIELD ACCEPTED =====
SOURCE FIELD: date
SELECTED FIELD: date_order
SELECTED TYPE: datetime
SELECTED RELATION: False
SELECTED LABEL: Order Date
DIRECT SOURCE TOKENS: 1
SOURCE COVERAGE: 1.0
SCORE: 445.0

===== GROUPBY SEMANTIC CHECK PASSED =====
GROUPBY: date_order:month
RESOLVED FIELD: date_order

===== SEMANTIC FIELD REJECTED =====
SOURCE FIELD: sale
REASON: no field contains sufficient direct metadata evidence

===== SEMANTIC FIELD REJECTED =====
SOURCE FIELD: sales
BEST CANDIDATE: origin
BEST SCORE: 233.0
SECOND SCORE: 225.0
MARGIN: 8.0
REASON: ambiguous metadata-backed semantic resolution

===== SEMANTIC FIELD REJECTED =====
SOURCE FIELD: sales order
BEST CANDIDATE: origin
BEST SCORE: 308.0
SECOND SCORE: 300.0
MARGIN: 8.0
REASON: ambiguous metadata-backed semantic resolution

===== SEMANTIC FIELD REJECTED =====
SOURCE FIELD: revenue
REASON: no field contains sufficient direct metadata evidence

===== SEMANTIC CONCEPT KEPT AS CONTEXT =====
CONCEPT: sales
REASON: no sufficient metadata-backed field evidence; treated as entity/context concept

===== SEMANTIC FIELD REJECTED =====
SOURCE FIELD: profit
REASON: no field contains sufficient direct metadata evidence

===== SEMANTIC FIELD REJECTED =====
SOURCE FIELD: profitability
REASON: no field contains sufficient direct metadata evidence

===== SEMANTIC FIELD REJECTED =====
SOURCE FIELD: margin
REASON: no field contains sufficient direct metadata evidence

===== SEMANTIC CONCEPT KEPT AS CONTEXT =====
CONCEPT: profit
REASON: no sufficient metadata-backed field evidence; treated as entity/context concept

===== SEMANTIC FIELD ACCEPTED =====
SOURCE FIELD: date
SELECTED FIELD: date_order
SELECTED TYPE: datetime
SELECTED RELATION: False
SELECTED LABEL: Order Date
DIRECT SOURCE TOKENS: 1
SOURCE COVERAGE: 1.0
SCORE: 445.0

===== SEMANTIC FIELD REJECTED =====
SOURCE FIELD: month
REASON: no field contains sufficient direct metadata evidence

===== SEMANTIC FIELD REJECTED =====
SOURCE FIELD: monthly sales
REASON: no field contains sufficient direct metadata evidence
FIELD COMPATIBLE: date_order -> date_order | exact technical match
FIELD COMPATIBLE: amount_total -> amount_total | exact technical match

===== DYNAMIC MODEL COMPATIBILITY PASSED =====
REQUIRED SEMANTIC CONCEPTS: [{'concept': 'sales', 'queries': ['sale', 'sales', 'sales order', 'revenue']}, {'concept': 'profit', 'queries': ['profit', 'profitability', 'margin']}, {'concept': 'month', 'queries': ['date', 'month', 'monthly sales']}]
REQUIRED FIELD HINTS: ['date_order', 'amount_total']
RESOLVED FIELDS: {'date_order:month': 'date_order', 'date': 'date_order', 'month': 'date_order', 'date_order': 'date_order', 'amount_total': 'amount_total'}

===== DYNAMIC MODEL ACCEPTED CANDIDATE =====
MODEL: purchase.order
MODEL SCORE: 6.0
SEMANTIC QUALITY SCORE: 1135.0
EXACT FIELD BONUS: 30.0
FINAL SCORE: 1171.0
RESOLVED FIELDS: {'date_order:month': 'date_order', 'date': 'date_order', 'month': 'date_order', 'date_order': 'date_order', 'amount_total': 'amount_total'}

----- CHECKING MODEL -----
MODEL: sale.advance.payment.inv
MODEL SCORE: 6.0
FIELD COUNT: 13

===== SEMANTIC FIELD REJECTED =====
SOURCE FIELD: date_order
REASON: no field contains sufficient direct metadata evidence

===== SEMANTIC FIELD REJECTED =====
SOURCE FIELD: sale
REASON: no field contains sufficient direct metadata evidence

===== SEMANTIC FIELD REJECTED =====
SOURCE FIELD: sales
REASON: no field contains sufficient direct metadata evidence

===== SEMANTIC FIELD REJECTED =====
SOURCE FIELD: sales order
REASON: no field contains sufficient direct metadata evidence

===== SEMANTIC FIELD REJECTED =====
SOURCE FIELD: revenue
REASON: no field contains sufficient direct metadata evidence

===== SEMANTIC FIELD REJECTED =====
SOURCE FIELD: sales
REASON: no field contains sufficient direct metadata evidence

===== SEMANTIC FIELD REJECTED =====
SOURCE FIELD: profit
REASON: no field contains sufficient direct metadata evidence

===== SEMANTIC FIELD REJECTED =====
SOURCE FIELD: profitability
REASON: no field contains sufficient direct metadata evidence

===== SEMANTIC FIELD REJECTED =====
SOURCE FIELD: margin
REASON: no field contains sufficient direct metadata evidence

===== SEMANTIC FIELD REJECTED =====
SOURCE FIELD: profit
REASON: no field contains sufficient direct metadata evidence

===== SEMANTIC FIELD ACCEPTED =====
SOURCE FIELD: date
SELECTED FIELD: write_date
SELECTED TYPE: datetime
SELECTED RELATION: False
SELECTED LABEL: Last Updated on
DIRECT SOURCE TOKENS: 1
SOURCE COVERAGE: 1.0
SCORE: 285.0

===== SEMANTIC FIELD REJECTED =====
SOURCE FIELD: month
REASON: no field contains sufficient direct metadata evidence

===== SEMANTIC FIELD REJECTED =====
SOURCE FIELD: monthly sales
REASON: no field contains sufficient direct metadata evidence

===== SEMANTIC FIELD REJECTED =====
SOURCE FIELD: month
REASON: no field contains sufficient direct metadata evidence

===== GROUPBY SEMANTIC CHECK PASSED =====
GROUPBY: date_order:month
INVALID TECHNICAL HINT: date_order
RESOLVED FIELD: write_date
CONCEPT: month
RESOLUTION SCORE: 105.0

===== SEMANTIC FIELD REJECTED =====
SOURCE FIELD: sale
REASON: no field contains sufficient direct metadata evidence

===== SEMANTIC FIELD REJECTED =====
SOURCE FIELD: sales
REASON: no field contains sufficient direct metadata evidence

===== SEMANTIC FIELD REJECTED =====
SOURCE FIELD: sales order
REASON: no field contains sufficient direct metadata evidence

===== SEMANTIC FIELD REJECTED =====
SOURCE FIELD: revenue
REASON: no field contains sufficient direct metadata evidence

===== SEMANTIC CONCEPT KEPT AS CONTEXT =====
CONCEPT: sales
REASON: no sufficient metadata-backed field evidence; treated as entity/context concept

===== SEMANTIC FIELD REJECTED =====
SOURCE FIELD: profit
REASON: no field contains sufficient direct metadata evidence

===== SEMANTIC FIELD REJECTED =====
SOURCE FIELD: profitability
REASON: no field contains sufficient direct metadata evidence

===== SEMANTIC FIELD REJECTED =====
SOURCE FIELD: margin
REASON: no field contains sufficient direct metadata evidence

===== SEMANTIC CONCEPT KEPT AS CONTEXT =====
CONCEPT: profit
REASON: no sufficient metadata-backed field evidence; treated as entity/context concept

===== SEMANTIC FIELD ACCEPTED =====
SOURCE FIELD: date
SELECTED FIELD: write_date
SELECTED TYPE: datetime
SELECTED RELATION: False
SELECTED LABEL: Last Updated on
DIRECT SOURCE TOKENS: 1
SOURCE COVERAGE: 1.0
SCORE: 285.0

===== SEMANTIC FIELD REJECTED =====
SOURCE FIELD: month
REASON: no field contains sufficient direct metadata evidence

===== SEMANTIC FIELD REJECTED =====
SOURCE FIELD: monthly sales
REASON: no field contains sufficient direct metadata evidence

===== SEMANTIC FIELD REJECTED =====
SOURCE FIELD: date_order
REASON: no field contains sufficient direct metadata evidence

===== DYNAMIC TECHNICAL HINT UNRESOLVED =====
FIELD: date_order
REASON: planner technical hint could not be resolved against real metadata

===== DYNAMIC MODEL REJECTED =====
MODEL: sale.advance.payment.inv
MODEL SCORE: 6.0
REASON: required fields/concepts not fully compatible

----- CHECKING MODEL -----
MODEL: purchase.order.line
MODEL SCORE: 4.0
FIELD COUNT: 44

===== SEMANTIC FIELD REJECTED =====
SOURCE FIELD: sale
REASON: no field contains sufficient direct metadata evidence

===== SEMANTIC FIELD REJECTED =====
SOURCE FIELD: sales
REASON: no field contains sufficient direct metadata evidence

===== SEMANTIC FIELD REJECTED =====
SOURCE FIELD: sales order
REASON: no field contains sufficient direct metadata evidence

===== SEMANTIC FIELD REJECTED =====
SOURCE FIELD: revenue
REASON: no field contains sufficient direct metadata evidence

===== SEMANTIC FIELD REJECTED =====
SOURCE FIELD: sales
REASON: no field contains sufficient direct metadata evidence

===== SEMANTIC FIELD REJECTED =====
SOURCE FIELD: profit
REASON: no field contains sufficient direct metadata evidence

===== SEMANTIC FIELD REJECTED =====
SOURCE FIELD: profitability
REASON: no field contains sufficient direct metadata evidence

===== SEMANTIC FIELD REJECTED =====
SOURCE FIELD: margin
REASON: no field contains sufficient direct metadata evidence

===== SEMANTIC FIELD REJECTED =====
SOURCE FIELD: profit
REASON: no field contains sufficient direct metadata evidence

===== SEMANTIC FIELD ACCEPTED =====
SOURCE FIELD: date
SELECTED FIELD: date_order
SELECTED TYPE: datetime
SELECTED RELATION: False
SELECTED LABEL: Order Date
DIRECT SOURCE TOKENS: 1
SOURCE COVERAGE: 1.0
SCORE: 435.0

===== GROUPBY SEMANTIC CHECK PASSED =====
GROUPBY: date_order:month
RESOLVED FIELD: date_order

===== SEMANTIC FIELD REJECTED =====
SOURCE FIELD: sale
REASON: no field contains sufficient direct metadata evidence

===== SEMANTIC FIELD REJECTED =====
SOURCE FIELD: sales
REASON: no field contains sufficient direct metadata evidence

===== SEMANTIC FIELD REJECTED =====
SOURCE FIELD: sales order
REASON: no field contains sufficient direct metadata evidence

===== SEMANTIC FIELD REJECTED =====
SOURCE FIELD: revenue
REASON: no field contains sufficient direct metadata evidence

===== SEMANTIC CONCEPT KEPT AS CONTEXT =====
CONCEPT: sales
REASON: no sufficient metadata-backed field evidence; treated as entity/context concept

===== SEMANTIC FIELD REJECTED =====
SOURCE FIELD: profit
REASON: no field contains sufficient direct metadata evidence

===== SEMANTIC FIELD REJECTED =====
SOURCE FIELD: profitability
REASON: no field contains sufficient direct metadata evidence

===== SEMANTIC FIELD REJECTED =====
SOURCE FIELD: margin
REASON: no field contains sufficient direct metadata evidence

===== SEMANTIC CONCEPT KEPT AS CONTEXT =====
CONCEPT: profit
REASON: no sufficient metadata-backed field evidence; treated as entity/context concept

===== SEMANTIC FIELD ACCEPTED =====
SOURCE FIELD: date
SELECTED FIELD: date_order
SELECTED TYPE: datetime
SELECTED RELATION: False
SELECTED LABEL: Order Date
DIRECT SOURCE TOKENS: 1
SOURCE COVERAGE: 1.0
SCORE: 435.0

===== SEMANTIC FIELD REJECTED =====
SOURCE FIELD: month
REASON: no field contains sufficient direct metadata evidence

===== SEMANTIC FIELD REJECTED =====
SOURCE FIELD: monthly sales
REASON: no field contains sufficient direct metadata evidence
FIELD COMPATIBLE: date_order -> date_order | exact technical match

===== SEMANTIC FIELD REJECTED =====
SOURCE FIELD: amount_total
REASON: no field contains sufficient direct metadata evidence

===== DYNAMIC TECHNICAL HINT UNRESOLVED =====
FIELD: amount_total
REASON: planner technical hint could not be resolved against real metadata

===== DYNAMIC MODEL REJECTED =====
MODEL: purchase.order.line
MODEL SCORE: 4.0
REASON: required fields/concepts not fully compatible

----- CHECKING MODEL -----
MODEL: _unknown
MODEL SCORE: 0.0
FIELD COUNT: 3

===== SEMANTIC FIELD REJECTED =====
SOURCE FIELD: date_order
REASON: no field contains sufficient direct metadata evidence

===== SEMANTIC FIELD REJECTED =====
SOURCE FIELD: sale
REASON: no field contains sufficient direct metadata evidence

===== SEMANTIC FIELD REJECTED =====
SOURCE FIELD: sales
REASON: no field contains sufficient direct metadata evidence

===== SEMANTIC FIELD REJECTED =====
SOURCE FIELD: sales order
REASON: no field contains sufficient direct metadata evidence

===== SEMANTIC FIELD REJECTED =====
SOURCE FIELD: revenue
REASON: no field contains sufficient direct metadata evidence

===== SEMANTIC FIELD REJECTED =====
SOURCE FIELD: sales
REASON: no field contains sufficient direct metadata evidence

===== SEMANTIC FIELD REJECTED =====
SOURCE FIELD: profit
REASON: no field contains sufficient direct metadata evidence

===== SEMANTIC FIELD REJECTED =====
SOURCE FIELD: profitability
REASON: no field contains sufficient direct metadata evidence

===== SEMANTIC FIELD REJECTED =====
SOURCE FIELD: margin
REASON: no field contains sufficient direct metadata evidence

===== SEMANTIC FIELD REJECTED =====
SOURCE FIELD: profit
REASON: no field contains sufficient direct metadata evidence

===== SEMANTIC FIELD REJECTED =====
SOURCE FIELD: date
REASON: no field contains sufficient direct metadata evidence

===== SEMANTIC FIELD REJECTED =====
SOURCE FIELD: month
REASON: no field contains sufficient direct metadata evidence

===== SEMANTIC FIELD REJECTED =====
SOURCE FIELD: monthly sales
REASON: no field contains sufficient direct metadata evidence

===== SEMANTIC FIELD REJECTED =====
SOURCE FIELD: month
REASON: no field contains sufficient direct metadata evidence

===== GROUPBY SEMANTIC CHECK FAILED =====
GROUPBY: date_order:month
REASON: technical hint does not exist and no metadata-backed semantic replacement was found

===== DYNAMIC MODEL COMPATIBILITY FAILED =====
REASON: groupby is not compatible with real Odoo metadata

===== DYNAMIC MODEL REJECTED =====
MODEL: _unknown
MODEL SCORE: 0.0
REASON: required fields/concepts not fully compatible

----- CHECKING MODEL -----
MODEL: account.abstract.payment
MODEL SCORE: 0.0
FIELD COUNT: 15

===== SEMANTIC FIELD REJECTED =====
SOURCE FIELD: date_order
REASON: no field contains sufficient direct metadata evidence

===== SEMANTIC FIELD REJECTED =====
SOURCE FIELD: sale
REASON: no field contains sufficient direct metadata evidence

===== SEMANTIC FIELD REJECTED =====
SOURCE FIELD: sales
REASON: no field contains sufficient direct metadata evidence

===== SEMANTIC FIELD REJECTED =====
SOURCE FIELD: sales order
REASON: no field contains sufficient direct metadata evidence

===== SEMANTIC FIELD REJECTED =====
SOURCE FIELD: revenue
REASON: no field contains sufficient direct metadata evidence

===== SEMANTIC FIELD REJECTED =====
SOURCE FIELD: sales
REASON: no field contains sufficient direct metadata evidence

===== SEMANTIC FIELD REJECTED =====
SOURCE FIELD: profit
REASON: no field contains sufficient direct metadata evidence

===== SEMANTIC FIELD REJECTED =====
SOURCE FIELD: profitability
REASON: no field contains sufficient direct metadata evidence

===== SEMANTIC FIELD REJECTED =====
SOURCE FIELD: margin
REASON: no field contains sufficient direct metadata evidence

===== SEMANTIC FIELD REJECTED =====
SOURCE FIELD: profit
REASON: no field contains sufficient direct metadata evidence

===== SEMANTIC FIELD ACCEPTED =====
SOURCE FIELD: date
SELECTED FIELD: payment_date
SELECTED TYPE: date
SELECTED RELATION: False
SELECTED LABEL: Payment Date
DIRECT SOURCE TOKENS: 1
SOURCE COVERAGE: 1.0
SCORE: 345.0

===== SEMANTIC FIELD REJECTED =====
SOURCE FIELD: month
REASON: no field contains sufficient direct metadata evidence

===== SEMANTIC FIELD REJECTED =====
SOURCE FIELD: monthly sales
REASON: no field contains sufficient direct metadata evidence

===== SEMANTIC FIELD REJECTED =====
SOURCE FIELD: month
REASON: no field contains sufficient direct metadata evidence

===== GROUPBY SEMANTIC CHECK PASSED =====
GROUPBY: date_order:month
INVALID TECHNICAL HINT: date_order
RESOLVED FIELD: payment_date
CONCEPT: month
RESOLUTION SCORE: 105.0

===== SEMANTIC FIELD REJECTED =====
SOURCE FIELD: sale
REASON: no field contains sufficient direct metadata evidence

===== SEMANTIC FIELD REJECTED =====
SOURCE FIELD: sales
REASON: no field contains sufficient direct metadata evidence

===== SEMANTIC FIELD REJECTED =====
SOURCE FIELD: sales order
REASON: no field contains sufficient direct metadata evidence

===== SEMANTIC FIELD REJECTED =====
SOURCE FIELD: revenue
REASON: no field contains sufficient direct metadata evidence

===== SEMANTIC CONCEPT KEPT AS CONTEXT =====
CONCEPT: sales
REASON: no sufficient metadata-backed field evidence; treated as entity/context concept

===== SEMANTIC FIELD REJECTED =====
SOURCE FIELD: profit
REASON: no field contains sufficient direct metadata evidence

===== SEMANTIC FIELD REJECTED =====
SOURCE FIELD: profitability
REASON: no field contains sufficient direct metadata evidence

===== SEMANTIC FIELD REJECTED =====
SOURCE FIELD: margin
REASON: no field contains sufficient direct metadata evidence

===== SEMANTIC CONCEPT KEPT AS CONTEXT =====
CONCEPT: profit
REASON: no sufficient metadata-backed field evidence; treated as entity/context concept

===== SEMANTIC FIELD ACCEPTED =====
SOURCE FIELD: date
SELECTED FIELD: payment_date
SELECTED TYPE: date
SELECTED RELATION: False
SELECTED LABEL: Payment Date
DIRECT SOURCE TOKENS: 1
SOURCE COVERAGE: 1.0
SCORE: 345.0

===== SEMANTIC FIELD REJECTED =====
SOURCE FIELD: month
REASON: no field contains sufficient direct metadata evidence

===== SEMANTIC FIELD REJECTED =====
SOURCE FIELD: monthly sales
REASON: no field contains sufficient direct metadata evidence

===== SEMANTIC FIELD REJECTED =====
SOURCE FIELD: date_order
REASON: no field contains sufficient direct metadata evidence

===== DYNAMIC TECHNICAL HINT UNRESOLVED =====
FIELD: date_order
REASON: planner technical hint could not be resolved against real metadata

===== DYNAMIC MODEL REJECTED =====
MODEL: account.abstract.payment
MODEL SCORE: 0.0
REASON: required fields/concepts not fully compatible

----- CHECKING MODEL -----
MODEL: account.account
MODEL SCORE: 0.0
FIELD COUNT: 22

===== SEMANTIC FIELD REJECTED =====
SOURCE FIELD: date_order
REASON: no field contains sufficient direct metadata evidence

===== SEMANTIC FIELD REJECTED =====
SOURCE FIELD: sale
REASON: no field contains sufficient direct metadata evidence

===== SEMANTIC FIELD REJECTED =====
SOURCE FIELD: sales
REASON: no field contains sufficient direct metadata evidence

===== SEMANTIC FIELD REJECTED =====
SOURCE FIELD: sales order
REASON: no field contains sufficient direct metadata evidence

===== SEMANTIC FIELD REJECTED =====
SOURCE FIELD: revenue
REASON: no field contains sufficient direct metadata evidence

===== SEMANTIC FIELD REJECTED =====
SOURCE FIELD: sales
REASON: no field contains sufficient direct metadata evidence

===== SEMANTIC FIELD REJECTED =====
SOURCE FIELD: profit
REASON: no field contains sufficient direct metadata evidence

===== SEMANTIC FIELD REJECTED =====
SOURCE FIELD: profitability
REASON: no field contains sufficient direct metadata evidence

===== SEMANTIC FIELD REJECTED =====
SOURCE FIELD: margin
REASON: no field contains sufficient direct metadata evidence

===== SEMANTIC FIELD REJECTED =====
SOURCE FIELD: profit
REASON: no field contains sufficient direct metadata evidence

===== SEMANTIC FIELD REJECTED =====
SOURCE FIELD: date
BEST CANDIDATE: write_date
BEST SCORE: 285.0
SECOND SCORE: 275.0
MARGIN: 10.0
REASON: ambiguous metadata-backed semantic resolution

===== SEMANTIC FIELD REJECTED =====
SOURCE FIELD: month
REASON: no field contains sufficient direct metadata evidence

===== SEMANTIC FIELD REJECTED =====
SOURCE FIELD: monthly sales
REASON: no field contains sufficient direct metadata evidence

===== SEMANTIC FIELD REJECTED =====
SOURCE FIELD: month
REASON: no field contains sufficient direct metadata evidence

===== GROUPBY SEMANTIC CHECK FAILED =====
GROUPBY: date_order:month
REASON: technical hint does not exist and no metadata-backed semantic replacement was found

===== DYNAMIC MODEL COMPATIBILITY FAILED =====
REASON: groupby is not compatible with real Odoo metadata

===== DYNAMIC MODEL REJECTED =====
MODEL: account.account
MODEL SCORE: 0.0
REASON: required fields/concepts not fully compatible

----- CHECKING MODEL -----
MODEL: account.account.tag
MODEL SCORE: 0.0
FIELD COUNT: 11

===== SEMANTIC FIELD REJECTED =====
SOURCE FIELD: date_order
REASON: no field contains sufficient direct metadata evidence

===== SEMANTIC FIELD REJECTED =====
SOURCE FIELD: sale
REASON: no field contains sufficient direct metadata evidence

===== SEMANTIC FIELD REJECTED =====
SOURCE FIELD: sales
REASON: no field contains sufficient direct metadata evidence

===== SEMANTIC FIELD REJECTED =====
SOURCE FIELD: sales order
REASON: no field contains sufficient direct metadata evidence

===== SEMANTIC FIELD REJECTED =====
SOURCE FIELD: revenue
REASON: no field contains sufficient direct metadata evidence

===== SEMANTIC FIELD REJECTED =====
SOURCE FIELD: sales
REASON: no field contains sufficient direct metadata evidence

===== SEMANTIC FIELD REJECTED =====
SOURCE FIELD: profit
REASON: no field contains sufficient direct metadata evidence

===== SEMANTIC FIELD REJECTED =====
SOURCE FIELD: profitability
REASON: no field contains sufficient direct metadata evidence

===== SEMANTIC FIELD REJECTED =====
SOURCE FIELD: margin
REASON: no field contains sufficient direct metadata evidence

===== SEMANTIC FIELD REJECTED =====
SOURCE FIELD: profit
REASON: no field contains sufficient direct metadata evidence

===== SEMANTIC FIELD ACCEPTED =====
SOURCE FIELD: date
SELECTED FIELD: write_date
SELECTED TYPE: datetime
SELECTED RELATION: False
SELECTED LABEL: Last Updated on
DIRECT SOURCE TOKENS: 1
SOURCE COVERAGE: 1.0
SCORE: 285.0

===== SEMANTIC FIELD REJECTED =====
SOURCE FIELD: month
REASON: no field contains sufficient direct metadata evidence

===== SEMANTIC FIELD REJECTED =====
SOURCE FIELD: monthly sales
REASON: no field contains sufficient direct metadata evidence

===== SEMANTIC FIELD REJECTED =====
SOURCE FIELD: month
REASON: no field contains sufficient direct metadata evidence

===== GROUPBY SEMANTIC CHECK PASSED =====
GROUPBY: date_order:month
INVALID TECHNICAL HINT: date_order
RESOLVED FIELD: write_date
CONCEPT: month
RESOLUTION SCORE: 105.0

===== SEMANTIC FIELD REJECTED =====
SOURCE FIELD: sale
REASON: no field contains sufficient direct metadata evidence

===== SEMANTIC FIELD REJECTED =====
SOURCE FIELD: sales
REASON: no field contains sufficient direct metadata evidence

===== SEMANTIC FIELD REJECTED =====
SOURCE FIELD: sales order
REASON: no field contains sufficient direct metadata evidence

===== SEMANTIC FIELD REJECTED =====
SOURCE FIELD: revenue
REASON: no field contains sufficient direct metadata evidence

===== SEMANTIC CONCEPT KEPT AS CONTEXT =====
CONCEPT: sales
REASON: no sufficient metadata-backed field evidence; treated as entity/context concept

===== SEMANTIC FIELD REJECTED =====
SOURCE FIELD: profit
REASON: no field contains sufficient direct metadata evidence

===== SEMANTIC FIELD REJECTED =====
SOURCE FIELD: profitability
REASON: no field contains sufficient direct metadata evidence

===== SEMANTIC FIELD REJECTED =====
SOURCE FIELD: margin
REASON: no field contains sufficient direct metadata evidence

===== SEMANTIC CONCEPT KEPT AS CONTEXT =====
CONCEPT: profit
REASON: no sufficient metadata-backed field evidence; treated as entity/context concept

===== SEMANTIC FIELD ACCEPTED =====
SOURCE FIELD: date
SELECTED FIELD: write_date
SELECTED TYPE: datetime
SELECTED RELATION: False
SELECTED LABEL: Last Updated on
DIRECT SOURCE TOKENS: 1
SOURCE COVERAGE: 1.0
SCORE: 285.0

===== SEMANTIC FIELD REJECTED =====
SOURCE FIELD: month
REASON: no field contains sufficient direct metadata evidence

===== SEMANTIC FIELD REJECTED =====
SOURCE FIELD: monthly sales
REASON: no field contains sufficient direct metadata evidence

===== SEMANTIC FIELD REJECTED =====
SOURCE FIELD: date_order
REASON: no field contains sufficient direct metadata evidence

===== DYNAMIC TECHNICAL HINT UNRESOLVED =====
FIELD: date_order
REASON: planner technical hint could not be resolved against real metadata

===== DYNAMIC MODEL REJECTED =====
MODEL: account.account.tag
MODEL SCORE: 0.0
REASON: required fields/concepts not fully compatible

----- CHECKING MODEL -----
MODEL: account.account.template
MODEL SCORE: 0.0
FIELD COUNT: 18

===== SEMANTIC FIELD REJECTED =====
SOURCE FIELD: date_order
REASON: no field contains sufficient direct metadata evidence

===== SEMANTIC FIELD REJECTED =====
SOURCE FIELD: sale
REASON: no field contains sufficient direct metadata evidence

===== SEMANTIC FIELD REJECTED =====
SOURCE FIELD: sales
REASON: no field contains sufficient direct metadata evidence

===== SEMANTIC FIELD REJECTED =====
SOURCE FIELD: sales order
REASON: no field contains sufficient direct metadata evidence

===== SEMANTIC FIELD REJECTED =====
SOURCE FIELD: revenue
REASON: no field contains sufficient direct metadata evidence

===== SEMANTIC FIELD REJECTED =====
SOURCE FIELD: sales
REASON: no field contains sufficient direct metadata evidence

===== SEMANTIC FIELD REJECTED =====
SOURCE FIELD: profit
REASON: no field contains sufficient direct metadata evidence

===== SEMANTIC FIELD REJECTED =====
SOURCE FIELD: profitability
REASON: no field contains sufficient direct metadata evidence

===== SEMANTIC FIELD REJECTED =====
SOURCE FIELD: margin
REASON: no field contains sufficient direct metadata evidence

===== SEMANTIC FIELD REJECTED =====
SOURCE FIELD: profit
REASON: no field contains sufficient direct metadata evidence

===== SEMANTIC FIELD ACCEPTED =====
SOURCE FIELD: date
SELECTED FIELD: write_date
SELECTED TYPE: datetime
SELECTED RELATION: False
SELECTED LABEL: Last Updated on
DIRECT SOURCE TOKENS: 1
SOURCE COVERAGE: 1.0
SCORE: 285.0

===== SEMANTIC FIELD REJECTED =====
SOURCE FIELD: month
REASON: no field contains sufficient direct metadata evidence

===== SEMANTIC FIELD REJECTED =====
SOURCE FIELD: monthly sales
REASON: no field contains sufficient direct metadata evidence

===== SEMANTIC FIELD REJECTED =====
SOURCE FIELD: month
REASON: no field contains sufficient direct metadata evidence

===== GROUPBY SEMANTIC CHECK PASSED =====
GROUPBY: date_order:month
INVALID TECHNICAL HINT: date_order
RESOLVED FIELD: write_date
CONCEPT: month
RESOLUTION SCORE: 105.0

===== SEMANTIC FIELD REJECTED =====
SOURCE FIELD: sale
REASON: no field contains sufficient direct metadata evidence

===== SEMANTIC FIELD REJECTED =====
SOURCE FIELD: sales
REASON: no field contains sufficient direct metadata evidence

===== SEMANTIC FIELD REJECTED =====
SOURCE FIELD: sales order
REASON: no field contains sufficient direct metadata evidence

===== SEMANTIC FIELD REJECTED =====
SOURCE FIELD: revenue
REASON: no field contains sufficient direct metadata evidence

===== SEMANTIC CONCEPT KEPT AS CONTEXT =====
CONCEPT: sales
REASON: no sufficient metadata-backed field evidence; treated as entity/context concept

===== SEMANTIC FIELD REJECTED =====
SOURCE FIELD: profit
REASON: no field contains sufficient direct metadata evidence

===== SEMANTIC FIELD REJECTED =====
SOURCE FIELD: profitability
REASON: no field contains sufficient direct metadata evidence

===== SEMANTIC FIELD REJECTED =====
SOURCE FIELD: margin
REASON: no field contains sufficient direct metadata evidence

===== SEMANTIC CONCEPT KEPT AS CONTEXT =====
CONCEPT: profit
REASON: no sufficient metadata-backed field evidence; treated as entity/context concept

===== SEMANTIC FIELD ACCEPTED =====
SOURCE FIELD: date
SELECTED FIELD: write_date
SELECTED TYPE: datetime
SELECTED RELATION: False
SELECTED LABEL: Last Updated on
DIRECT SOURCE TOKENS: 1
SOURCE COVERAGE: 1.0
SCORE: 285.0

===== SEMANTIC FIELD REJECTED =====
SOURCE FIELD: month
REASON: no field contains sufficient direct metadata evidence

===== SEMANTIC FIELD REJECTED =====
SOURCE FIELD: monthly sales
REASON: no field contains sufficient direct metadata evidence

===== SEMANTIC FIELD REJECTED =====
SOURCE FIELD: date_order
REASON: no field contains sufficient direct metadata evidence

===== DYNAMIC TECHNICAL HINT UNRESOLVED =====
FIELD: date_order
REASON: planner technical hint could not be resolved against real metadata

===== DYNAMIC MODEL REJECTED =====
MODEL: account.account.template
MODEL SCORE: 0.0
REASON: required fields/concepts not fully compatible

----- CHECKING MODEL -----
MODEL: account.account.type
MODEL SCORE: 0.0
FIELD COUNT: 11

===== SEMANTIC FIELD REJECTED =====
SOURCE FIELD: date_order
REASON: no field contains sufficient direct metadata evidence

===== SEMANTIC FIELD REJECTED =====
SOURCE FIELD: sale
REASON: no field contains sufficient direct metadata evidence

===== SEMANTIC FIELD REJECTED =====
SOURCE FIELD: sales
REASON: no field contains sufficient direct metadata evidence

===== SEMANTIC FIELD REJECTED =====
SOURCE FIELD: sales order
REASON: no field contains sufficient direct metadata evidence

===== SEMANTIC FIELD ACCEPTED =====
SOURCE FIELD: revenue
SELECTED FIELD: include_initial_balance
SELECTED TYPE: boolean
SELECTED RELATION: False
SELECTED LABEL: Bring Accounts Balance Forward
DIRECT SOURCE TOKENS: 1
SOURCE COVERAGE: 1.0
SCORE: 225.0

===== SEMANTIC FIELD REJECTED =====
SOURCE FIELD: sales
REASON: no field contains sufficient direct metadata evidence

===== SEMANTIC FIELD REJECTED =====
SOURCE FIELD: profit
REASON: no field contains sufficient direct metadata evidence

===== SEMANTIC FIELD REJECTED =====
SOURCE FIELD: profitability
REASON: no field contains sufficient direct metadata evidence

===== SEMANTIC FIELD REJECTED =====
SOURCE FIELD: margin
REASON: no field contains sufficient direct metadata evidence

===== SEMANTIC FIELD REJECTED =====
SOURCE FIELD: profit
REASON: no field contains sufficient direct metadata evidence

===== SEMANTIC FIELD ACCEPTED =====
SOURCE FIELD: date
SELECTED FIELD: write_date
SELECTED TYPE: datetime
SELECTED RELATION: False
SELECTED LABEL: Last Updated on
DIRECT SOURCE TOKENS: 1
SOURCE COVERAGE: 1.0
SCORE: 285.0

===== SEMANTIC FIELD REJECTED =====
SOURCE FIELD: month
REASON: no field contains sufficient direct metadata evidence

===== SEMANTIC FIELD REJECTED =====
SOURCE FIELD: monthly sales
REASON: no field contains sufficient direct metadata evidence

===== SEMANTIC FIELD REJECTED =====
SOURCE FIELD: month
REASON: no field contains sufficient direct metadata evidence

===== GROUPBY SEMANTIC CHECK PASSED =====
GROUPBY: date_order:month
INVALID TECHNICAL HINT: date_order
RESOLVED FIELD: write_date
CONCEPT: month
RESOLUTION SCORE: 105.0

===== SEMANTIC FIELD REJECTED =====
SOURCE FIELD: sale
REASON: no field contains sufficient direct metadata evidence

===== SEMANTIC FIELD REJECTED =====
SOURCE FIELD: sales
REASON: no field contains sufficient direct metadata evidence

===== SEMANTIC FIELD REJECTED =====
SOURCE FIELD: sales order
REASON: no field contains sufficient direct metadata evidence

===== SEMANTIC FIELD ACCEPTED =====
SOURCE FIELD: revenue
SELECTED FIELD: include_initial_balance
SELECTED TYPE: boolean
SELECTED RELATION: False
SELECTED LABEL: Bring Accounts Balance Forward
DIRECT SOURCE TOKENS: 1
SOURCE COVERAGE: 1.0
SCORE: 225.0

===== SEMANTIC FIELD REJECTED =====
SOURCE FIELD: profit
REASON: no field contains sufficient direct metadata evidence

===== SEMANTIC FIELD REJECTED =====
SOURCE FIELD: profitability
REASON: no field contains sufficient direct metadata evidence

===== SEMANTIC FIELD REJECTED =====
SOURCE FIELD: margin
REASON: no field contains sufficient direct metadata evidence

===== SEMANTIC CONCEPT KEPT AS CONTEXT =====
CONCEPT: profit
REASON: no sufficient metadata-backed field evidence; treated as entity/context concept

===== SEMANTIC FIELD ACCEPTED =====
SOURCE FIELD: date
SELECTED FIELD: write_date
SELECTED TYPE: datetime
SELECTED RELATION: False
SELECTED LABEL: Last Updated on
DIRECT SOURCE TOKENS: 1
SOURCE COVERAGE: 1.0
SCORE: 285.0

===== SEMANTIC FIELD REJECTED =====
SOURCE FIELD: month
REASON: no field contains sufficient direct metadata evidence

===== SEMANTIC FIELD REJECTED =====
SOURCE FIELD: monthly sales
REASON: no field contains sufficient direct metadata evidence

===== SEMANTIC FIELD REJECTED =====
SOURCE FIELD: date_order
REASON: no field contains sufficient direct metadata evidence

===== DYNAMIC TECHNICAL HINT UNRESOLVED =====
FIELD: date_order
REASON: planner technical hint could not be resolved against real metadata

===== DYNAMIC MODEL REJECTED =====
MODEL: account.account.type
MODEL SCORE: 0.0
REASON: required fields/concepts not fully compatible

----- CHECKING MODEL -----
MODEL: account.aged.trial.balance
MODEL SCORE: 0.0
FIELD COUNT: 14

===== SEMANTIC FIELD REJECTED =====
SOURCE FIELD: date_order
REASON: no field contains sufficient direct metadata evidence

===== SEMANTIC FIELD REJECTED =====
SOURCE FIELD: sale
REASON: no field contains sufficient direct metadata evidence

===== SEMANTIC FIELD REJECTED =====
SOURCE FIELD: sales
REASON: no field contains sufficient direct metadata evidence

===== SEMANTIC FIELD REJECTED =====
SOURCE FIELD: sales order
REASON: no field contains sufficient direct metadata evidence

===== SEMANTIC FIELD REJECTED =====
SOURCE FIELD: revenue
REASON: no field contains sufficient direct metadata evidence

===== SEMANTIC FIELD REJECTED =====
SOURCE FIELD: sales
REASON: no field contains sufficient direct metadata evidence

===== SEMANTIC FIELD REJECTED =====
SOURCE FIELD: profit
REASON: no field contains sufficient direct metadata evidence

===== SEMANTIC FIELD REJECTED =====
SOURCE FIELD: profitability
REASON: no field contains sufficient direct metadata evidence

===== SEMANTIC FIELD REJECTED =====
SOURCE FIELD: margin
REASON: no field contains sufficient direct metadata evidence

===== SEMANTIC FIELD REJECTED =====
SOURCE FIELD: profit
REASON: no field contains sufficient direct metadata evidence

===== SEMANTIC FIELD REJECTED =====
SOURCE FIELD: date
BEST CANDIDATE: date_from
BEST SCORE: 345.0
SECOND SCORE: 345.0
MARGIN: 0.0
REASON: ambiguous metadata-backed semantic resolution

===== SEMANTIC FIELD REJECTED =====
SOURCE FIELD: month
REASON: no field contains sufficient direct metadata evidence

===== SEMANTIC FIELD REJECTED =====
SOURCE FIELD: monthly sales
REASON: no field contains sufficient direct metadata evidence

===== SEMANTIC FIELD REJECTED =====
SOURCE FIELD: month
REASON: no field contains sufficient direct metadata evidence

===== GROUPBY SEMANTIC CHECK FAILED =====
GROUPBY: date_order:month
REASON: technical hint does not exist and no metadata-backed semantic replacement was found

===== DYNAMIC MODEL COMPATIBILITY FAILED =====
REASON: groupby is not compatible with real Odoo metadata

===== DYNAMIC MODEL REJECTED =====
MODEL: account.aged.trial.balance
MODEL SCORE: 0.0
REASON: required fields/concepts not fully compatible

----- CHECKING MODEL -----
MODEL: account.analytic.account
MODEL SCORE: 0.0
FIELD COUNT: 29

===== SEMANTIC FIELD REJECTED =====
SOURCE FIELD: date_order
REASON: no field contains sufficient direct metadata evidence

===== SEMANTIC FIELD REJECTED =====
SOURCE FIELD: sale
REASON: no field contains sufficient direct metadata evidence

===== SEMANTIC FIELD REJECTED =====
SOURCE FIELD: sales
REASON: no field contains sufficient direct metadata evidence

===== SEMANTIC FIELD REJECTED =====
SOURCE FIELD: sales order
REASON: no field contains sufficient direct metadata evidence

===== SEMANTIC FIELD REJECTED =====
SOURCE FIELD: revenue
REASON: no field contains sufficient direct metadata evidence

===== SEMANTIC FIELD REJECTED =====
SOURCE FIELD: sales
REASON: no field contains sufficient direct metadata evidence

===== SEMANTIC FIELD REJECTED =====
SOURCE FIELD: profit
REASON: no field contains sufficient direct metadata evidence

===== SEMANTIC FIELD REJECTED =====
SOURCE FIELD: profitability
REASON: no field contains sufficient direct metadata evidence

===== SEMANTIC FIELD REJECTED =====
SOURCE FIELD: margin
REASON: no field contains sufficient direct metadata evidence

===== SEMANTIC FIELD REJECTED =====
SOURCE FIELD: profit
REASON: no field contains sufficient direct metadata evidence

===== SEMANTIC FIELD ACCEPTED =====
SOURCE FIELD: date
SELECTED FIELD: message_last_post
SELECTED TYPE: datetime
SELECTED RELATION: False
SELECTED LABEL: Last Message Date
DIRECT SOURCE TOKENS: 1
SOURCE COVERAGE: 1.0
SCORE: 375.0

===== SEMANTIC FIELD REJECTED =====
SOURCE FIELD: month
REASON: no field contains sufficient direct metadata evidence

===== SEMANTIC FIELD REJECTED =====
SOURCE FIELD: monthly sales
REASON: no field contains sufficient direct metadata evidence

===== SEMANTIC FIELD REJECTED =====
SOURCE FIELD: month
REASON: no field contains sufficient direct metadata evidence

===== GROUPBY SEMANTIC CHECK PASSED =====
GROUPBY: date_order:month
INVALID TECHNICAL HINT: date_order
RESOLVED FIELD: message_last_post
CONCEPT: month
RESOLUTION SCORE: 105.0

===== SEMANTIC FIELD REJECTED =====
SOURCE FIELD: sale
REASON: no field contains sufficient direct metadata evidence

===== SEMANTIC FIELD REJECTED =====
SOURCE FIELD: sales
REASON: no field contains sufficient direct metadata evidence

===== SEMANTIC FIELD REJECTED =====
SOURCE FIELD: sales order
REASON: no field contains sufficient direct metadata evidence

===== SEMANTIC FIELD REJECTED =====
SOURCE FIELD: revenue
REASON: no field contains sufficient direct metadata evidence

===== SEMANTIC CONCEPT KEPT AS CONTEXT =====
CONCEPT: sales
REASON: no sufficient metadata-backed field evidence; treated as entity/context concept

===== SEMANTIC FIELD REJECTED =====
SOURCE FIELD: profit
REASON: no field contains sufficient direct metadata evidence

===== SEMANTIC FIELD REJECTED =====
SOURCE FIELD: profitability
REASON: no field contains sufficient direct metadata evidence

===== SEMANTIC FIELD REJECTED =====
SOURCE FIELD: margin
REASON: no field contains sufficient direct metadata evidence

===== SEMANTIC CONCEPT KEPT AS CONTEXT =====
CONCEPT: profit
REASON: no sufficient metadata-backed field evidence; treated as entity/context concept

===== SEMANTIC FIELD ACCEPTED =====
SOURCE FIELD: date
SELECTED FIELD: message_last_post
SELECTED TYPE: datetime
SELECTED RELATION: False
SELECTED LABEL: Last Message Date
DIRECT SOURCE TOKENS: 1
SOURCE COVERAGE: 1.0
SCORE: 375.0

===== SEMANTIC FIELD REJECTED =====
SOURCE FIELD: month
REASON: no field contains sufficient direct metadata evidence

===== SEMANTIC FIELD REJECTED =====
SOURCE FIELD: monthly sales
REASON: no field contains sufficient direct metadata evidence

===== SEMANTIC FIELD REJECTED =====
SOURCE FIELD: date_order
REASON: no field contains sufficient direct metadata evidence

===== DYNAMIC TECHNICAL HINT UNRESOLVED =====
FIELD: date_order
REASON: planner technical hint could not be resolved against real metadata

===== DYNAMIC MODEL REJECTED =====
MODEL: account.analytic.account
MODEL SCORE: 0.0
REASON: required fields/concepts not fully compatible

----- CHECKING MODEL -----
MODEL: account.analytic.tag
MODEL SCORE: 0.0
FIELD COUNT: 10

===== SEMANTIC FIELD REJECTED =====
SOURCE FIELD: date_order
REASON: no field contains sufficient direct metadata evidence

===== SEMANTIC FIELD REJECTED =====
SOURCE FIELD: sale
REASON: no field contains sufficient direct metadata evidence

===== SEMANTIC FIELD REJECTED =====
SOURCE FIELD: sales
REASON: no field contains sufficient direct metadata evidence

===== SEMANTIC FIELD REJECTED =====
SOURCE FIELD: sales order
REASON: no field contains sufficient direct metadata evidence

===== SEMANTIC FIELD REJECTED =====
SOURCE FIELD: revenue
REASON: no field contains sufficient direct metadata evidence

===== SEMANTIC FIELD REJECTED =====
SOURCE FIELD: sales
REASON: no field contains sufficient direct metadata evidence

===== SEMANTIC FIELD REJECTED =====
SOURCE FIELD: profit
REASON: no field contains sufficient direct metadata evidence

===== SEMANTIC FIELD REJECTED =====
SOURCE FIELD: profitability
REASON: no field contains sufficient direct metadata evidence

===== SEMANTIC FIELD REJECTED =====
SOURCE FIELD: margin
REASON: no field contains sufficient direct metadata evidence

===== SEMANTIC FIELD REJECTED =====
SOURCE FIELD: profit
REASON: no field contains sufficient direct metadata evidence

===== SEMANTIC FIELD ACCEPTED =====
SOURCE FIELD: date
SELECTED FIELD: write_date
SELECTED TYPE: datetime
SELECTED RELATION: False
SELECTED LABEL: Last Updated on
DIRECT SOURCE TOKENS: 1
SOURCE COVERAGE: 1.0
SCORE: 285.0

===== SEMANTIC FIELD REJECTED =====
SOURCE FIELD: month
REASON: no field contains sufficient direct metadata evidence

===== SEMANTIC FIELD REJECTED =====
SOURCE FIELD: monthly sales
REASON: no field contains sufficient direct metadata evidence

===== SEMANTIC FIELD REJECTED =====
SOURCE FIELD: month
REASON: no field contains sufficient direct metadata evidence

===== GROUPBY SEMANTIC CHECK PASSED =====
GROUPBY: date_order:month
INVALID TECHNICAL HINT: date_order
RESOLVED FIELD: write_date
CONCEPT: month
RESOLUTION SCORE: 105.0

===== SEMANTIC FIELD REJECTED =====
SOURCE FIELD: sale
REASON: no field contains sufficient direct metadata evidence

===== SEMANTIC FIELD REJECTED =====
SOURCE FIELD: sales
REASON: no field contains sufficient direct metadata evidence

===== SEMANTIC FIELD REJECTED =====
SOURCE FIELD: sales order
REASON: no field contains sufficient direct metadata evidence

===== SEMANTIC FIELD REJECTED =====
SOURCE FIELD: revenue
REASON: no field contains sufficient direct metadata evidence

===== SEMANTIC CONCEPT KEPT AS CONTEXT =====
CONCEPT: sales
REASON: no sufficient metadata-backed field evidence; treated as entity/context concept

===== SEMANTIC FIELD REJECTED =====
SOURCE FIELD: profit
REASON: no field contains sufficient direct metadata evidence

===== SEMANTIC FIELD REJECTED =====
SOURCE FIELD: profitability
REASON: no field contains sufficient direct metadata evidence

===== SEMANTIC FIELD REJECTED =====
SOURCE FIELD: margin
REASON: no field contains sufficient direct metadata evidence

===== SEMANTIC CONCEPT KEPT AS CONTEXT =====
CONCEPT: profit
REASON: no sufficient metadata-backed field evidence; treated as entity/context concept

===== SEMANTIC FIELD ACCEPTED =====
SOURCE FIELD: date
SELECTED FIELD: write_date
SELECTED TYPE: datetime
SELECTED RELATION: False
SELECTED LABEL: Last Updated on
DIRECT SOURCE TOKENS: 1
SOURCE COVERAGE: 1.0
SCORE: 285.0

===== SEMANTIC FIELD REJECTED =====
SOURCE FIELD: month
REASON: no field contains sufficient direct metadata evidence

===== SEMANTIC FIELD REJECTED =====
SOURCE FIELD: monthly sales
REASON: no field contains sufficient direct metadata evidence

===== SEMANTIC FIELD REJECTED =====
SOURCE FIELD: date_order
REASON: no field contains sufficient direct metadata evidence

===== DYNAMIC TECHNICAL HINT UNRESOLVED =====
FIELD: date_order
REASON: planner technical hint could not be resolved against real metadata

===== DYNAMIC MODEL REJECTED =====
MODEL: account.analytic.tag
MODEL SCORE: 0.0
REASON: required fields/concepts not fully compatible

----- CHECKING MODEL -----
MODEL: account.bank.statement
MODEL SCORE: 0.0
FIELD COUNT: 40

===== SEMANTIC FIELD REJECTED =====
SOURCE FIELD: date_order
REASON: no field contains sufficient direct metadata evidence

===== SEMANTIC FIELD REJECTED =====
SOURCE FIELD: sale
REASON: no field contains sufficient direct metadata evidence

===== SEMANTIC FIELD REJECTED =====
SOURCE FIELD: sales
REASON: no field contains sufficient direct metadata evidence

===== SEMANTIC FIELD REJECTED =====
SOURCE FIELD: sales order
REASON: no field contains sufficient direct metadata evidence

===== SEMANTIC FIELD REJECTED =====
SOURCE FIELD: revenue
REASON: no field contains sufficient direct metadata evidence

===== SEMANTIC FIELD REJECTED =====
SOURCE FIELD: sales
REASON: no field contains sufficient direct metadata evidence

===== SEMANTIC FIELD REJECTED =====
SOURCE FIELD: profit
REASON: no field contains sufficient direct metadata evidence

===== SEMANTIC FIELD REJECTED =====
SOURCE FIELD: profitability
REASON: no field contains sufficient direct metadata evidence

===== SEMANTIC FIELD REJECTED =====
SOURCE FIELD: margin
REASON: no field contains sufficient direct metadata evidence

===== SEMANTIC FIELD REJECTED =====
SOURCE FIELD: profit
REASON: no field contains sufficient direct metadata evidence

===== SEMANTIC FIELD SEARCH =====
SOURCE FIELD: date
EXACT TECHNICAL MATCH: date
MATCH TYPE: date
MATCH RELATION: False
MATCH LABEL: Date

===== SEMANTIC FIELD REJECTED =====
SOURCE FIELD: month
REASON: no field contains sufficient direct metadata evidence

===== SEMANTIC FIELD REJECTED =====
SOURCE FIELD: monthly sales
REASON: no field contains sufficient direct metadata evidence

===== SEMANTIC FIELD REJECTED =====
SOURCE FIELD: month
REASON: no field contains sufficient direct metadata evidence

===== GROUPBY SEMANTIC CHECK PASSED =====
GROUPBY: date_order:month
INVALID TECHNICAL HINT: date_order
RESOLVED FIELD: date
CONCEPT: month
RESOLUTION SCORE: 105.0

===== SEMANTIC FIELD REJECTED =====
SOURCE FIELD: sale
REASON: no field contains sufficient direct metadata evidence

===== SEMANTIC FIELD REJECTED =====
SOURCE FIELD: sales
REASON: no field contains sufficient direct metadata evidence

===== SEMANTIC FIELD REJECTED =====
SOURCE FIELD: sales order
REASON: no field contains sufficient direct metadata evidence

===== SEMANTIC FIELD REJECTED =====
SOURCE FIELD: revenue
REASON: no field contains sufficient direct metadata evidence

===== SEMANTIC CONCEPT KEPT AS CONTEXT =====
CONCEPT: sales
REASON: no sufficient metadata-backed field evidence; treated as entity/context concept

===== SEMANTIC FIELD REJECTED =====
SOURCE FIELD: profit
REASON: no field contains sufficient direct metadata evidence

===== SEMANTIC FIELD REJECTED =====
SOURCE FIELD: profitability
REASON: no field contains sufficient direct metadata evidence

===== SEMANTIC FIELD REJECTED =====
SOURCE FIELD: margin
REASON: no field contains sufficient direct metadata evidence

===== SEMANTIC CONCEPT KEPT AS CONTEXT =====
CONCEPT: profit
REASON: no sufficient metadata-backed field evidence; treated as entity/context concept

===== SEMANTIC FIELD SEARCH =====
SOURCE FIELD: date
EXACT TECHNICAL MATCH: date
MATCH TYPE: date
MATCH RELATION: False
MATCH LABEL: Date

===== SEMANTIC FIELD REJECTED =====
SOURCE FIELD: month
REASON: no field contains sufficient direct metadata evidence

===== SEMANTIC FIELD REJECTED =====
SOURCE FIELD: monthly sales
REASON: no field contains sufficient direct metadata evidence

===== SEMANTIC FIELD REJECTED =====
SOURCE FIELD: date_order
REASON: no field contains sufficient direct metadata evidence

===== DYNAMIC TECHNICAL HINT UNRESOLVED =====
FIELD: date_order
REASON: planner technical hint could not be resolved against real metadata

===== DYNAMIC MODEL REJECTED =====
MODEL: account.bank.statement
MODEL SCORE: 0.0
REASON: required fields/concepts not fully compatible

----- CHECKING MODEL -----
MODEL: account.bank.statement.cashbox
MODEL SCORE: 0.0
FIELD COUNT: 8

===== SEMANTIC FIELD REJECTED =====
SOURCE FIELD: date_order
REASON: no field contains sufficient direct metadata evidence

===== SEMANTIC FIELD REJECTED =====
SOURCE FIELD: sale
REASON: no field contains sufficient direct metadata evidence

===== SEMANTIC FIELD REJECTED =====
SOURCE FIELD: sales
REASON: no field contains sufficient direct metadata evidence

===== SEMANTIC FIELD REJECTED =====
SOURCE FIELD: sales order
REASON: no field contains sufficient direct metadata evidence

===== SEMANTIC FIELD REJECTED =====
SOURCE FIELD: revenue
REASON: no field contains sufficient direct metadata evidence

===== SEMANTIC FIELD REJECTED =====
SOURCE FIELD: sales
REASON: no field contains sufficient direct metadata evidence

===== SEMANTIC FIELD REJECTED =====
SOURCE FIELD: profit
REASON: no field contains sufficient direct metadata evidence

===== SEMANTIC FIELD REJECTED =====
SOURCE FIELD: profitability
REASON: no field contains sufficient direct metadata evidence

===== SEMANTIC FIELD REJECTED =====
SOURCE FIELD: margin
REASON: no field contains sufficient direct metadata evidence

===== SEMANTIC FIELD REJECTED =====
SOURCE FIELD: profit
REASON: no field contains sufficient direct metadata evidence

===== SEMANTIC FIELD ACCEPTED =====
SOURCE FIELD: date
SELECTED FIELD: write_date
SELECTED TYPE: datetime
SELECTED RELATION: False
SELECTED LABEL: Last Updated on
DIRECT SOURCE TOKENS: 1
SOURCE COVERAGE: 1.0
SCORE: 285.0

===== SEMANTIC FIELD REJECTED =====
SOURCE FIELD: month
REASON: no field contains sufficient direct metadata evidence

===== SEMANTIC FIELD REJECTED =====
SOURCE FIELD: monthly sales
REASON: no field contains sufficient direct metadata evidence

===== SEMANTIC FIELD REJECTED =====
SOURCE FIELD: month
REASON: no field contains sufficient direct metadata evidence

===== GROUPBY SEMANTIC CHECK PASSED =====
GROUPBY: date_order:month
INVALID TECHNICAL HINT: date_order
RESOLVED FIELD: write_date
CONCEPT: month
RESOLUTION SCORE: 105.0

===== SEMANTIC FIELD REJECTED =====
SOURCE FIELD: sale
REASON: no field contains sufficient direct metadata evidence

===== SEMANTIC FIELD REJECTED =====
SOURCE FIELD: sales
REASON: no field contains sufficient direct metadata evidence

===== SEMANTIC FIELD REJECTED =====
SOURCE FIELD: sales order
REASON: no field contains sufficient direct metadata evidence

===== SEMANTIC FIELD REJECTED =====
SOURCE FIELD: revenue
REASON: no field contains sufficient direct metadata evidence

===== SEMANTIC CONCEPT KEPT AS CONTEXT =====
CONCEPT: sales
REASON: no sufficient metadata-backed field evidence; treated as entity/context concept

===== SEMANTIC FIELD REJECTED =====
SOURCE FIELD: profit
REASON: no field contains sufficient direct metadata evidence

===== SEMANTIC FIELD REJECTED =====
SOURCE FIELD: profitability
REASON: no field contains sufficient direct metadata evidence

===== SEMANTIC FIELD REJECTED =====
SOURCE FIELD: margin
REASON: no field contains sufficient direct metadata evidence

===== SEMANTIC CONCEPT KEPT AS CONTEXT =====
CONCEPT: profit
REASON: no sufficient metadata-backed field evidence; treated as entity/context concept

===== SEMANTIC FIELD ACCEPTED =====
SOURCE FIELD: date
SELECTED FIELD: write_date
SELECTED TYPE: datetime
SELECTED RELATION: False
SELECTED LABEL: Last Updated on
DIRECT SOURCE TOKENS: 1
SOURCE COVERAGE: 1.0
SCORE: 285.0

===== SEMANTIC FIELD REJECTED =====
SOURCE FIELD: month
REASON: no field contains sufficient direct metadata evidence

===== SEMANTIC FIELD REJECTED =====
SOURCE FIELD: monthly sales
REASON: no field contains sufficient direct metadata evidence

===== SEMANTIC FIELD REJECTED =====
SOURCE FIELD: date_order
REASON: no field contains sufficient direct metadata evidence

===== DYNAMIC TECHNICAL HINT UNRESOLVED =====
FIELD: date_order
REASON: planner technical hint could not be resolved against real metadata

===== DYNAMIC MODEL REJECTED =====
MODEL: account.bank.statement.cashbox
MODEL SCORE: 0.0
REASON: required fields/concepts not fully compatible

----- CHECKING MODEL -----
MODEL: account.bank.statement.closebalance
MODEL SCORE: 0.0
FIELD COUNT: 7

===== SEMANTIC FIELD REJECTED =====
SOURCE FIELD: date_order
REASON: no field contains sufficient direct metadata evidence

===== SEMANTIC FIELD REJECTED =====
SOURCE FIELD: sale
REASON: no field contains sufficient direct metadata evidence

===== SEMANTIC FIELD REJECTED =====
SOURCE FIELD: sales
REASON: no field contains sufficient direct metadata evidence

===== SEMANTIC FIELD REJECTED =====
SOURCE FIELD: sales order
REASON: no field contains sufficient direct metadata evidence

===== SEMANTIC FIELD REJECTED =====
SOURCE FIELD: revenue
REASON: no field contains sufficient direct metadata evidence

===== SEMANTIC FIELD REJECTED =====
SOURCE FIELD: sales
REASON: no field contains sufficient direct metadata evidence

===== SEMANTIC FIELD REJECTED =====
SOURCE FIELD: profit
REASON: no field contains sufficient direct metadata evidence

===== SEMANTIC FIELD REJECTED =====
SOURCE FIELD: profitability
REASON: no field contains sufficient direct metadata evidence

===== SEMANTIC FIELD REJECTED =====
SOURCE FIELD: margin
REASON: no field contains sufficient direct metadata evidence

===== SEMANTIC FIELD REJECTED =====
SOURCE FIELD: profit
REASON: no field contains sufficient direct metadata evidence

===== SEMANTIC FIELD ACCEPTED =====
SOURCE FIELD: date
SELECTED FIELD: write_date
SELECTED TYPE: datetime
SELECTED RELATION: False
SELECTED LABEL: Last Updated on
DIRECT SOURCE TOKENS: 1
SOURCE COVERAGE: 1.0
SCORE: 285.0

===== SEMANTIC FIELD REJECTED =====
SOURCE FIELD: month
REASON: no field contains sufficient direct metadata evidence

===== SEMANTIC FIELD REJECTED =====
SOURCE FIELD: monthly sales
REASON: no field contains sufficient direct metadata evidence

===== SEMANTIC FIELD REJECTED =====
SOURCE FIELD: month
REASON: no field contains sufficient direct metadata evidence

===== GROUPBY SEMANTIC CHECK PASSED =====
GROUPBY: date_order:month
INVALID TECHNICAL HINT: date_order
RESOLVED FIELD: write_date
CONCEPT: month
RESOLUTION SCORE: 105.0

===== SEMANTIC FIELD REJECTED =====
SOURCE FIELD: sale
REASON: no field contains sufficient direct metadata evidence

===== SEMANTIC FIELD REJECTED =====
SOURCE FIELD: sales
REASON: no field contains sufficient direct metadata evidence

===== SEMANTIC FIELD REJECTED =====
SOURCE FIELD: sales order
REASON: no field contains sufficient direct metadata evidence

===== SEMANTIC FIELD REJECTED =====
SOURCE FIELD: revenue
REASON: no field contains sufficient direct metadata evidence

===== SEMANTIC CONCEPT KEPT AS CONTEXT =====
CONCEPT: sales
REASON: no sufficient metadata-backed field evidence; treated as entity/context concept

===== SEMANTIC FIELD REJECTED =====
SOURCE FIELD: profit
REASON: no field contains sufficient direct metadata evidence

===== SEMANTIC FIELD REJECTED =====
SOURCE FIELD: profitability
REASON: no field contains sufficient direct metadata evidence

===== SEMANTIC FIELD REJECTED =====
SOURCE FIELD: margin
REASON: no field contains sufficient direct metadata evidence

===== SEMANTIC CONCEPT KEPT AS CONTEXT =====
CONCEPT: profit
REASON: no sufficient metadata-backed field evidence; treated as entity/context concept

===== SEMANTIC FIELD ACCEPTED =====
SOURCE FIELD: date
SELECTED FIELD: write_date
SELECTED TYPE: datetime
SELECTED RELATION: False
SELECTED LABEL: Last Updated on
DIRECT SOURCE TOKENS: 1
SOURCE COVERAGE: 1.0
SCORE: 285.0

===== SEMANTIC FIELD REJECTED =====
SOURCE FIELD: month
REASON: no field contains sufficient direct metadata evidence

===== SEMANTIC FIELD REJECTED =====
SOURCE FIELD: monthly sales
REASON: no field contains sufficient direct metadata evidence

===== SEMANTIC FIELD REJECTED =====
SOURCE FIELD: date_order
REASON: no field contains sufficient direct metadata evidence

===== DYNAMIC TECHNICAL HINT UNRESOLVED =====
FIELD: date_order
REASON: planner technical hint could not be resolved against real metadata

===== DYNAMIC MODEL REJECTED =====
MODEL: account.bank.statement.closebalance
MODEL SCORE: 0.0
REASON: required fields/concepts not fully compatible

----- CHECKING MODEL -----
MODEL: account.bank.statement.import
MODEL SCORE: 0.0
FIELD COUNT: 9

===== SEMANTIC FIELD REJECTED =====
SOURCE FIELD: date_order
REASON: no field contains sufficient direct metadata evidence

===== SEMANTIC FIELD REJECTED =====
SOURCE FIELD: sale
REASON: no field contains sufficient direct metadata evidence

===== SEMANTIC FIELD REJECTED =====
SOURCE FIELD: sales
REASON: no field contains sufficient direct metadata evidence

===== SEMANTIC FIELD REJECTED =====
SOURCE FIELD: sales order
REASON: no field contains sufficient direct metadata evidence

===== SEMANTIC FIELD REJECTED =====
SOURCE FIELD: revenue
REASON: no field contains sufficient direct metadata evidence

===== SEMANTIC FIELD REJECTED =====
SOURCE FIELD: sales
REASON: no field contains sufficient direct metadata evidence

===== SEMANTIC FIELD REJECTED =====
SOURCE FIELD: profit
REASON: no field contains sufficient direct metadata evidence

===== SEMANTIC FIELD REJECTED =====
SOURCE FIELD: profitability
REASON: no field contains sufficient direct metadata evidence

===== SEMANTIC FIELD REJECTED =====
SOURCE FIELD: margin
REASON: no field contains sufficient direct metadata evidence

===== SEMANTIC FIELD REJECTED =====
SOURCE FIELD: profit
REASON: no field contains sufficient direct metadata evidence

===== SEMANTIC FIELD ACCEPTED =====
SOURCE FIELD: date
SELECTED FIELD: write_date
SELECTED TYPE: datetime
SELECTED RELATION: False
SELECTED LABEL: Last Updated on
DIRECT SOURCE TOKENS: 1
SOURCE COVERAGE: 1.0
SCORE: 285.0

===== SEMANTIC FIELD REJECTED =====
SOURCE FIELD: month
REASON: no field contains sufficient direct metadata evidence

===== SEMANTIC FIELD REJECTED =====
SOURCE FIELD: monthly sales
REASON: no field contains sufficient direct metadata evidence

===== SEMANTIC FIELD REJECTED =====
SOURCE FIELD: month
REASON: no field contains sufficient direct metadata evidence

===== GROUPBY SEMANTIC CHECK PASSED =====
GROUPBY: date_order:month
INVALID TECHNICAL HINT: date_order
RESOLVED FIELD: write_date
CONCEPT: month
RESOLUTION SCORE: 105.0

===== SEMANTIC FIELD REJECTED =====
SOURCE FIELD: sale
REASON: no field contains sufficient direct metadata evidence

===== SEMANTIC FIELD REJECTED =====
SOURCE FIELD: sales
REASON: no field contains sufficient direct metadata evidence

===== SEMANTIC FIELD REJECTED =====
SOURCE FIELD: sales order
REASON: no field contains sufficient direct metadata evidence

===== SEMANTIC FIELD REJECTED =====
SOURCE FIELD: revenue
REASON: no field contains sufficient direct metadata evidence

===== SEMANTIC CONCEPT KEPT AS CONTEXT =====
CONCEPT: sales
REASON: no sufficient metadata-backed field evidence; treated as entity/context concept

===== SEMANTIC FIELD REJECTED =====
SOURCE FIELD: profit
REASON: no field contains sufficient direct metadata evidence

===== SEMANTIC FIELD REJECTED =====
SOURCE FIELD: profitability
REASON: no field contains sufficient direct metadata evidence

===== SEMANTIC FIELD REJECTED =====
SOURCE FIELD: margin
REASON: no field contains sufficient direct metadata evidence

===== SEMANTIC CONCEPT KEPT AS CONTEXT =====
CONCEPT: profit
REASON: no sufficient metadata-backed field evidence; treated as entity/context concept

===== SEMANTIC FIELD ACCEPTED =====
SOURCE FIELD: date
SELECTED FIELD: write_date
SELECTED TYPE: datetime
SELECTED RELATION: False
SELECTED LABEL: Last Updated on
DIRECT SOURCE TOKENS: 1
SOURCE COVERAGE: 1.0
SCORE: 285.0

===== SEMANTIC FIELD REJECTED =====
SOURCE FIELD: month
REASON: no field contains sufficient direct metadata evidence

===== SEMANTIC FIELD REJECTED =====
SOURCE FIELD: monthly sales
REASON: no field contains sufficient direct metadata evidence

===== SEMANTIC FIELD REJECTED =====
SOURCE FIELD: date_order
REASON: no field contains sufficient direct metadata evidence

===== DYNAMIC TECHNICAL HINT UNRESOLVED =====
FIELD: date_order
REASON: planner technical hint could not be resolved against real metadata

===== DYNAMIC MODEL REJECTED =====
MODEL: account.bank.statement.import
MODEL SCORE: 0.0
REASON: required fields/concepts not fully compatible

----- CHECKING MODEL -----
MODEL: account.bank.statement.import.journal.creation
MODEL SCORE: 0.0
FIELD COUNT: 42

===== SEMANTIC FIELD REJECTED =====
SOURCE FIELD: date_order
REASON: no field contains sufficient direct metadata evidence

===== SEMANTIC FIELD ACCEPTED =====
SOURCE FIELD: sale
SELECTED FIELD: type
SELECTED TYPE: selection
SELECTED RELATION: False
SELECTED LABEL: Type
DIRECT SOURCE TOKENS: 1
SOURCE COVERAGE: 1.0
SCORE: 215.0

===== SEMANTIC FIELD REJECTED =====
SOURCE FIELD: sales
REASON: no field contains sufficient direct metadata evidence

===== SEMANTIC FIELD REJECTED =====
SOURCE FIELD: sales order
REASON: no field contains sufficient direct metadata evidence

===== SEMANTIC FIELD REJECTED =====
SOURCE FIELD: revenue
REASON: no field contains sufficient direct metadata evidence

===== SEMANTIC FIELD REJECTED =====
SOURCE FIELD: sales
REASON: no field contains sufficient direct metadata evidence

===== SEMANTIC FIELD ACCEPTED =====
SOURCE FIELD: profit
SELECTED FIELD: profit_account_id
SELECTED TYPE: many2one
SELECTED RELATION: account.account
SELECTED LABEL: Profit Account
DIRECT SOURCE TOKENS: 1
SOURCE COVERAGE: 1.0
SCORE: 455.0

===== SEMANTIC FIELD REJECTED =====
SOURCE FIELD: profitability
REASON: no field contains sufficient direct metadata evidence

===== SEMANTIC FIELD REJECTED =====
SOURCE FIELD: margin
REASON: no field contains sufficient direct metadata evidence

===== SEMANTIC FIELD ACCEPTED =====
SOURCE FIELD: profit
SELECTED FIELD: profit_account_id
SELECTED TYPE: many2one
SELECTED RELATION: account.account
SELECTED LABEL: Profit Account
DIRECT SOURCE TOKENS: 1
SOURCE COVERAGE: 1.0
SCORE: 455.0

===== SEMANTIC FIELD ACCEPTED =====
SOURCE FIELD: date
SELECTED FIELD: write_date
SELECTED TYPE: datetime
SELECTED RELATION: False
SELECTED LABEL: Last Updated on
DIRECT SOURCE TOKENS: 1
SOURCE COVERAGE: 1.0
SCORE: 285.0

===== SEMANTIC FIELD REJECTED =====
SOURCE FIELD: month
REASON: no field contains sufficient direct metadata evidence

===== SEMANTIC FIELD REJECTED =====
SOURCE FIELD: monthly sales
REASON: no field contains sufficient direct metadata evidence

===== SEMANTIC FIELD REJECTED =====
SOURCE FIELD: month
REASON: no field contains sufficient direct metadata evidence

===== GROUPBY SEMANTIC CHECK PASSED =====
GROUPBY: date_order:month
INVALID TECHNICAL HINT: date_order
RESOLVED FIELD: write_date
CONCEPT: month
RESOLUTION SCORE: 105.0

===== SEMANTIC FIELD ACCEPTED =====
SOURCE FIELD: sale
SELECTED FIELD: type
SELECTED TYPE: selection
SELECTED RELATION: False
SELECTED LABEL: Type
DIRECT SOURCE TOKENS: 1
SOURCE COVERAGE: 1.0
SCORE: 215.0

===== SEMANTIC FIELD REJECTED =====
SOURCE FIELD: sales
REASON: no field contains sufficient direct metadata evidence

===== SEMANTIC FIELD REJECTED =====
SOURCE FIELD: sales order
REASON: no field contains sufficient direct metadata evidence

===== SEMANTIC FIELD REJECTED =====
SOURCE FIELD: revenue
REASON: no field contains sufficient direct metadata evidence

===== SEMANTIC FIELD ACCEPTED =====
SOURCE FIELD: profit
SELECTED FIELD: profit_account_id
SELECTED TYPE: many2one
SELECTED RELATION: account.account
SELECTED LABEL: Profit Account
DIRECT SOURCE TOKENS: 1
SOURCE COVERAGE: 1.0
SCORE: 455.0

===== SEMANTIC FIELD REJECTED =====
SOURCE FIELD: profitability
REASON: no field contains sufficient direct metadata evidence

===== SEMANTIC FIELD REJECTED =====
SOURCE FIELD: margin
REASON: no field contains sufficient direct metadata evidence

===== SEMANTIC FIELD ACCEPTED =====
SOURCE FIELD: date
SELECTED FIELD: write_date
SELECTED TYPE: datetime
SELECTED RELATION: False
SELECTED LABEL: Last Updated on
DIRECT SOURCE TOKENS: 1
SOURCE COVERAGE: 1.0
SCORE: 285.0

===== SEMANTIC FIELD REJECTED =====
SOURCE FIELD: month
REASON: no field contains sufficient direct metadata evidence

===== SEMANTIC FIELD REJECTED =====
SOURCE FIELD: monthly sales
REASON: no field contains sufficient direct metadata evidence

===== SEMANTIC FIELD REJECTED =====
SOURCE FIELD: date_order
REASON: no field contains sufficient direct metadata evidence

===== DYNAMIC TECHNICAL HINT UNRESOLVED =====
FIELD: date_order
REASON: planner technical hint could not be resolved against real metadata

===== DYNAMIC MODEL REJECTED =====
MODEL: account.bank.statement.import.journal.creation
MODEL SCORE: 0.0
REASON: required fields/concepts not fully compatible

----- CHECKING MODEL -----
MODEL: account.cash.rounding
MODEL SCORE: 0.0
FIELD COUNT: 12

===== SEMANTIC FIELD REJECTED =====
SOURCE FIELD: date_order
REASON: no field contains sufficient direct metadata evidence

===== SEMANTIC FIELD REJECTED =====
SOURCE FIELD: sale
REASON: no field contains sufficient direct metadata evidence

===== SEMANTIC FIELD REJECTED =====
SOURCE FIELD: sales
REASON: no field contains sufficient direct metadata evidence

===== SEMANTIC FIELD REJECTED =====
SOURCE FIELD: sales order
REASON: no field contains sufficient direct metadata evidence

===== SEMANTIC FIELD REJECTED =====
SOURCE FIELD: revenue
REASON: no field contains sufficient direct metadata evidence

===== SEMANTIC FIELD REJECTED =====
SOURCE FIELD: sales
REASON: no field contains sufficient direct metadata evidence

===== SEMANTIC FIELD REJECTED =====
SOURCE FIELD: profit
REASON: no field contains sufficient direct metadata evidence

===== SEMANTIC FIELD REJECTED =====
SOURCE FIELD: profitability
REASON: no field contains sufficient direct metadata evidence

===== SEMANTIC FIELD REJECTED =====
SOURCE FIELD: margin
REASON: no field contains sufficient direct metadata evidence

===== SEMANTIC FIELD REJECTED =====
SOURCE FIELD: profit
REASON: no field contains sufficient direct metadata evidence

===== SEMANTIC FIELD ACCEPTED =====
SOURCE FIELD: date
SELECTED FIELD: write_date
SELECTED TYPE: datetime
SELECTED RELATION: False
SELECTED LABEL: Last Updated on
DIRECT SOURCE TOKENS: 1
SOURCE COVERAGE: 1.0
SCORE: 285.0

===== SEMANTIC FIELD REJECTED =====
SOURCE FIELD: month
REASON: no field contains sufficient direct metadata evidence

===== SEMANTIC FIELD REJECTED =====
SOURCE FIELD: monthly sales
REASON: no field contains sufficient direct metadata evidence

===== SEMANTIC FIELD REJECTED =====
SOURCE FIELD: month
REASON: no field contains sufficient direct metadata evidence

===== GROUPBY SEMANTIC CHECK PASSED =====
GROUPBY: date_order:month
INVALID TECHNICAL HINT: date_order
RESOLVED FIELD: write_date
CONCEPT: month
RESOLUTION SCORE: 105.0

===== SEMANTIC FIELD REJECTED =====
SOURCE FIELD: sale
REASON: no field contains sufficient direct metadata evidence

===== SEMANTIC FIELD REJECTED =====
SOURCE FIELD: sales
REASON: no field contains sufficient direct metadata evidence

===== SEMANTIC FIELD REJECTED =====
SOURCE FIELD: sales order
REASON: no field contains sufficient direct metadata evidence

===== SEMANTIC FIELD REJECTED =====
SOURCE FIELD: revenue
REASON: no field contains sufficient direct metadata evidence

===== SEMANTIC CONCEPT KEPT AS CONTEXT =====
CONCEPT: sales
REASON: no sufficient metadata-backed field evidence; treated as entity/context concept

===== SEMANTIC FIELD REJECTED =====
SOURCE FIELD: profit
REASON: no field contains sufficient direct metadata evidence

===== SEMANTIC FIELD REJECTED =====
SOURCE FIELD: profitability
REASON: no field contains sufficient direct metadata evidence

===== SEMANTIC FIELD REJECTED =====
SOURCE FIELD: margin
REASON: no field contains sufficient direct metadata evidence

===== SEMANTIC CONCEPT KEPT AS CONTEXT =====
CONCEPT: profit
REASON: no sufficient metadata-backed field evidence; treated as entity/context concept

===== SEMANTIC FIELD ACCEPTED =====
SOURCE FIELD: date
SELECTED FIELD: write_date
SELECTED TYPE: datetime
SELECTED RELATION: False
SELECTED LABEL: Last Updated on
DIRECT SOURCE TOKENS: 1
SOURCE COVERAGE: 1.0
SCORE: 285.0

===== SEMANTIC FIELD REJECTED =====
SOURCE FIELD: month
REASON: no field contains sufficient direct metadata evidence

===== SEMANTIC FIELD REJECTED =====
SOURCE FIELD: monthly sales
REASON: no field contains sufficient direct metadata evidence

===== SEMANTIC FIELD REJECTED =====
SOURCE FIELD: date_order
REASON: no field contains sufficient direct metadata evidence

===== DYNAMIC TECHNICAL HINT UNRESOLVED =====
FIELD: date_order
REASON: planner technical hint could not be resolved against real metadata

===== DYNAMIC MODEL REJECTED =====
MODEL: account.cash.rounding
MODEL SCORE: 0.0
REASON: required fields/concepts not fully compatible

----- CHECKING MODEL -----
MODEL: account.chart.template
MODEL SCORE: 0.0
FIELD COUNT: 31

===== SEMANTIC FIELD REJECTED =====
SOURCE FIELD: date_order
REASON: no field contains sufficient direct metadata evidence

===== SEMANTIC FIELD ACCEPTED =====
SOURCE FIELD: sale
SELECTED FIELD: complete_tax_set
SELECTED TYPE: boolean
SELECTED RELATION: False
SELECTED LABEL: Complete Set of Taxes
DIRECT SOURCE TOKENS: 1
SOURCE COVERAGE: 1.0
SCORE: 225.0

===== SEMANTIC FIELD REJECTED =====
SOURCE FIELD: sales
REASON: no field contains sufficient direct metadata evidence

===== SEMANTIC FIELD REJECTED =====
SOURCE FIELD: sales order
REASON: no field contains sufficient direct metadata evidence

===== SEMANTIC FIELD REJECTED =====
SOURCE FIELD: revenue
REASON: no field contains sufficient direct metadata evidence

===== SEMANTIC FIELD REJECTED =====
SOURCE FIELD: sales
REASON: no field contains sufficient direct metadata evidence

===== SEMANTIC FIELD REJECTED =====
SOURCE FIELD: profit
REASON: no field contains sufficient direct metadata evidence

===== SEMANTIC FIELD REJECTED =====
SOURCE FIELD: profitability
REASON: no field contains sufficient direct metadata evidence

===== SEMANTIC FIELD REJECTED =====
SOURCE FIELD: margin
REASON: no field contains sufficient direct metadata evidence

===== SEMANTIC FIELD REJECTED =====
SOURCE FIELD: profit
REASON: no field contains sufficient direct metadata evidence

===== SEMANTIC FIELD ACCEPTED =====
SOURCE FIELD: date
SELECTED FIELD: write_date
SELECTED TYPE: datetime
SELECTED RELATION: False
SELECTED LABEL: Last Updated on
DIRECT SOURCE TOKENS: 1
SOURCE COVERAGE: 1.0
SCORE: 285.0

===== SEMANTIC FIELD REJECTED =====
SOURCE FIELD: month
REASON: no field contains sufficient direct metadata evidence

===== SEMANTIC FIELD REJECTED =====
SOURCE FIELD: monthly sales
REASON: no field contains sufficient direct metadata evidence

===== SEMANTIC FIELD REJECTED =====
SOURCE FIELD: month
REASON: no field contains sufficient direct metadata evidence

===== GROUPBY SEMANTIC CHECK PASSED =====
GROUPBY: date_order:month
INVALID TECHNICAL HINT: date_order
RESOLVED FIELD: write_date
CONCEPT: month
RESOLUTION SCORE: 105.0

===== SEMANTIC FIELD ACCEPTED =====
SOURCE FIELD: sale
SELECTED FIELD: complete_tax_set
SELECTED TYPE: boolean
SELECTED RELATION: False
SELECTED LABEL: Complete Set of Taxes
DIRECT SOURCE TOKENS: 1
SOURCE COVERAGE: 1.0
SCORE: 225.0

===== SEMANTIC FIELD REJECTED =====
SOURCE FIELD: sales
REASON: no field contains sufficient direct metadata evidence

===== SEMANTIC FIELD REJECTED =====
SOURCE FIELD: sales order
REASON: no field contains sufficient direct metadata evidence

===== SEMANTIC FIELD REJECTED =====
SOURCE FIELD: revenue
REASON: no field contains sufficient direct metadata evidence

===== SEMANTIC FIELD REJECTED =====
SOURCE FIELD: profit
REASON: no field contains sufficient direct metadata evidence

===== SEMANTIC FIELD REJECTED =====
SOURCE FIELD: profitability
REASON: no field contains sufficient direct metadata evidence

===== SEMANTIC FIELD REJECTED =====
SOURCE FIELD: margin
REASON: no field contains sufficient direct metadata evidence

===== SEMANTIC CONCEPT KEPT AS CONTEXT =====
CONCEPT: profit
REASON: no sufficient metadata-backed field evidence; treated as entity/context concept

===== SEMANTIC FIELD ACCEPTED =====
SOURCE FIELD: date
SELECTED FIELD: write_date
SELECTED TYPE: datetime
SELECTED RELATION: False
SELECTED LABEL: Last Updated on
DIRECT SOURCE TOKENS: 1
SOURCE COVERAGE: 1.0
SCORE: 285.0

===== SEMANTIC FIELD REJECTED =====
SOURCE FIELD: month
REASON: no field contains sufficient direct metadata evidence

===== SEMANTIC FIELD REJECTED =====
SOURCE FIELD: monthly sales
REASON: no field contains sufficient direct metadata evidence

===== SEMANTIC FIELD REJECTED =====
SOURCE FIELD: date_order
REASON: no field contains sufficient direct metadata evidence

===== DYNAMIC TECHNICAL HINT UNRESOLVED =====
FIELD: date_order
REASON: planner technical hint could not be resolved against real metadata

===== DYNAMIC MODEL REJECTED =====
MODEL: account.chart.template
MODEL SCORE: 0.0
REASON: required fields/concepts not fully compatible

----- CHECKING MODEL -----
MODEL: account.financial.year.op
MODEL SCORE: 0.0
FIELD COUNT: 13

===== SEMANTIC FIELD REJECTED =====
SOURCE FIELD: date_order
REASON: no field contains sufficient direct metadata evidence

===== SEMANTIC FIELD REJECTED =====
SOURCE FIELD: sale
REASON: no field contains sufficient direct metadata evidence

===== SEMANTIC FIELD REJECTED =====
SOURCE FIELD: sales
REASON: no field contains sufficient direct metadata evidence

===== SEMANTIC FIELD REJECTED =====
SOURCE FIELD: sales order
REASON: no field contains sufficient direct metadata evidence

===== SEMANTIC FIELD REJECTED =====
SOURCE FIELD: revenue
REASON: no field contains sufficient direct metadata evidence

===== SEMANTIC FIELD REJECTED =====
SOURCE FIELD: sales
REASON: no field contains sufficient direct metadata evidence

===== SEMANTIC FIELD REJECTED =====
SOURCE FIELD: profit
REASON: no field contains sufficient direct metadata evidence

===== SEMANTIC FIELD REJECTED =====
SOURCE FIELD: profitability
REASON: no field contains sufficient direct metadata evidence

===== SEMANTIC FIELD REJECTED =====
SOURCE FIELD: margin
REASON: no field contains sufficient direct metadata evidence

===== SEMANTIC FIELD REJECTED =====
SOURCE FIELD: profit
REASON: no field contains sufficient direct metadata evidence

===== SEMANTIC FIELD ACCEPTED =====
SOURCE FIELD: date
SELECTED FIELD: opening_date
SELECTED TYPE: date
SELECTED RELATION: False
SELECTED LABEL: Opening Date
DIRECT SOURCE TOKENS: 1
SOURCE COVERAGE: 1.0
SCORE: 435.0

===== SEMANTIC FIELD ACCEPTED =====
SOURCE FIELD: month
SELECTED FIELD: fiscalyear_last_month
SELECTED TYPE: selection
SELECTED RELATION: False
SELECTED LABEL: Fiscalyear Last Month
DIRECT SOURCE TOKENS: 1
SOURCE COVERAGE: 1.0
SCORE: 435.0

===== SEMANTIC FIELD REJECTED =====
SOURCE FIELD: monthly sales
REASON: no field contains sufficient direct metadata evidence

===== SEMANTIC FIELD ACCEPTED =====
SOURCE FIELD: month
SELECTED FIELD: fiscalyear_last_month
SELECTED TYPE: selection
SELECTED RELATION: False
SELECTED LABEL: Fiscalyear Last Month
DIRECT SOURCE TOKENS: 1
SOURCE COVERAGE: 1.0
SCORE: 435.0

===== GROUPBY SEMANTIC CHECK PASSED =====
GROUPBY: date_order:month
INVALID TECHNICAL HINT: date_order
RESOLVED FIELD: opening_date
CONCEPT: month
RESOLUTION SCORE: 105.0

===== SEMANTIC FIELD REJECTED =====
SOURCE FIELD: sale
REASON: no field contains sufficient direct metadata evidence

===== SEMANTIC FIELD REJECTED =====
SOURCE FIELD: sales
REASON: no field contains sufficient direct metadata evidence

===== SEMANTIC FIELD REJECTED =====
SOURCE FIELD: sales order
REASON: no field contains sufficient direct metadata evidence

===== SEMANTIC FIELD REJECTED =====
SOURCE FIELD: revenue
REASON: no field contains sufficient direct metadata evidence

===== SEMANTIC CONCEPT KEPT AS CONTEXT =====
CONCEPT: sales
REASON: no sufficient metadata-backed field evidence; treated as entity/context concept

===== SEMANTIC FIELD REJECTED =====
SOURCE FIELD: profit
REASON: no field contains sufficient direct metadata evidence

===== SEMANTIC FIELD REJECTED =====
SOURCE FIELD: profitability
REASON: no field contains sufficient direct metadata evidence

===== SEMANTIC FIELD REJECTED =====
SOURCE FIELD: margin
REASON: no field contains sufficient direct metadata evidence

===== SEMANTIC CONCEPT KEPT AS CONTEXT =====
CONCEPT: profit
REASON: no sufficient metadata-backed field evidence; treated as entity/context concept

===== SEMANTIC FIELD ACCEPTED =====
SOURCE FIELD: date
SELECTED FIELD: opening_date
SELECTED TYPE: date
SELECTED RELATION: False
SELECTED LABEL: Opening Date
DIRECT SOURCE TOKENS: 1
SOURCE COVERAGE: 1.0
SCORE: 435.0

===== SEMANTIC FIELD ACCEPTED =====
SOURCE FIELD: month
SELECTED FIELD: fiscalyear_last_month
SELECTED TYPE: selection
SELECTED RELATION: False
SELECTED LABEL: Fiscalyear Last Month
DIRECT SOURCE TOKENS: 1
SOURCE COVERAGE: 1.0
SCORE: 435.0

===== SEMANTIC FIELD REJECTED =====
SOURCE FIELD: monthly sales
REASON: no field contains sufficient direct metadata evidence

===== SEMANTIC FIELD REJECTED =====
SOURCE FIELD: date_order
REASON: no field contains sufficient direct metadata evidence

===== DYNAMIC TECHNICAL HINT UNRESOLVED =====
FIELD: date_order
REASON: planner technical hint could not be resolved against real metadata

===== DYNAMIC MODEL REJECTED =====
MODEL: account.financial.year.op
MODEL SCORE: 0.0
REASON: required fields/concepts not fully compatible

----- CHECKING MODEL -----
MODEL: account.fiscal.position
MODEL SCORE: 0.0
FIELD COUNT: 22

===== SEMANTIC FIELD REJECTED =====
SOURCE FIELD: date_order
REASON: no field contains sufficient direct metadata evidence

===== SEMANTIC FIELD REJECTED =====
SOURCE FIELD: sale
REASON: no field contains sufficient direct metadata evidence

===== SEMANTIC FIELD REJECTED =====
SOURCE FIELD: sales
REASON: no field contains sufficient direct metadata evidence

===== SEMANTIC FIELD REJECTED =====
SOURCE FIELD: sales order
REASON: no field contains sufficient direct metadata evidence

===== SEMANTIC FIELD REJECTED =====
SOURCE FIELD: revenue
REASON: no field contains sufficient direct metadata evidence

===== SEMANTIC FIELD REJECTED =====
SOURCE FIELD: sales
REASON: no field contains sufficient direct metadata evidence

===== SEMANTIC FIELD REJECTED =====
SOURCE FIELD: profit
REASON: no field contains sufficient direct metadata evidence

===== SEMANTIC FIELD REJECTED =====
SOURCE FIELD: profitability
REASON: no field contains sufficient direct metadata evidence

===== SEMANTIC FIELD REJECTED =====
SOURCE FIELD: margin
REASON: no field contains sufficient direct metadata evidence

===== SEMANTIC FIELD REJECTED =====
SOURCE FIELD: profit
REASON: no field contains sufficient direct metadata evidence

===== SEMANTIC FIELD ACCEPTED =====
SOURCE FIELD: date
SELECTED FIELD: write_date
SELECTED TYPE: datetime
SELECTED RELATION: False
SELECTED LABEL: Last Updated on
DIRECT SOURCE TOKENS: 1
SOURCE COVERAGE: 1.0
SCORE: 285.0

===== SEMANTIC FIELD REJECTED =====
SOURCE FIELD: month
REASON: no field contains sufficient direct metadata evidence

===== SEMANTIC FIELD REJECTED =====
SOURCE FIELD: monthly sales
REASON: no field contains sufficient direct metadata evidence

===== SEMANTIC FIELD REJECTED =====
SOURCE FIELD: month
REASON: no field contains sufficient direct metadata evidence

===== GROUPBY SEMANTIC CHECK PASSED =====
GROUPBY: date_order:month
INVALID TECHNICAL HINT: date_order
RESOLVED FIELD: write_date
CONCEPT: month
RESOLUTION SCORE: 105.0

===== SEMANTIC FIELD REJECTED =====
SOURCE FIELD: sale
REASON: no field contains sufficient direct metadata evidence

===== SEMANTIC FIELD REJECTED =====
SOURCE FIELD: sales
REASON: no field contains sufficient direct metadata evidence

===== SEMANTIC FIELD REJECTED =====
SOURCE FIELD: sales order
REASON: no field contains sufficient direct metadata evidence

===== SEMANTIC FIELD REJECTED =====
SOURCE FIELD: revenue
REASON: no field contains sufficient direct metadata evidence

===== SEMANTIC CONCEPT KEPT AS CONTEXT =====
CONCEPT: sales
REASON: no sufficient metadata-backed field evidence; treated as entity/context concept

===== SEMANTIC FIELD REJECTED =====
SOURCE FIELD: profit
REASON: no field contains sufficient direct metadata evidence

===== SEMANTIC FIELD REJECTED =====
SOURCE FIELD: profitability
REASON: no field contains sufficient direct metadata evidence

===== SEMANTIC FIELD REJECTED =====
SOURCE FIELD: margin
REASON: no field contains sufficient direct metadata evidence

===== SEMANTIC CONCEPT KEPT AS CONTEXT =====
CONCEPT: profit
REASON: no sufficient metadata-backed field evidence; treated as entity/context concept

===== SEMANTIC FIELD ACCEPTED =====
SOURCE FIELD: date
SELECTED FIELD: write_date
SELECTED TYPE: datetime
SELECTED RELATION: False
SELECTED LABEL: Last Updated on
DIRECT SOURCE TOKENS: 1
SOURCE COVERAGE: 1.0
SCORE: 285.0

===== SEMANTIC FIELD REJECTED =====
SOURCE FIELD: month
REASON: no field contains sufficient direct metadata evidence

===== SEMANTIC FIELD REJECTED =====
SOURCE FIELD: monthly sales
REASON: no field contains sufficient direct metadata evidence

===== SEMANTIC FIELD REJECTED =====
SOURCE FIELD: date_order
REASON: no field contains sufficient direct metadata evidence

===== DYNAMIC TECHNICAL HINT UNRESOLVED =====
FIELD: date_order
REASON: planner technical hint could not be resolved against real metadata

===== DYNAMIC MODEL REJECTED =====
MODEL: account.fiscal.position
MODEL SCORE: 0.0
REASON: required fields/concepts not fully compatible

----- CHECKING MODEL -----
MODEL: account.fiscal.position.account
MODEL SCORE: 0.0
FIELD COUNT: 10

===== SEMANTIC FIELD REJECTED =====
SOURCE FIELD: date_order
REASON: no field contains sufficient direct metadata evidence

===== SEMANTIC FIELD REJECTED =====
SOURCE FIELD: sale
REASON: no field contains sufficient direct metadata evidence

===== SEMANTIC FIELD REJECTED =====
SOURCE FIELD: sales
REASON: no field contains sufficient direct metadata evidence

===== SEMANTIC FIELD REJECTED =====
SOURCE FIELD: sales order
REASON: no field contains sufficient direct metadata evidence

===== SEMANTIC FIELD REJECTED =====
SOURCE FIELD: revenue
REASON: no field contains sufficient direct metadata evidence

===== SEMANTIC FIELD REJECTED =====
SOURCE FIELD: sales
REASON: no field contains sufficient direct metadata evidence

===== SEMANTIC FIELD REJECTED =====
SOURCE FIELD: profit
REASON: no field contains sufficient direct metadata evidence

===== SEMANTIC FIELD REJECTED =====
SOURCE FIELD: profitability
REASON: no field contains sufficient direct metadata evidence

===== SEMANTIC FIELD REJECTED =====
SOURCE FIELD: margin
REASON: no field contains sufficient direct metadata evidence

===== SEMANTIC FIELD REJECTED =====
SOURCE FIELD: profit
REASON: no field contains sufficient direct metadata evidence

===== SEMANTIC FIELD ACCEPTED =====
SOURCE FIELD: date
SELECTED FIELD: write_date
SELECTED TYPE: datetime
SELECTED RELATION: False
SELECTED LABEL: Last Updated on
DIRECT SOURCE TOKENS: 1
SOURCE COVERAGE: 1.0
SCORE: 285.0

===== SEMANTIC FIELD REJECTED =====
SOURCE FIELD: month
REASON: no field contains sufficient direct metadata evidence

===== SEMANTIC FIELD REJECTED =====
SOURCE FIELD: monthly sales
REASON: no field contains sufficient direct metadata evidence

===== SEMANTIC FIELD REJECTED =====
SOURCE FIELD: month
REASON: no field contains sufficient direct metadata evidence

===== GROUPBY SEMANTIC CHECK PASSED =====
GROUPBY: date_order:month
INVALID TECHNICAL HINT: date_order
RESOLVED FIELD: write_date
CONCEPT: month
RESOLUTION SCORE: 105.0

===== SEMANTIC FIELD REJECTED =====
SOURCE FIELD: sale
REASON: no field contains sufficient direct metadata evidence

===== SEMANTIC FIELD REJECTED =====
SOURCE FIELD: sales
REASON: no field contains sufficient direct metadata evidence

===== SEMANTIC FIELD REJECTED =====
SOURCE FIELD: sales order
REASON: no field contains sufficient direct metadata evidence

===== SEMANTIC FIELD REJECTED =====
SOURCE FIELD: revenue
REASON: no field contains sufficient direct metadata evidence

===== SEMANTIC CONCEPT KEPT AS CONTEXT =====
CONCEPT: sales
REASON: no sufficient metadata-backed field evidence; treated as entity/context concept

===== SEMANTIC FIELD REJECTED =====
SOURCE FIELD: profit
REASON: no field contains sufficient direct metadata evidence

===== SEMANTIC FIELD REJECTED =====
SOURCE FIELD: profitability
REASON: no field contains sufficient direct metadata evidence

===== SEMANTIC FIELD REJECTED =====
SOURCE FIELD: margin
REASON: no field contains sufficient direct metadata evidence

===== SEMANTIC CONCEPT KEPT AS CONTEXT =====
CONCEPT: profit
REASON: no sufficient metadata-backed field evidence; treated as entity/context concept

===== SEMANTIC FIELD ACCEPTED =====
SOURCE FIELD: date
SELECTED FIELD: write_date
SELECTED TYPE: datetime
SELECTED RELATION: False
SELECTED LABEL: Last Updated on
DIRECT SOURCE TOKENS: 1
SOURCE COVERAGE: 1.0
SCORE: 285.0

===== SEMANTIC FIELD REJECTED =====
SOURCE FIELD: month
REASON: no field contains sufficient direct metadata evidence

===== SEMANTIC FIELD REJECTED =====
SOURCE FIELD: monthly sales
REASON: no field contains sufficient direct metadata evidence

===== SEMANTIC FIELD REJECTED =====
SOURCE FIELD: date_order
REASON: no field contains sufficient direct metadata evidence

===== DYNAMIC TECHNICAL HINT UNRESOLVED =====
FIELD: date_order
REASON: planner technical hint could not be resolved against real metadata

===== DYNAMIC MODEL REJECTED =====
MODEL: account.fiscal.position.account
MODEL SCORE: 0.0
REASON: required fields/concepts not fully compatible

----- CHECKING MODEL -----
MODEL: account.fiscal.position.account.template
MODEL SCORE: 0.0
FIELD COUNT: 10

===== SEMANTIC FIELD REJECTED =====
SOURCE FIELD: date_order
REASON: no field contains sufficient direct metadata evidence

===== SEMANTIC FIELD REJECTED =====
SOURCE FIELD: sale
REASON: no field contains sufficient direct metadata evidence

===== SEMANTIC FIELD REJECTED =====
SOURCE FIELD: sales
REASON: no field contains sufficient direct metadata evidence

===== SEMANTIC FIELD REJECTED =====
SOURCE FIELD: sales order
REASON: no field contains sufficient direct metadata evidence

===== SEMANTIC FIELD REJECTED =====
SOURCE FIELD: revenue
REASON: no field contains sufficient direct metadata evidence

===== SEMANTIC FIELD REJECTED =====
SOURCE FIELD: sales
REASON: no field contains sufficient direct metadata evidence

===== SEMANTIC FIELD REJECTED =====
SOURCE FIELD: profit
REASON: no field contains sufficient direct metadata evidence

===== SEMANTIC FIELD REJECTED =====
SOURCE FIELD: profitability
REASON: no field contains sufficient direct metadata evidence

===== SEMANTIC FIELD REJECTED =====
SOURCE FIELD: margin
REASON: no field contains sufficient direct metadata evidence

===== SEMANTIC FIELD REJECTED =====
SOURCE FIELD: profit
REASON: no field contains sufficient direct metadata evidence

===== SEMANTIC FIELD ACCEPTED =====
SOURCE FIELD: date
SELECTED FIELD: write_date
SELECTED TYPE: datetime
SELECTED RELATION: False
SELECTED LABEL: Last Updated on
DIRECT SOURCE TOKENS: 1
SOURCE COVERAGE: 1.0
SCORE: 285.0

===== SEMANTIC FIELD REJECTED =====
SOURCE FIELD: month
REASON: no field contains sufficient direct metadata evidence

===== SEMANTIC FIELD REJECTED =====
SOURCE FIELD: monthly sales
REASON: no field contains sufficient direct metadata evidence

===== SEMANTIC FIELD REJECTED =====
SOURCE FIELD: month
REASON: no field contains sufficient direct metadata evidence

===== GROUPBY SEMANTIC CHECK PASSED =====
GROUPBY: date_order:month
INVALID TECHNICAL HINT: date_order
RESOLVED FIELD: write_date
CONCEPT: month
RESOLUTION SCORE: 105.0

===== SEMANTIC FIELD REJECTED =====
SOURCE FIELD: sale
REASON: no field contains sufficient direct metadata evidence

===== SEMANTIC FIELD REJECTED =====
SOURCE FIELD: sales
REASON: no field contains sufficient direct metadata evidence

===== SEMANTIC FIELD REJECTED =====
SOURCE FIELD: sales order
REASON: no field contains sufficient direct metadata evidence

===== SEMANTIC FIELD REJECTED =====
SOURCE FIELD: revenue
REASON: no field contains sufficient direct metadata evidence

===== SEMANTIC CONCEPT KEPT AS CONTEXT =====
CONCEPT: sales
REASON: no sufficient metadata-backed field evidence; treated as entity/context concept

===== SEMANTIC FIELD REJECTED =====
SOURCE FIELD: profit
REASON: no field contains sufficient direct metadata evidence

===== SEMANTIC FIELD REJECTED =====
SOURCE FIELD: profitability
REASON: no field contains sufficient direct metadata evidence

===== SEMANTIC FIELD REJECTED =====
SOURCE FIELD: margin
REASON: no field contains sufficient direct metadata evidence

===== SEMANTIC CONCEPT KEPT AS CONTEXT =====
CONCEPT: profit
REASON: no sufficient metadata-backed field evidence; treated as entity/context concept

===== SEMANTIC FIELD ACCEPTED =====
SOURCE FIELD: date
SELECTED FIELD: write_date
SELECTED TYPE: datetime
SELECTED RELATION: False
SELECTED LABEL: Last Updated on
DIRECT SOURCE TOKENS: 1
SOURCE COVERAGE: 1.0
SCORE: 285.0

===== SEMANTIC FIELD REJECTED =====
SOURCE FIELD: month
REASON: no field contains sufficient direct metadata evidence

===== SEMANTIC FIELD REJECTED =====
SOURCE FIELD: monthly sales
REASON: no field contains sufficient direct metadata evidence

===== SEMANTIC FIELD REJECTED =====
SOURCE FIELD: date_order
REASON: no field contains sufficient direct metadata evidence

===== DYNAMIC TECHNICAL HINT UNRESOLVED =====
FIELD: date_order
REASON: planner technical hint could not be resolved against real metadata

===== DYNAMIC MODEL REJECTED =====
MODEL: account.fiscal.position.account.template
MODEL SCORE: 0.0
REASON: required fields/concepts not fully compatible

----- CHECKING MODEL -----
MODEL: account.fiscal.position.tax
MODEL SCORE: 0.0
FIELD COUNT: 10

===== SEMANTIC FIELD REJECTED =====
SOURCE FIELD: date_order
REASON: no field contains sufficient direct metadata evidence

===== SEMANTIC FIELD REJECTED =====
SOURCE FIELD: sale
REASON: no field contains sufficient direct metadata evidence

===== SEMANTIC FIELD REJECTED =====
SOURCE FIELD: sales
REASON: no field contains sufficient direct metadata evidence

===== SEMANTIC FIELD REJECTED =====
SOURCE FIELD: sales order
REASON: no field contains sufficient direct metadata evidence

===== SEMANTIC FIELD REJECTED =====
SOURCE FIELD: revenue
REASON: no field contains sufficient direct metadata evidence

===== SEMANTIC FIELD REJECTED =====
SOURCE FIELD: sales
REASON: no field contains sufficient direct metadata evidence

===== SEMANTIC FIELD REJECTED =====
SOURCE FIELD: profit
REASON: no field contains sufficient direct metadata evidence

===== SEMANTIC FIELD REJECTED =====
SOURCE FIELD: profitability
REASON: no field contains sufficient direct metadata evidence

===== SEMANTIC FIELD REJECTED =====
SOURCE FIELD: margin
REASON: no field contains sufficient direct metadata evidence

===== SEMANTIC FIELD REJECTED =====
SOURCE FIELD: profit
REASON: no field contains sufficient direct metadata evidence

===== SEMANTIC FIELD ACCEPTED =====
SOURCE FIELD: date
SELECTED FIELD: write_date
SELECTED TYPE: datetime
SELECTED RELATION: False
SELECTED LABEL: Last Updated on
DIRECT SOURCE TOKENS: 1
SOURCE COVERAGE: 1.0
SCORE: 285.0

===== SEMANTIC FIELD REJECTED =====
SOURCE FIELD: month
REASON: no field contains sufficient direct metadata evidence

===== SEMANTIC FIELD REJECTED =====
SOURCE FIELD: monthly sales
REASON: no field contains sufficient direct metadata evidence

===== SEMANTIC FIELD REJECTED =====
SOURCE FIELD: month
REASON: no field contains sufficient direct metadata evidence

===== GROUPBY SEMANTIC CHECK PASSED =====
GROUPBY: date_order:month
INVALID TECHNICAL HINT: date_order
RESOLVED FIELD: write_date
CONCEPT: month
RESOLUTION SCORE: 105.0

===== SEMANTIC FIELD REJECTED =====
SOURCE FIELD: sale
REASON: no field contains sufficient direct metadata evidence

===== SEMANTIC FIELD REJECTED =====
SOURCE FIELD: sales
REASON: no field contains sufficient direct metadata evidence

===== SEMANTIC FIELD REJECTED =====
SOURCE FIELD: sales order
REASON: no field contains sufficient direct metadata evidence

===== SEMANTIC FIELD REJECTED =====
SOURCE FIELD: revenue
REASON: no field contains sufficient direct metadata evidence

===== SEMANTIC CONCEPT KEPT AS CONTEXT =====
CONCEPT: sales
REASON: no sufficient metadata-backed field evidence; treated as entity/context concept

===== SEMANTIC FIELD REJECTED =====
SOURCE FIELD: profit
REASON: no field contains sufficient direct metadata evidence

===== SEMANTIC FIELD REJECTED =====
SOURCE FIELD: profitability
REASON: no field contains sufficient direct metadata evidence

===== SEMANTIC FIELD REJECTED =====
SOURCE FIELD: margin
REASON: no field contains sufficient direct metadata evidence

===== SEMANTIC CONCEPT KEPT AS CONTEXT =====
CONCEPT: profit
REASON: no sufficient metadata-backed field evidence; treated as entity/context concept

===== SEMANTIC FIELD ACCEPTED =====
SOURCE FIELD: date
SELECTED FIELD: write_date
SELECTED TYPE: datetime
SELECTED RELATION: False
SELECTED LABEL: Last Updated on
DIRECT SOURCE TOKENS: 1
SOURCE COVERAGE: 1.0
SCORE: 285.0

===== SEMANTIC FIELD REJECTED =====
SOURCE FIELD: month
REASON: no field contains sufficient direct metadata evidence

===== SEMANTIC FIELD REJECTED =====
SOURCE FIELD: monthly sales
REASON: no field contains sufficient direct metadata evidence

===== SEMANTIC FIELD REJECTED =====
SOURCE FIELD: date_order
REASON: no field contains sufficient direct metadata evidence

===== DYNAMIC TECHNICAL HINT UNRESOLVED =====
FIELD: date_order
REASON: planner technical hint could not be resolved against real metadata

===== DYNAMIC MODEL REJECTED =====
MODEL: account.fiscal.position.tax
MODEL SCORE: 0.0
REASON: required fields/concepts not fully compatible

----- CHECKING MODEL -----
MODEL: account.fiscal.position.tax.template
MODEL SCORE: 0.0
FIELD COUNT: 10

===== SEMANTIC FIELD REJECTED =====
SOURCE FIELD: date_order
REASON: no field contains sufficient direct metadata evidence

===== SEMANTIC FIELD REJECTED =====
SOURCE FIELD: sale
REASON: no field contains sufficient direct metadata evidence

===== SEMANTIC FIELD REJECTED =====
SOURCE FIELD: sales
REASON: no field contains sufficient direct metadata evidence

===== SEMANTIC FIELD REJECTED =====
SOURCE FIELD: sales order
REASON: no field contains sufficient direct metadata evidence

===== SEMANTIC FIELD REJECTED =====
SOURCE FIELD: revenue
REASON: no field contains sufficient direct metadata evidence

===== SEMANTIC FIELD REJECTED =====
SOURCE FIELD: sales
REASON: no field contains sufficient direct metadata evidence

===== SEMANTIC FIELD REJECTED =====
SOURCE FIELD: profit
REASON: no field contains sufficient direct metadata evidence

===== SEMANTIC FIELD REJECTED =====
SOURCE FIELD: profitability
REASON: no field contains sufficient direct metadata evidence

===== SEMANTIC FIELD REJECTED =====
SOURCE FIELD: margin
REASON: no field contains sufficient direct metadata evidence

===== SEMANTIC FIELD REJECTED =====
SOURCE FIELD: profit
REASON: no field contains sufficient direct metadata evidence

===== SEMANTIC FIELD ACCEPTED =====
SOURCE FIELD: date
SELECTED FIELD: write_date
SELECTED TYPE: datetime
SELECTED RELATION: False
SELECTED LABEL: Last Updated on
DIRECT SOURCE TOKENS: 1
SOURCE COVERAGE: 1.0
SCORE: 285.0

===== SEMANTIC FIELD REJECTED =====
SOURCE FIELD: month
REASON: no field contains sufficient direct metadata evidence

===== SEMANTIC FIELD REJECTED =====
SOURCE FIELD: monthly sales
REASON: no field contains sufficient direct metadata evidence

===== SEMANTIC FIELD REJECTED =====
SOURCE FIELD: month
REASON: no field contains sufficient direct metadata evidence

===== GROUPBY SEMANTIC CHECK PASSED =====
GROUPBY: date_order:month
INVALID TECHNICAL HINT: date_order
RESOLVED FIELD: write_date
CONCEPT: month
RESOLUTION SCORE: 105.0

===== SEMANTIC FIELD REJECTED =====
SOURCE FIELD: sale
REASON: no field contains sufficient direct metadata evidence

===== SEMANTIC FIELD REJECTED =====
SOURCE FIELD: sales
REASON: no field contains sufficient direct metadata evidence

===== SEMANTIC FIELD REJECTED =====
SOURCE FIELD: sales order
REASON: no field contains sufficient direct metadata evidence

===== SEMANTIC FIELD REJECTED =====
SOURCE FIELD: revenue
REASON: no field contains sufficient direct metadata evidence

===== SEMANTIC CONCEPT KEPT AS CONTEXT =====
CONCEPT: sales
REASON: no sufficient metadata-backed field evidence; treated as entity/context concept

===== SEMANTIC FIELD REJECTED =====
SOURCE FIELD: profit
REASON: no field contains sufficient direct metadata evidence

===== SEMANTIC FIELD REJECTED =====
SOURCE FIELD: profitability
REASON: no field contains sufficient direct metadata evidence

===== SEMANTIC FIELD REJECTED =====
SOURCE FIELD: margin
REASON: no field contains sufficient direct metadata evidence

===== SEMANTIC CONCEPT KEPT AS CONTEXT =====
CONCEPT: profit
REASON: no sufficient metadata-backed field evidence; treated as entity/context concept

===== SEMANTIC FIELD ACCEPTED =====
SOURCE FIELD: date
SELECTED FIELD: write_date
SELECTED TYPE: datetime
SELECTED RELATION: False
SELECTED LABEL: Last Updated on
DIRECT SOURCE TOKENS: 1
SOURCE COVERAGE: 1.0
SCORE: 285.0

===== SEMANTIC FIELD REJECTED =====
SOURCE FIELD: month
REASON: no field contains sufficient direct metadata evidence

===== SEMANTIC FIELD REJECTED =====
SOURCE FIELD: monthly sales
REASON: no field contains sufficient direct metadata evidence

===== SEMANTIC FIELD REJECTED =====
SOURCE FIELD: date_order
REASON: no field contains sufficient direct metadata evidence

===== DYNAMIC TECHNICAL HINT UNRESOLVED =====
FIELD: date_order
REASON: planner technical hint could not be resolved against real metadata

===== DYNAMIC MODEL REJECTED =====
MODEL: account.fiscal.position.tax.template
MODEL SCORE: 0.0
REASON: required fields/concepts not fully compatible

----- CHECKING MODEL -----
MODEL: account.fiscal.position.template
MODEL SCORE: 0.0
FIELD COUNT: 20

===== SEMANTIC FIELD REJECTED =====
SOURCE FIELD: date_order
REASON: no field contains sufficient direct metadata evidence

===== SEMANTIC FIELD REJECTED =====
SOURCE FIELD: sale
REASON: no field contains sufficient direct metadata evidence

===== SEMANTIC FIELD REJECTED =====
SOURCE FIELD: sales
REASON: no field contains sufficient direct metadata evidence

===== SEMANTIC FIELD REJECTED =====
SOURCE FIELD: sales order
REASON: no field contains sufficient direct metadata evidence

===== SEMANTIC FIELD REJECTED =====
SOURCE FIELD: revenue
REASON: no field contains sufficient direct metadata evidence

===== SEMANTIC FIELD REJECTED =====
SOURCE FIELD: sales
REASON: no field contains sufficient direct metadata evidence

===== SEMANTIC FIELD REJECTED =====
SOURCE FIELD: profit
REASON: no field contains sufficient direct metadata evidence

===== SEMANTIC FIELD REJECTED =====
SOURCE FIELD: profitability
REASON: no field contains sufficient direct metadata evidence

===== SEMANTIC FIELD REJECTED =====
SOURCE FIELD: margin
REASON: no field contains sufficient direct metadata evidence

===== SEMANTIC FIELD REJECTED =====
SOURCE FIELD: profit
REASON: no field contains sufficient direct metadata evidence

===== SEMANTIC FIELD ACCEPTED =====
SOURCE FIELD: date
SELECTED FIELD: write_date
SELECTED TYPE: datetime
SELECTED RELATION: False
SELECTED LABEL: Last Updated on
DIRECT SOURCE TOKENS: 1
SOURCE COVERAGE: 1.0
SCORE: 285.0

===== SEMANTIC FIELD REJECTED =====
SOURCE FIELD: month
REASON: no field contains sufficient direct metadata evidence

===== SEMANTIC FIELD REJECTED =====
SOURCE FIELD: monthly sales
REASON: no field contains sufficient direct metadata evidence

===== SEMANTIC FIELD REJECTED =====
SOURCE FIELD: month
REASON: no field contains sufficient direct metadata evidence

===== GROUPBY SEMANTIC CHECK PASSED =====
GROUPBY: date_order:month
INVALID TECHNICAL HINT: date_order
RESOLVED FIELD: write_date
CONCEPT: month
RESOLUTION SCORE: 105.0

===== SEMANTIC FIELD REJECTED =====
SOURCE FIELD: sale
REASON: no field contains sufficient direct metadata evidence

===== SEMANTIC FIELD REJECTED =====
SOURCE FIELD: sales
REASON: no field contains sufficient direct metadata evidence

===== SEMANTIC FIELD REJECTED =====
SOURCE FIELD: sales order
REASON: no field contains sufficient direct metadata evidence

===== SEMANTIC FIELD REJECTED =====
SOURCE FIELD: revenue
REASON: no field contains sufficient direct metadata evidence

===== SEMANTIC CONCEPT KEPT AS CONTEXT =====
CONCEPT: sales
REASON: no sufficient metadata-backed field evidence; treated as entity/context concept

===== SEMANTIC FIELD REJECTED =====
SOURCE FIELD: profit
REASON: no field contains sufficient direct metadata evidence

===== SEMANTIC FIELD REJECTED =====
SOURCE FIELD: profitability
REASON: no field contains sufficient direct metadata evidence

===== SEMANTIC FIELD REJECTED =====
SOURCE FIELD: margin
REASON: no field contains sufficient direct metadata evidence

===== SEMANTIC CONCEPT KEPT AS CONTEXT =====
CONCEPT: profit
REASON: no sufficient metadata-backed field evidence; treated as entity/context concept

===== SEMANTIC FIELD ACCEPTED =====
SOURCE FIELD: date
SELECTED FIELD: write_date
SELECTED TYPE: datetime
SELECTED RELATION: False
SELECTED LABEL: Last Updated on
DIRECT SOURCE TOKENS: 1
SOURCE COVERAGE: 1.0
SCORE: 285.0

===== SEMANTIC FIELD REJECTED =====
SOURCE FIELD: month
REASON: no field contains sufficient direct metadata evidence

===== SEMANTIC FIELD REJECTED =====
SOURCE FIELD: monthly sales
REASON: no field contains sufficient direct metadata evidence

===== SEMANTIC FIELD REJECTED =====
SOURCE FIELD: date_order
REASON: no field contains sufficient direct metadata evidence

===== DYNAMIC TECHNICAL HINT UNRESOLVED =====
FIELD: date_order
REASON: planner technical hint could not be resolved against real metadata

===== DYNAMIC MODEL REJECTED =====
MODEL: account.fiscal.position.template
MODEL SCORE: 0.0
REASON: required fields/concepts not fully compatible

----- CHECKING MODEL -----
MODEL: account.full.reconcile
MODEL SCORE: 0.0
FIELD COUNT: 11

===== SEMANTIC FIELD REJECTED =====
SOURCE FIELD: date_order
REASON: no field contains sufficient direct metadata evidence

===== SEMANTIC FIELD REJECTED =====
SOURCE FIELD: sale
REASON: no field contains sufficient direct metadata evidence

===== SEMANTIC FIELD REJECTED =====
SOURCE FIELD: sales
REASON: no field contains sufficient direct metadata evidence

===== SEMANTIC FIELD REJECTED =====
SOURCE FIELD: sales order
REASON: no field contains sufficient direct metadata evidence

===== SEMANTIC FIELD REJECTED =====
SOURCE FIELD: revenue
REASON: no field contains sufficient direct metadata evidence

===== SEMANTIC FIELD REJECTED =====
SOURCE FIELD: sales
REASON: no field contains sufficient direct metadata evidence

===== SEMANTIC FIELD REJECTED =====
SOURCE FIELD: profit
REASON: no field contains sufficient direct metadata evidence

===== SEMANTIC FIELD REJECTED =====
SOURCE FIELD: profitability
REASON: no field contains sufficient direct metadata evidence

===== SEMANTIC FIELD REJECTED =====
SOURCE FIELD: margin
REASON: no field contains sufficient direct metadata evidence

===== SEMANTIC FIELD REJECTED =====
SOURCE FIELD: profit
REASON: no field contains sufficient direct metadata evidence

===== SEMANTIC FIELD ACCEPTED =====
SOURCE FIELD: date
SELECTED FIELD: write_date
SELECTED TYPE: datetime
SELECTED RELATION: False
SELECTED LABEL: Last Updated on
DIRECT SOURCE TOKENS: 1
SOURCE COVERAGE: 1.0
SCORE: 285.0

===== SEMANTIC FIELD REJECTED =====
SOURCE FIELD: month
REASON: no field contains sufficient direct metadata evidence

===== SEMANTIC FIELD REJECTED =====
SOURCE FIELD: monthly sales
REASON: no field contains sufficient direct metadata evidence

===== SEMANTIC FIELD REJECTED =====
SOURCE FIELD: month
REASON: no field contains sufficient direct metadata evidence

===== GROUPBY SEMANTIC CHECK PASSED =====
GROUPBY: date_order:month
INVALID TECHNICAL HINT: date_order
RESOLVED FIELD: write_date
CONCEPT: month
RESOLUTION SCORE: 105.0

===== SEMANTIC FIELD REJECTED =====
SOURCE FIELD: sale
REASON: no field contains sufficient direct metadata evidence

===== SEMANTIC FIELD REJECTED =====
SOURCE FIELD: sales
REASON: no field contains sufficient direct metadata evidence

===== SEMANTIC FIELD REJECTED =====
SOURCE FIELD: sales order
REASON: no field contains sufficient direct metadata evidence

===== SEMANTIC FIELD REJECTED =====
SOURCE FIELD: revenue
REASON: no field contains sufficient direct metadata evidence

===== SEMANTIC CONCEPT KEPT AS CONTEXT =====
CONCEPT: sales
REASON: no sufficient metadata-backed field evidence; treated as entity/context concept

===== SEMANTIC FIELD REJECTED =====
SOURCE FIELD: profit
REASON: no field contains sufficient direct metadata evidence

===== SEMANTIC FIELD REJECTED =====
SOURCE FIELD: profitability
REASON: no field contains sufficient direct metadata evidence

===== SEMANTIC FIELD REJECTED =====
SOURCE FIELD: margin
REASON: no field contains sufficient direct metadata evidence

===== SEMANTIC CONCEPT KEPT AS CONTEXT =====
CONCEPT: profit
REASON: no sufficient metadata-backed field evidence; treated as entity/context concept

===== SEMANTIC FIELD ACCEPTED =====
SOURCE FIELD: date
SELECTED FIELD: write_date
SELECTED TYPE: datetime
SELECTED RELATION: False
SELECTED LABEL: Last Updated on
DIRECT SOURCE TOKENS: 1
SOURCE COVERAGE: 1.0
SCORE: 285.0

===== SEMANTIC FIELD REJECTED =====
SOURCE FIELD: month
REASON: no field contains sufficient direct metadata evidence

===== SEMANTIC FIELD REJECTED =====
SOURCE FIELD: monthly sales
REASON: no field contains sufficient direct metadata evidence

===== SEMANTIC FIELD REJECTED =====
SOURCE FIELD: date_order
REASON: no field contains sufficient direct metadata evidence

===== DYNAMIC TECHNICAL HINT UNRESOLVED =====
FIELD: date_order
REASON: planner technical hint could not be resolved against real metadata

===== DYNAMIC MODEL REJECTED =====
MODEL: account.full.reconcile
MODEL SCORE: 0.0
REASON: required fields/concepts not fully compatible

----- CHECKING MODEL -----
MODEL: account.group
MODEL SCORE: 0.0
FIELD COUNT: 12

===== SEMANTIC FIELD REJECTED =====
SOURCE FIELD: date_order
REASON: no field contains sufficient direct metadata evidence

===== SEMANTIC FIELD REJECTED =====
SOURCE FIELD: sale
REASON: no field contains sufficient direct metadata evidence

===== SEMANTIC FIELD REJECTED =====
SOURCE FIELD: sales
REASON: no field contains sufficient direct metadata evidence

===== SEMANTIC FIELD REJECTED =====
SOURCE FIELD: sales order
REASON: no field contains sufficient direct metadata evidence

===== SEMANTIC FIELD REJECTED =====
SOURCE FIELD: revenue
REASON: no field contains sufficient direct metadata evidence

===== SEMANTIC FIELD REJECTED =====
SOURCE FIELD: sales
REASON: no field contains sufficient direct metadata evidence

===== SEMANTIC FIELD REJECTED =====
SOURCE FIELD: profit
REASON: no field contains sufficient direct metadata evidence

===== SEMANTIC FIELD REJECTED =====
SOURCE FIELD: profitability
REASON: no field contains sufficient direct metadata evidence

===== SEMANTIC FIELD REJECTED =====
SOURCE FIELD: margin
REASON: no field contains sufficient direct metadata evidence

===== SEMANTIC FIELD REJECTED =====
SOURCE FIELD: profit
REASON: no field contains sufficient direct metadata evidence

===== SEMANTIC FIELD ACCEPTED =====
SOURCE FIELD: date
SELECTED FIELD: write_date
SELECTED TYPE: datetime
SELECTED RELATION: False
SELECTED LABEL: Last Updated on
DIRECT SOURCE TOKENS: 1
SOURCE COVERAGE: 1.0
SCORE: 285.0

===== SEMANTIC FIELD REJECTED =====
SOURCE FIELD: month
REASON: no field contains sufficient direct metadata evidence

===== SEMANTIC FIELD REJECTED =====
SOURCE FIELD: monthly sales
REASON: no field contains sufficient direct metadata evidence

===== SEMANTIC FIELD REJECTED =====
SOURCE FIELD: month
REASON: no field contains sufficient direct metadata evidence

===== GROUPBY SEMANTIC CHECK PASSED =====
GROUPBY: date_order:month
INVALID TECHNICAL HINT: date_order
RESOLVED FIELD: write_date
CONCEPT: month
RESOLUTION SCORE: 105.0

===== SEMANTIC FIELD REJECTED =====
SOURCE FIELD: sale
REASON: no field contains sufficient direct metadata evidence

===== SEMANTIC FIELD REJECTED =====
SOURCE FIELD: sales
REASON: no field contains sufficient direct metadata evidence

===== SEMANTIC FIELD REJECTED =====
SOURCE FIELD: sales order
REASON: no field contains sufficient direct metadata evidence

===== SEMANTIC FIELD REJECTED =====
SOURCE FIELD: revenue
REASON: no field contains sufficient direct metadata evidence

===== SEMANTIC CONCEPT KEPT AS CONTEXT =====
CONCEPT: sales
REASON: no sufficient metadata-backed field evidence; treated as entity/context concept

===== SEMANTIC FIELD REJECTED =====
SOURCE FIELD: profit
REASON: no field contains sufficient direct metadata evidence

===== SEMANTIC FIELD REJECTED =====
SOURCE FIELD: profitability
REASON: no field contains sufficient direct metadata evidence

===== SEMANTIC FIELD REJECTED =====
SOURCE FIELD: margin
REASON: no field contains sufficient direct metadata evidence

===== SEMANTIC CONCEPT KEPT AS CONTEXT =====
CONCEPT: profit
REASON: no sufficient metadata-backed field evidence; treated as entity/context concept

===== SEMANTIC FIELD ACCEPTED =====
SOURCE FIELD: date
SELECTED FIELD: write_date
SELECTED TYPE: datetime
SELECTED RELATION: False
SELECTED LABEL: Last Updated on
DIRECT SOURCE TOKENS: 1
SOURCE COVERAGE: 1.0
SCORE: 285.0

===== SEMANTIC FIELD REJECTED =====
SOURCE FIELD: month
REASON: no field contains sufficient direct metadata evidence

===== SEMANTIC FIELD REJECTED =====
SOURCE FIELD: monthly sales
REASON: no field contains sufficient direct metadata evidence

===== SEMANTIC FIELD REJECTED =====
SOURCE FIELD: date_order
REASON: no field contains sufficient direct metadata evidence

===== DYNAMIC TECHNICAL HINT UNRESOLVED =====
FIELD: date_order
REASON: planner technical hint could not be resolved against real metadata

===== DYNAMIC MODEL REJECTED =====
MODEL: account.group
MODEL SCORE: 0.0
REASON: required fields/concepts not fully compatible

----- CHECKING MODEL -----
MODEL: account.invoice
MODEL SCORE: 0.0
FIELD COUNT: 87

===== SEMANTIC FIELD REJECTED =====
SOURCE FIELD: date_order
REASON: no field contains sufficient direct metadata evidence

===== SEMANTIC FIELD REJECTED =====
SOURCE FIELD: sale
REASON: no field contains sufficient direct metadata evidence

===== SEMANTIC FIELD ACCEPTED =====
SOURCE FIELD: sales
SELECTED FIELD: team_id
SELECTED TYPE: many2one
SELECTED RELATION: crm.team
SELECTED LABEL: Sales Channel
DIRECT SOURCE TOKENS: 1
SOURCE COVERAGE: 1.0
SCORE: 295.0

===== SEMANTIC FIELD REJECTED =====
SOURCE FIELD: sales order
REASON: no field contains sufficient direct metadata evidence

===== SEMANTIC FIELD REJECTED =====
SOURCE FIELD: revenue
REASON: no field contains sufficient direct metadata evidence

===== SEMANTIC FIELD ACCEPTED =====
SOURCE FIELD: sales
SELECTED FIELD: team_id
SELECTED TYPE: many2one
SELECTED RELATION: crm.team
SELECTED LABEL: Sales Channel
DIRECT SOURCE TOKENS: 1
SOURCE COVERAGE: 1.0
SCORE: 295.0

===== SEMANTIC FIELD REJECTED =====
SOURCE FIELD: profit
REASON: no field contains sufficient direct metadata evidence

===== SEMANTIC FIELD REJECTED =====
SOURCE FIELD: profitability
REASON: no field contains sufficient direct metadata evidence

===== SEMANTIC FIELD REJECTED =====
SOURCE FIELD: margin
REASON: no field contains sufficient direct metadata evidence

===== SEMANTIC FIELD REJECTED =====
SOURCE FIELD: profit
REASON: no field contains sufficient direct metadata evidence

===== SEMANTIC FIELD SEARCH =====
SOURCE FIELD: date
EXACT TECHNICAL MATCH: date
MATCH TYPE: date
MATCH RELATION: False
MATCH LABEL: Accounting Date

===== SEMANTIC FIELD ACCEPTED =====
SOURCE FIELD: month
SELECTED FIELD: payment_term_id
SELECTED TYPE: many2one
SELECTED RELATION: account.payment.term
SELECTED LABEL: Payment Terms
DIRECT SOURCE TOKENS: 1
SOURCE COVERAGE: 1.0
SCORE: 245.0

===== SEMANTIC FIELD REJECTED =====
SOURCE FIELD: monthly sales
REASON: no field contains sufficient direct metadata evidence

===== SEMANTIC FIELD ACCEPTED =====
SOURCE FIELD: month
SELECTED FIELD: payment_term_id
SELECTED TYPE: many2one
SELECTED RELATION: account.payment.term
SELECTED LABEL: Payment Terms
DIRECT SOURCE TOKENS: 1
SOURCE COVERAGE: 1.0
SCORE: 245.0

===== GROUPBY SEMANTIC CHECK FAILED =====
GROUPBY: date_order:month
BEST FIELD: payment_term_id
BEST SCORE: 120.0
SECOND SCORE: 120.0
REASON: ambiguous metadata-backed semantic groupby resolution

===== DYNAMIC MODEL COMPATIBILITY FAILED =====
REASON: groupby is not compatible with real Odoo metadata

===== DYNAMIC MODEL REJECTED =====
MODEL: account.invoice
MODEL SCORE: 0.0
REASON: required fields/concepts not fully compatible

----- CHECKING MODEL -----
MODEL: account.invoice.confirm
MODEL SCORE: 0.0
FIELD COUNT: 7

===== SEMANTIC FIELD REJECTED =====
SOURCE FIELD: date_order
REASON: no field contains sufficient direct metadata evidence

===== SEMANTIC FIELD REJECTED =====
SOURCE FIELD: sale
REASON: no field contains sufficient direct metadata evidence

===== SEMANTIC FIELD REJECTED =====
SOURCE FIELD: sales
REASON: no field contains sufficient direct metadata evidence

===== SEMANTIC FIELD REJECTED =====
SOURCE FIELD: sales order
REASON: no field contains sufficient direct metadata evidence

===== SEMANTIC FIELD REJECTED =====
SOURCE FIELD: revenue
REASON: no field contains sufficient direct metadata evidence

===== SEMANTIC FIELD REJECTED =====
SOURCE FIELD: sales
REASON: no field contains sufficient direct metadata evidence

===== SEMANTIC FIELD REJECTED =====
SOURCE FIELD: profit
REASON: no field contains sufficient direct metadata evidence

===== SEMANTIC FIELD REJECTED =====
SOURCE FIELD: profitability
REASON: no field contains sufficient direct metadata evidence

===== SEMANTIC FIELD REJECTED =====
SOURCE FIELD: margin
REASON: no field contains sufficient direct metadata evidence

===== SEMANTIC FIELD REJECTED =====
SOURCE FIELD: profit
REASON: no field contains sufficient direct metadata evidence

===== SEMANTIC FIELD ACCEPTED =====
SOURCE FIELD: date
SELECTED FIELD: write_date
SELECTED TYPE: datetime
SELECTED RELATION: False
SELECTED LABEL: Last Updated on
DIRECT SOURCE TOKENS: 1
SOURCE COVERAGE: 1.0
SCORE: 285.0

===== SEMANTIC FIELD REJECTED =====
SOURCE FIELD: month
REASON: no field contains sufficient direct metadata evidence

===== SEMANTIC FIELD REJECTED =====
SOURCE FIELD: monthly sales
REASON: no field contains sufficient direct metadata evidence

===== SEMANTIC FIELD REJECTED =====
SOURCE FIELD: month
REASON: no field contains sufficient direct metadata evidence

===== GROUPBY SEMANTIC CHECK PASSED =====
GROUPBY: date_order:month
INVALID TECHNICAL HINT: date_order
RESOLVED FIELD: write_date
CONCEPT: month
RESOLUTION SCORE: 105.0

===== SEMANTIC FIELD REJECTED =====
SOURCE FIELD: sale
REASON: no field contains sufficient direct metadata evidence

===== SEMANTIC FIELD REJECTED =====
SOURCE FIELD: sales
REASON: no field contains sufficient direct metadata evidence

===== SEMANTIC FIELD REJECTED =====
SOURCE FIELD: sales order
REASON: no field contains sufficient direct metadata evidence

===== SEMANTIC FIELD REJECTED =====
SOURCE FIELD: revenue
REASON: no field contains sufficient direct metadata evidence

===== SEMANTIC CONCEPT KEPT AS CONTEXT =====
CONCEPT: sales
REASON: no sufficient metadata-backed field evidence; treated as entity/context concept

===== SEMANTIC FIELD REJECTED =====
SOURCE FIELD: profit
REASON: no field contains sufficient direct metadata evidence

===== SEMANTIC FIELD REJECTED =====
SOURCE FIELD: profitability
REASON: no field contains sufficient direct metadata evidence

===== SEMANTIC FIELD REJECTED =====
SOURCE FIELD: margin
REASON: no field contains sufficient direct metadata evidence

===== SEMANTIC CONCEPT KEPT AS CONTEXT =====
CONCEPT: profit
REASON: no sufficient metadata-backed field evidence; treated as entity/context concept

===== SEMANTIC FIELD ACCEPTED =====
SOURCE FIELD: date
SELECTED FIELD: write_date
SELECTED TYPE: datetime
SELECTED RELATION: False
SELECTED LABEL: Last Updated on
DIRECT SOURCE TOKENS: 1
SOURCE COVERAGE: 1.0
SCORE: 285.0

===== SEMANTIC FIELD REJECTED =====
SOURCE FIELD: month
REASON: no field contains sufficient direct metadata evidence

===== SEMANTIC FIELD REJECTED =====
SOURCE FIELD: monthly sales
REASON: no field contains sufficient direct metadata evidence

===== SEMANTIC FIELD REJECTED =====
SOURCE FIELD: date_order
REASON: no field contains sufficient direct metadata evidence

===== DYNAMIC TECHNICAL HINT UNRESOLVED =====
FIELD: date_order
REASON: planner technical hint could not be resolved against real metadata

===== DYNAMIC MODEL REJECTED =====
MODEL: account.invoice.confirm
MODEL SCORE: 0.0
REASON: required fields/concepts not fully compatible

----- CHECKING MODEL -----
MODEL: account.invoice.refund
MODEL SCORE: 0.0
FIELD COUNT: 12

===== SEMANTIC FIELD REJECTED =====
SOURCE FIELD: date_order
REASON: no field contains sufficient direct metadata evidence

===== SEMANTIC FIELD REJECTED =====
SOURCE FIELD: sale
REASON: no field contains sufficient direct metadata evidence

===== SEMANTIC FIELD REJECTED =====
SOURCE FIELD: sales
REASON: no field contains sufficient direct metadata evidence

===== SEMANTIC FIELD REJECTED =====
SOURCE FIELD: sales order
REASON: no field contains sufficient direct metadata evidence

===== SEMANTIC FIELD REJECTED =====
SOURCE FIELD: revenue
REASON: no field contains sufficient direct metadata evidence

===== SEMANTIC FIELD REJECTED =====
SOURCE FIELD: sales
REASON: no field contains sufficient direct metadata evidence

===== SEMANTIC FIELD REJECTED =====
SOURCE FIELD: profit
REASON: no field contains sufficient direct metadata evidence

===== SEMANTIC FIELD REJECTED =====
SOURCE FIELD: profitability
REASON: no field contains sufficient direct metadata evidence

===== SEMANTIC FIELD REJECTED =====
SOURCE FIELD: margin
REASON: no field contains sufficient direct metadata evidence

===== SEMANTIC FIELD REJECTED =====
SOURCE FIELD: profit
REASON: no field contains sufficient direct metadata evidence

===== SEMANTIC FIELD SEARCH =====
SOURCE FIELD: date
EXACT TECHNICAL MATCH: date
MATCH TYPE: date
MATCH RELATION: False
MATCH LABEL: Accounting Date

===== SEMANTIC FIELD REJECTED =====
SOURCE FIELD: month
REASON: no field contains sufficient direct metadata evidence

===== SEMANTIC FIELD REJECTED =====
SOURCE FIELD: monthly sales
REASON: no field contains sufficient direct metadata evidence

===== SEMANTIC FIELD REJECTED =====
SOURCE FIELD: month
REASON: no field contains sufficient direct metadata evidence

===== GROUPBY SEMANTIC CHECK PASSED =====
GROUPBY: date_order:month
INVALID TECHNICAL HINT: date_order
RESOLVED FIELD: date
CONCEPT: month
RESOLUTION SCORE: 105.0

===== SEMANTIC FIELD REJECTED =====
SOURCE FIELD: sale
REASON: no field contains sufficient direct metadata evidence

===== SEMANTIC FIELD REJECTED =====
SOURCE FIELD: sales
REASON: no field contains sufficient direct metadata evidence

===== SEMANTIC FIELD REJECTED =====
SOURCE FIELD: sales order
REASON: no field contains sufficient direct metadata evidence

===== SEMANTIC FIELD REJECTED =====
SOURCE FIELD: revenue
REASON: no field contains sufficient direct metadata evidence

===== SEMANTIC CONCEPT KEPT AS CONTEXT =====
CONCEPT: sales
REASON: no sufficient metadata-backed field evidence; treated as entity/context concept

===== SEMANTIC FIELD REJECTED =====
SOURCE FIELD: profit
REASON: no field contains sufficient direct metadata evidence

===== SEMANTIC FIELD REJECTED =====
SOURCE FIELD: profitability
REASON: no field contains sufficient direct metadata evidence

===== SEMANTIC FIELD REJECTED =====
SOURCE FIELD: margin
REASON: no field contains sufficient direct metadata evidence

===== SEMANTIC CONCEPT KEPT AS CONTEXT =====
CONCEPT: profit
REASON: no sufficient metadata-backed field evidence; treated as entity/context concept

===== SEMANTIC FIELD SEARCH =====
SOURCE FIELD: date
EXACT TECHNICAL MATCH: date
MATCH TYPE: date
MATCH RELATION: False
MATCH LABEL: Accounting Date

===== SEMANTIC FIELD REJECTED =====
SOURCE FIELD: month
REASON: no field contains sufficient direct metadata evidence

===== SEMANTIC FIELD REJECTED =====
SOURCE FIELD: monthly sales
REASON: no field contains sufficient direct metadata evidence

===== SEMANTIC FIELD REJECTED =====
SOURCE FIELD: date_order
REASON: no field contains sufficient direct metadata evidence

===== DYNAMIC TECHNICAL HINT UNRESOLVED =====
FIELD: date_order
REASON: planner technical hint could not be resolved against real metadata

===== DYNAMIC MODEL REJECTED =====
MODEL: account.invoice.refund
MODEL SCORE: 0.0
REASON: required fields/concepts not fully compatible

----- CHECKING MODEL -----
MODEL: account.invoice.tax
MODEL SCORE: 0.0
FIELD COUNT: 20

===== SEMANTIC FIELD REJECTED =====
SOURCE FIELD: date_order
REASON: no field contains sufficient direct metadata evidence

===== SEMANTIC FIELD REJECTED =====
SOURCE FIELD: sale
REASON: no field contains sufficient direct metadata evidence

===== SEMANTIC FIELD REJECTED =====
SOURCE FIELD: sales
REASON: no field contains sufficient direct metadata evidence

===== SEMANTIC FIELD REJECTED =====
SOURCE FIELD: sales order
REASON: no field contains sufficient direct metadata evidence

===== SEMANTIC FIELD REJECTED =====
SOURCE FIELD: revenue
REASON: no field contains sufficient direct metadata evidence

===== SEMANTIC FIELD REJECTED =====
SOURCE FIELD: sales
REASON: no field contains sufficient direct metadata evidence

===== SEMANTIC FIELD REJECTED =====
SOURCE FIELD: profit
REASON: no field contains sufficient direct metadata evidence

===== SEMANTIC FIELD REJECTED =====
SOURCE FIELD: profitability
REASON: no field contains sufficient direct metadata evidence

===== SEMANTIC FIELD REJECTED =====
SOURCE FIELD: margin
REASON: no field contains sufficient direct metadata evidence

===== SEMANTIC FIELD REJECTED =====
SOURCE FIELD: profit
REASON: no field contains sufficient direct metadata evidence

===== SEMANTIC FIELD ACCEPTED =====
SOURCE FIELD: date
SELECTED FIELD: write_date
SELECTED TYPE: datetime
SELECTED RELATION: False
SELECTED LABEL: Last Updated on
DIRECT SOURCE TOKENS: 1
SOURCE COVERAGE: 1.0
SCORE: 285.0

===== SEMANTIC FIELD REJECTED =====
SOURCE FIELD: month
REASON: no field contains sufficient direct metadata evidence

===== SEMANTIC FIELD REJECTED =====
SOURCE FIELD: monthly sales
REASON: no field contains sufficient direct metadata evidence

===== SEMANTIC FIELD REJECTED =====
SOURCE FIELD: month
REASON: no field contains sufficient direct metadata evidence

===== GROUPBY SEMANTIC CHECK PASSED =====
GROUPBY: date_order:month
INVALID TECHNICAL HINT: date_order
RESOLVED FIELD: write_date
CONCEPT: month
RESOLUTION SCORE: 105.0

===== SEMANTIC FIELD REJECTED =====
SOURCE FIELD: sale
REASON: no field contains sufficient direct metadata evidence

===== SEMANTIC FIELD REJECTED =====
SOURCE FIELD: sales
REASON: no field contains sufficient direct metadata evidence

===== SEMANTIC FIELD REJECTED =====
SOURCE FIELD: sales order
REASON: no field contains sufficient direct metadata evidence

===== SEMANTIC FIELD REJECTED =====
SOURCE FIELD: revenue
REASON: no field contains sufficient direct metadata evidence

===== SEMANTIC CONCEPT KEPT AS CONTEXT =====
CONCEPT: sales
REASON: no sufficient metadata-backed field evidence; treated as entity/context concept

===== SEMANTIC FIELD REJECTED =====
SOURCE FIELD: profit
REASON: no field contains sufficient direct metadata evidence

===== SEMANTIC FIELD REJECTED =====
SOURCE FIELD: profitability
REASON: no field contains sufficient direct metadata evidence

===== SEMANTIC FIELD REJECTED =====
SOURCE FIELD: margin
REASON: no field contains sufficient direct metadata evidence

===== SEMANTIC CONCEPT KEPT AS CONTEXT =====
CONCEPT: profit
REASON: no sufficient metadata-backed field evidence; treated as entity/context concept

===== SEMANTIC FIELD ACCEPTED =====
SOURCE FIELD: date
SELECTED FIELD: write_date
SELECTED TYPE: datetime
SELECTED RELATION: False
SELECTED LABEL: Last Updated on
DIRECT SOURCE TOKENS: 1
SOURCE COVERAGE: 1.0
SCORE: 285.0

===== SEMANTIC FIELD REJECTED =====
SOURCE FIELD: month
REASON: no field contains sufficient direct metadata evidence

===== SEMANTIC FIELD REJECTED =====
SOURCE FIELD: monthly sales
REASON: no field contains sufficient direct metadata evidence

===== SEMANTIC FIELD REJECTED =====
SOURCE FIELD: date_order
REASON: no field contains sufficient direct metadata evidence

===== DYNAMIC TECHNICAL HINT UNRESOLVED =====
FIELD: date_order
REASON: planner technical hint could not be resolved against real metadata

===== DYNAMIC MODEL REJECTED =====
MODEL: account.invoice.tax
MODEL SCORE: 0.0
REASON: required fields/concepts not fully compatible

----- CHECKING MODEL -----
MODEL: account.journal
MODEL SCORE: 0.0
FIELD COUNT: 41

===== SEMANTIC FIELD REJECTED =====
SOURCE FIELD: date_order
REASON: no field contains sufficient direct metadata evidence

===== SEMANTIC FIELD ACCEPTED =====
SOURCE FIELD: sale
SELECTED FIELD: type
SELECTED TYPE: selection
SELECTED RELATION: False
SELECTED LABEL: Type
DIRECT SOURCE TOKENS: 1
SOURCE COVERAGE: 1.0
SCORE: 225.0

===== SEMANTIC FIELD REJECTED =====
SOURCE FIELD: sales
REASON: no field contains sufficient direct metadata evidence

===== SEMANTIC FIELD REJECTED =====
SOURCE FIELD: sales order
REASON: no field contains sufficient direct metadata evidence

===== SEMANTIC FIELD REJECTED =====
SOURCE FIELD: revenue
REASON: no field contains sufficient direct metadata evidence

===== SEMANTIC FIELD REJECTED =====
SOURCE FIELD: sales
REASON: no field contains sufficient direct metadata evidence

===== SEMANTIC FIELD ACCEPTED =====
SOURCE FIELD: profit
SELECTED FIELD: profit_account_id
SELECTED TYPE: many2one
SELECTED RELATION: account.account
SELECTED LABEL: Profit Account
DIRECT SOURCE TOKENS: 1
SOURCE COVERAGE: 1.0
SCORE: 465.0

===== SEMANTIC FIELD REJECTED =====
SOURCE FIELD: profitability
REASON: no field contains sufficient direct metadata evidence

===== SEMANTIC FIELD REJECTED =====
SOURCE FIELD: margin
REASON: no field contains sufficient direct metadata evidence

===== SEMANTIC FIELD ACCEPTED =====
SOURCE FIELD: profit
SELECTED FIELD: profit_account_id
SELECTED TYPE: many2one
SELECTED RELATION: account.account
SELECTED LABEL: Profit Account
DIRECT SOURCE TOKENS: 1
SOURCE COVERAGE: 1.0
SCORE: 465.0

===== SEMANTIC FIELD ACCEPTED =====
SOURCE FIELD: date
SELECTED FIELD: write_date
SELECTED TYPE: datetime
SELECTED RELATION: False
SELECTED LABEL: Last Updated on
DIRECT SOURCE TOKENS: 1
SOURCE COVERAGE: 1.0
SCORE: 285.0

===== SEMANTIC FIELD REJECTED =====
SOURCE FIELD: month
REASON: no field contains sufficient direct metadata evidence

===== SEMANTIC FIELD REJECTED =====
SOURCE FIELD: monthly sales
REASON: no field contains sufficient direct metadata evidence

===== SEMANTIC FIELD REJECTED =====
SOURCE FIELD: month
REASON: no field contains sufficient direct metadata evidence

===== GROUPBY SEMANTIC CHECK PASSED =====
GROUPBY: date_order:month
INVALID TECHNICAL HINT: date_order
RESOLVED FIELD: write_date
CONCEPT: month
RESOLUTION SCORE: 105.0

===== SEMANTIC FIELD ACCEPTED =====
SOURCE FIELD: sale
SELECTED FIELD: type
SELECTED TYPE: selection
SELECTED RELATION: False
SELECTED LABEL: Type
DIRECT SOURCE TOKENS: 1
SOURCE COVERAGE: 1.0
SCORE: 225.0

===== SEMANTIC FIELD REJECTED =====
SOURCE FIELD: sales
REASON: no field contains sufficient direct metadata evidence

===== SEMANTIC FIELD REJECTED =====
SOURCE FIELD: sales order
REASON: no field contains sufficient direct metadata evidence

===== SEMANTIC FIELD REJECTED =====
SOURCE FIELD: revenue
REASON: no field contains sufficient direct metadata evidence

===== SEMANTIC FIELD ACCEPTED =====
SOURCE FIELD: profit
SELECTED FIELD: profit_account_id
SELECTED TYPE: many2one
SELECTED RELATION: account.account
SELECTED LABEL: Profit Account
DIRECT SOURCE TOKENS: 1
SOURCE COVERAGE: 1.0
SCORE: 465.0

===== SEMANTIC FIELD REJECTED =====
SOURCE FIELD: profitability
REASON: no field contains sufficient direct metadata evidence

===== SEMANTIC FIELD REJECTED =====
SOURCE FIELD: margin
REASON: no field contains sufficient direct metadata evidence

===== SEMANTIC FIELD ACCEPTED =====
SOURCE FIELD: date
SELECTED FIELD: write_date
SELECTED TYPE: datetime
SELECTED RELATION: False
SELECTED LABEL: Last Updated on
DIRECT SOURCE TOKENS: 1
SOURCE COVERAGE: 1.0
SCORE: 285.0

===== SEMANTIC FIELD REJECTED =====
SOURCE FIELD: month
REASON: no field contains sufficient direct metadata evidence

===== SEMANTIC FIELD REJECTED =====
SOURCE FIELD: monthly sales
REASON: no field contains sufficient direct metadata evidence

===== SEMANTIC FIELD REJECTED =====
SOURCE FIELD: date_order
REASON: no field contains sufficient direct metadata evidence

===== DYNAMIC TECHNICAL HINT UNRESOLVED =====
FIELD: date_order
REASON: planner technical hint could not be resolved against real metadata

===== DYNAMIC MODEL REJECTED =====
MODEL: account.journal
MODEL SCORE: 0.0
REASON: required fields/concepts not fully compatible

----- CHECKING MODEL -----
MODEL: account.move
MODEL SCORE: 0.0
FIELD COUNT: 22

===== SEMANTIC FIELD REJECTED =====
SOURCE FIELD: date_order
REASON: no field contains sufficient direct metadata evidence

===== SEMANTIC FIELD REJECTED =====
SOURCE FIELD: sale
REASON: no field contains sufficient direct metadata evidence

===== SEMANTIC FIELD REJECTED =====
SOURCE FIELD: sales
REASON: no field contains sufficient direct metadata evidence

===== SEMANTIC FIELD REJECTED =====
SOURCE FIELD: sales order
REASON: no field contains sufficient direct metadata evidence

===== SEMANTIC FIELD REJECTED =====
SOURCE FIELD: revenue
REASON: no field contains sufficient direct metadata evidence

===== SEMANTIC FIELD REJECTED =====
SOURCE FIELD: sales
REASON: no field contains sufficient direct metadata evidence

===== SEMANTIC FIELD REJECTED =====
SOURCE FIELD: profit
REASON: no field contains sufficient direct metadata evidence

===== SEMANTIC FIELD REJECTED =====
SOURCE FIELD: profitability
REASON: no field contains sufficient direct metadata evidence

===== SEMANTIC FIELD REJECTED =====
SOURCE FIELD: margin
REASON: no field contains sufficient direct metadata evidence

===== SEMANTIC FIELD REJECTED =====
SOURCE FIELD: profit
REASON: no field contains sufficient direct metadata evidence

===== SEMANTIC FIELD SEARCH =====
SOURCE FIELD: date
EXACT TECHNICAL MATCH: date
MATCH TYPE: date
MATCH RELATION: False
MATCH LABEL: Date

===== SEMANTIC FIELD REJECTED =====
SOURCE FIELD: month
REASON: no field contains sufficient direct metadata evidence

===== SEMANTIC FIELD REJECTED =====
SOURCE FIELD: monthly sales
REASON: no field contains sufficient direct metadata evidence

===== SEMANTIC FIELD REJECTED =====
SOURCE FIELD: month
REASON: no field contains sufficient direct metadata evidence

===== GROUPBY SEMANTIC CHECK PASSED =====
GROUPBY: date_order:month
INVALID TECHNICAL HINT: date_order
RESOLVED FIELD: date
CONCEPT: month
RESOLUTION SCORE: 105.0

===== SEMANTIC FIELD REJECTED =====
SOURCE FIELD: sale
REASON: no field contains sufficient direct metadata evidence

===== SEMANTIC FIELD REJECTED =====
SOURCE FIELD: sales
REASON: no field contains sufficient direct metadata evidence

===== SEMANTIC FIELD REJECTED =====
SOURCE FIELD: sales order
REASON: no field contains sufficient direct metadata evidence

===== SEMANTIC FIELD REJECTED =====
SOURCE FIELD: revenue
REASON: no field contains sufficient direct metadata evidence

===== SEMANTIC CONCEPT KEPT AS CONTEXT =====
CONCEPT: sales
REASON: no sufficient metadata-backed field evidence; treated as entity/context concept

===== SEMANTIC FIELD REJECTED =====
SOURCE FIELD: profit
REASON: no field contains sufficient direct metadata evidence

===== SEMANTIC FIELD REJECTED =====
SOURCE FIELD: profitability
REASON: no field contains sufficient direct metadata evidence

===== SEMANTIC FIELD REJECTED =====
SOURCE FIELD: margin
REASON: no field contains sufficient direct metadata evidence

===== SEMANTIC CONCEPT KEPT AS CONTEXT =====
CONCEPT: profit
REASON: no sufficient metadata-backed field evidence; treated as entity/context concept

===== SEMANTIC FIELD SEARCH =====
SOURCE FIELD: date
EXACT TECHNICAL MATCH: date
MATCH TYPE: date
MATCH RELATION: False
MATCH LABEL: Date

===== SEMANTIC FIELD REJECTED =====
SOURCE FIELD: month
REASON: no field contains sufficient direct metadata evidence

===== SEMANTIC FIELD REJECTED =====
SOURCE FIELD: monthly sales
REASON: no field contains sufficient direct metadata evidence

===== SEMANTIC FIELD REJECTED =====
SOURCE FIELD: date_order
REASON: no field contains sufficient direct metadata evidence

===== DYNAMIC TECHNICAL HINT UNRESOLVED =====
FIELD: date_order
REASON: planner technical hint could not be resolved against real metadata

===== DYNAMIC MODEL REJECTED =====
MODEL: account.move
MODEL SCORE: 0.0
REASON: required fields/concepts not fully compatible

----- CHECKING MODEL -----
MODEL: account.move.reversal
MODEL SCORE: 0.0
FIELD COUNT: 9

===== SEMANTIC FIELD REJECTED =====
SOURCE FIELD: date_order
REASON: no field contains sufficient direct metadata evidence

===== SEMANTIC FIELD REJECTED =====
SOURCE FIELD: sale
REASON: no field contains sufficient direct metadata evidence

===== SEMANTIC FIELD REJECTED =====
SOURCE FIELD: sales
REASON: no field contains sufficient direct metadata evidence

===== SEMANTIC FIELD REJECTED =====
SOURCE FIELD: sales order
REASON: no field contains sufficient direct metadata evidence

===== SEMANTIC FIELD REJECTED =====
SOURCE FIELD: revenue
REASON: no field contains sufficient direct metadata evidence

===== SEMANTIC FIELD REJECTED =====
SOURCE FIELD: sales
REASON: no field contains sufficient direct metadata evidence

===== SEMANTIC FIELD REJECTED =====
SOURCE FIELD: profit
REASON: no field contains sufficient direct metadata evidence

===== SEMANTIC FIELD REJECTED =====
SOURCE FIELD: profitability
REASON: no field contains sufficient direct metadata evidence

===== SEMANTIC FIELD REJECTED =====
SOURCE FIELD: margin
REASON: no field contains sufficient direct metadata evidence

===== SEMANTIC FIELD REJECTED =====
SOURCE FIELD: profit
REASON: no field contains sufficient direct metadata evidence

===== SEMANTIC FIELD SEARCH =====
SOURCE FIELD: date
EXACT TECHNICAL MATCH: date
MATCH TYPE: date
MATCH RELATION: False
MATCH LABEL: Reversal date

===== SEMANTIC FIELD REJECTED =====
SOURCE FIELD: month
REASON: no field contains sufficient direct metadata evidence

===== SEMANTIC FIELD REJECTED =====
SOURCE FIELD: monthly sales
REASON: no field contains sufficient direct metadata evidence

===== SEMANTIC FIELD REJECTED =====
SOURCE FIELD: month
REASON: no field contains sufficient direct metadata evidence

===== GROUPBY SEMANTIC CHECK PASSED =====
GROUPBY: date_order:month
INVALID TECHNICAL HINT: date_order
RESOLVED FIELD: date
CONCEPT: month
RESOLUTION SCORE: 105.0

===== SEMANTIC FIELD REJECTED =====
SOURCE FIELD: sale
REASON: no field contains sufficient direct metadata evidence

===== SEMANTIC FIELD REJECTED =====
SOURCE FIELD: sales
REASON: no field contains sufficient direct metadata evidence

===== SEMANTIC FIELD REJECTED =====
SOURCE FIELD: sales order
REASON: no field contains sufficient direct metadata evidence

===== SEMANTIC FIELD REJECTED =====
SOURCE FIELD: revenue
REASON: no field contains sufficient direct metadata evidence

===== SEMANTIC CONCEPT KEPT AS CONTEXT =====
CONCEPT: sales
REASON: no sufficient metadata-backed field evidence; treated as entity/context concept

===== SEMANTIC FIELD REJECTED =====
SOURCE FIELD: profit
REASON: no field contains sufficient direct metadata evidence

===== SEMANTIC FIELD REJECTED =====
SOURCE FIELD: profitability
REASON: no field contains sufficient direct metadata evidence

===== SEMANTIC FIELD REJECTED =====
SOURCE FIELD: margin
REASON: no field contains sufficient direct metadata evidence

===== SEMANTIC CONCEPT KEPT AS CONTEXT =====
CONCEPT: profit
REASON: no sufficient metadata-backed field evidence; treated as entity/context concept

===== SEMANTIC FIELD SEARCH =====
SOURCE FIELD: date
EXACT TECHNICAL MATCH: date
MATCH TYPE: date
MATCH RELATION: False
MATCH LABEL: Reversal date

===== SEMANTIC FIELD REJECTED =====
SOURCE FIELD: month
REASON: no field contains sufficient direct metadata evidence

===== SEMANTIC FIELD REJECTED =====
SOURCE FIELD: monthly sales
REASON: no field contains sufficient direct metadata evidence

===== SEMANTIC FIELD REJECTED =====
SOURCE FIELD: date_order
REASON: no field contains sufficient direct metadata evidence

===== DYNAMIC TECHNICAL HINT UNRESOLVED =====
FIELD: date_order
REASON: planner technical hint could not be resolved against real metadata

===== DYNAMIC MODEL REJECTED =====
MODEL: account.move.reversal
MODEL SCORE: 0.0
REASON: required fields/concepts not fully compatible

----- CHECKING MODEL -----
MODEL: account.opening
MODEL SCORE: 0.0
FIELD COUNT: 13

===== SEMANTIC FIELD REJECTED =====
SOURCE FIELD: date_order
REASON: no field contains sufficient direct metadata evidence

===== SEMANTIC FIELD REJECTED =====
SOURCE FIELD: sale
REASON: no field contains sufficient direct metadata evidence

===== SEMANTIC FIELD REJECTED =====
SOURCE FIELD: sales
REASON: no field contains sufficient direct metadata evidence

===== SEMANTIC FIELD REJECTED =====
SOURCE FIELD: sales order
REASON: no field contains sufficient direct metadata evidence

===== SEMANTIC FIELD REJECTED =====
SOURCE FIELD: revenue
REASON: no field contains sufficient direct metadata evidence

===== SEMANTIC FIELD REJECTED =====
SOURCE FIELD: sales
REASON: no field contains sufficient direct metadata evidence

===== SEMANTIC FIELD REJECTED =====
SOURCE FIELD: profit
REASON: no field contains sufficient direct metadata evidence

===== SEMANTIC FIELD REJECTED =====
SOURCE FIELD: profitability
REASON: no field contains sufficient direct metadata evidence

===== SEMANTIC FIELD REJECTED =====
SOURCE FIELD: margin
REASON: no field contains sufficient direct metadata evidence

===== SEMANTIC FIELD REJECTED =====
SOURCE FIELD: profit
REASON: no field contains sufficient direct metadata evidence

===== SEMANTIC FIELD SEARCH =====
SOURCE FIELD: date
EXACT TECHNICAL MATCH: date
MATCH TYPE: date
MATCH RELATION: False
MATCH LABEL: Opening Date

===== SEMANTIC FIELD REJECTED =====
SOURCE FIELD: month
REASON: no field contains sufficient direct metadata evidence

===== SEMANTIC FIELD REJECTED =====
SOURCE FIELD: monthly sales
REASON: no field contains sufficient direct metadata evidence

===== SEMANTIC FIELD REJECTED =====
SOURCE FIELD: month
REASON: no field contains sufficient direct metadata evidence

===== GROUPBY SEMANTIC CHECK PASSED =====
GROUPBY: date_order:month
INVALID TECHNICAL HINT: date_order
RESOLVED FIELD: date
CONCEPT: month
RESOLUTION SCORE: 105.0

===== SEMANTIC FIELD REJECTED =====
SOURCE FIELD: sale
REASON: no field contains sufficient direct metadata evidence

===== SEMANTIC FIELD REJECTED =====
SOURCE FIELD: sales
REASON: no field contains sufficient direct metadata evidence

===== SEMANTIC FIELD REJECTED =====
SOURCE FIELD: sales order
REASON: no field contains sufficient direct metadata evidence

===== SEMANTIC FIELD REJECTED =====
SOURCE FIELD: revenue
REASON: no field contains sufficient direct metadata evidence

===== SEMANTIC CONCEPT KEPT AS CONTEXT =====
CONCEPT: sales
REASON: no sufficient metadata-backed field evidence; treated as entity/context concept

===== SEMANTIC FIELD REJECTED =====
SOURCE FIELD: profit
REASON: no field contains sufficient direct metadata evidence

===== SEMANTIC FIELD REJECTED =====
SOURCE FIELD: profitability
REASON: no field contains sufficient direct metadata evidence

===== SEMANTIC FIELD REJECTED =====
SOURCE FIELD: margin
REASON: no field contains sufficient direct metadata evidence

===== SEMANTIC CONCEPT KEPT AS CONTEXT =====
CONCEPT: profit
REASON: no sufficient metadata-backed field evidence; treated as entity/context concept

===== SEMANTIC FIELD SEARCH =====
SOURCE FIELD: date
EXACT TECHNICAL MATCH: date
MATCH TYPE: date
MATCH RELATION: False
MATCH LABEL: Opening Date

===== SEMANTIC FIELD REJECTED =====
SOURCE FIELD: month
REASON: no field contains sufficient direct metadata evidence

===== SEMANTIC FIELD REJECTED =====
SOURCE FIELD: monthly sales
REASON: no field contains sufficient direct metadata evidence

===== SEMANTIC FIELD REJECTED =====
SOURCE FIELD: date_order
REASON: no field contains sufficient direct metadata evidence

===== DYNAMIC TECHNICAL HINT UNRESOLVED =====
FIELD: date_order
REASON: planner technical hint could not be resolved against real metadata

===== DYNAMIC MODEL REJECTED =====
MODEL: account.opening
MODEL SCORE: 0.0
REASON: required fields/concepts not fully compatible

===== DYNAMIC MODEL FALLBACK SELECTED =====
CURRENT MODEL: sale.order
SELECTED MODEL: purchase.order
MODEL SCORE: 1171.0
RESOLVED FIELDS: {'date_order:month': 'date_order', 'date': 'date_order', 'month': 'date_order', 'date_order': 'date_order', 'amount_total': 'amount_total'}

===== CHIAMATA PORTANT (call_kw) =====
URL: http://10.100.12.145:91/web/dataset/call_kw/purchase.order/fields_view_get
MODELLO: purchase.order
METHOD: fields_view_get
ARGS: []
KWARGS: {'view_type': 'tree', 'toolbar': False, 'submenu': False}

===== RISPOSTA PORTANT (call_kw) =====
HTTP STATUS: 200

===== ODOO TREE VIEW DISCOVERED =====
MODEL: purchase.order
VIEW ID: 1015
VIEW STRING: Purchase Order
DEFAULT ORDER: 
VIEW FIELDS: ['message_unread', 'name', 'date_order', 'partner_id', 'company_id', 'date_planned', 'origin', 'amount_untaxed', 'amount_total', 'currency_id', 'state', 'delivery_state']
VISIBLE FIELDS: ['name', 'date_order', 'partner_id', 'date_planned', 'origin', 'amount_untaxed', 'amount_total', 'state', 'delivery_state']

===== DYNAMIC FALLBACK FULL METADATA VALIDATION =====
MODEL: purchase.order
FIELDS: 65

===== SEMANTIC FIELD REJECTED =====
SOURCE FIELD: sale
REASON: no field contains sufficient direct metadata evidence

===== SEMANTIC FIELD REJECTED =====
SOURCE FIELD: sales
BEST CANDIDATE: origin
BEST SCORE: 223.0
SECOND SCORE: 215.0
MARGIN: 8.0
REASON: ambiguous metadata-backed semantic resolution

===== SEMANTIC FIELD REJECTED =====
SOURCE FIELD: sales order
BEST CANDIDATE: origin
BEST SCORE: 298.0
SECOND SCORE: 290.0
MARGIN: 8.0
REASON: ambiguous metadata-backed semantic resolution

===== SEMANTIC FIELD REJECTED =====
SOURCE FIELD: revenue
REASON: no field contains sufficient direct metadata evidence

===== SEMANTIC FIELD REJECTED =====
SOURCE FIELD: sales
BEST CANDIDATE: origin
BEST SCORE: 223.0
SECOND SCORE: 215.0
MARGIN: 8.0
REASON: ambiguous metadata-backed semantic resolution

===== SEMANTIC FIELD REJECTED =====
SOURCE FIELD: profit
REASON: no field contains sufficient direct metadata evidence

===== SEMANTIC FIELD REJECTED =====
SOURCE FIELD: profitability
REASON: no field contains sufficient direct metadata evidence

===== SEMANTIC FIELD REJECTED =====
SOURCE FIELD: margin
REASON: no field contains sufficient direct metadata evidence

===== SEMANTIC FIELD REJECTED =====
SOURCE FIELD: profit
REASON: no field contains sufficient direct metadata evidence

===== SEMANTIC FIELD ACCEPTED =====
SOURCE FIELD: date
SELECTED FIELD: date_order
SELECTED TYPE: datetime
SELECTED RELATION: None
SELECTED LABEL: Order Date
DIRECT SOURCE TOKENS: 1
SOURCE COVERAGE: 1.0
SCORE: 435.0

===== GROUPBY SEMANTIC CHECK PASSED =====
GROUPBY: date_order:month
RESOLVED FIELD: date_order

===== SEMANTIC FIELD REJECTED =====
SOURCE FIELD: sale
REASON: no field contains sufficient direct metadata evidence

===== SEMANTIC FIELD REJECTED =====
SOURCE FIELD: sales
BEST CANDIDATE: origin
BEST SCORE: 223.0
SECOND SCORE: 215.0
MARGIN: 8.0
REASON: ambiguous metadata-backed semantic resolution

===== SEMANTIC FIELD REJECTED =====
SOURCE FIELD: sales order
BEST CANDIDATE: origin
BEST SCORE: 298.0
SECOND SCORE: 290.0
MARGIN: 8.0
REASON: ambiguous metadata-backed semantic resolution

===== SEMANTIC FIELD REJECTED =====
SOURCE FIELD: revenue
REASON: no field contains sufficient direct metadata evidence

===== SEMANTIC CONCEPT KEPT AS CONTEXT =====
CONCEPT: sales
REASON: no sufficient metadata-backed field evidence; treated as entity/context concept

===== SEMANTIC FIELD REJECTED =====
SOURCE FIELD: profit
REASON: no field contains sufficient direct metadata evidence

===== SEMANTIC FIELD REJECTED =====
SOURCE FIELD: profitability
REASON: no field contains sufficient direct metadata evidence

===== SEMANTIC FIELD REJECTED =====
SOURCE FIELD: margin
REASON: no field contains sufficient direct metadata evidence

===== SEMANTIC CONCEPT KEPT AS CONTEXT =====
CONCEPT: profit
REASON: no sufficient metadata-backed field evidence; treated as entity/context concept

===== SEMANTIC FIELD ACCEPTED =====
SOURCE FIELD: date
SELECTED FIELD: date_order
SELECTED TYPE: datetime
SELECTED RELATION: None
SELECTED LABEL: Order Date
DIRECT SOURCE TOKENS: 1
SOURCE COVERAGE: 1.0
SCORE: 435.0

===== SEMANTIC FIELD REJECTED =====
SOURCE FIELD: month
REASON: no field contains sufficient direct metadata evidence

===== SEMANTIC FIELD REJECTED =====
SOURCE FIELD: monthly sales
REASON: no field contains sufficient direct metadata evidence
FIELD COMPATIBLE: date_order -> date_order | exact technical match
FIELD COMPATIBLE: amount_total -> amount_total | exact technical match

===== DYNAMIC MODEL COMPATIBILITY PASSED =====
REQUIRED SEMANTIC CONCEPTS: [{'concept': 'sales', 'queries': ['sale', 'sales', 'sales order', 'revenue']}, {'concept': 'profit', 'queries': ['profit', 'profitability', 'margin']}, {'concept': 'month', 'queries': ['date', 'month', 'monthly sales']}]
REQUIRED FIELD HINTS: ['date_order', 'amount_total']
RESOLVED FIELDS: {'date_order:month': 'date_order', 'date': 'date_order', 'month': 'date_order', 'date_order': 'date_order', 'amount_total': 'amount_total'}

===== DYNAMIC FALLBACK FINAL ACCEPT =====
MODEL: purchase.order
FINAL RESOLVED FIELDS: {'date_order:month': 'date_order', 'date': 'date_order', 'month': 'date_order', 'date_order': 'date_order', 'amount_total': 'amount_total'}

===== MODEL FALLBACK APPLIED =====
ORIGINAL MODEL: sale.order
FALLBACK MODEL: purchase.order

===== RESOLVED FIELD MAPPINGS APPLIED =====
MAPPINGS: {'date_order:month': 'date_order', 'date': 'date_order', 'month': 'date_order'}
FIELDS: ['date_order:month', 'amount_total:sum', '__count']
GROUPBY: ['date_order:month']
ORDERBY: date_order:month asc

===== SEMANTIC FIELD REJECTED =====
SOURCE FIELD: date_order:month
REASON: no field contains sufficient direct metadata evidence

===== DYNAMIC FIELD UNRESOLVED =====
REQUESTED: date_order:month

===== DYNAMIC FIELDS RESOLUTION =====
ORIGINAL: ['date_order:month', 'amount_total:sum', '__count']
RESOLVED: ['amount_total:sum', '__count']

===== SEMANTIC FIELD REJECTED =====
SOURCE FIELD: date_order:month
REASON: no field contains sufficient direct metadata evidence

===== DYNAMIC GROUPBY RESOLUTION FAILED =====
ORIGINAL: ['date_order:month']
RESOLVED: []

===== Portant QUERY ERROR =====
QUERY: 1
TYPE: ValueError
MESSAGE: Il groupby richiesto dal planner non è stato completamente risolto sui metadati Odoo reali.

===== EXPERIENCE MEMORY =====
STATUS: FAILURE
REQUEST: Dimmi quando abbiamo venduto negli ultimi 4 mesi e fammi un grafico, poi dimmi il mese più redditizio
MODEL: sale.order
METHOD: read_group
ERROR: Il groupby richiesto dal planner non è stato completamente risolto sui metadati Odoo reali.

===== MULTI Portant COMPLETE =====
RESULTS: 1
SUCCESS: 0
FAILED: 1

===== ODOO EXECUTION FEEDBACK =====
PLANNER ATTEMPT: 2
EXECUTION FAILED: True
FEEDBACK ITEMS: 1

===== GRAPH ROUTE ODOO =====
EXECUTION FAILED: True
PLANNER ATTEMPT: 2
MAX ATTEMPTS: 4
ROUTE: planner

===== PLANNER SEMANTIC CONTEXT =====
CONCEPTS: []

===== PLANNER GLOBAL ATTEMPT STATE =====
ATTEMPTS ALREADY CONSUMED: 2
EXECUTION FEEDBACK: [{'attempt': 2, 'status': 'EXECUTION_FAILED', 'reason': 'odoo_execution_failed', 'request': 'Dimmi quando abbiamo venduto negli ultimi 4 mesi e fammi un grafico, poi dimmi il mese più redditizio', 'proposal': {'model': 'sale.order', 'method': 'read_group', 'params': {'domain': [['date_order', '>=', '2026-05-18 15:43:50'], ['date_order', '<', '2026-09-18 15:43:51']], 'fields': ['amount_total:sum', '__count'], 'groupby': ['date_order:month'], 'limit': 4, 'offset': 0, 'orderby': 'date_order:month asc', 'lazy': False}}, 'error': {'type': 'ValueError', 'message': 'Il groupby richiesto dal planner non è stato completamente risolto sui metadati Odoo reali.'}}]

===== PLANNER PREVIOUS RETRY CONTEXT =====
RETRY HISTORY: [{'attempt': 1, 'status': 'REJECTED', 'reason': 'invalid_technical_fields', 'proposal': {'model': 'sale.order', 'method': 'read_group', 'params': {'domain': [['date_order', '>=', '2026-05-18 15:43:50'], ['date_order', '<=', '2026-09-18 15:43:50']], 'fields': ['date_order:month', 'amount_total:sum', 'margin:sum', '__count'], 'groupby': ['date_order:month'], 'limit': 4, 'offset': 0, 'orderby': 'date_order:month asc', 'lazy': False}}, 'details': {'reason': 'invalid_technical_fields', 'model': 'sale.order', 'invalid_fields': ['margin'], 'validated_fields': ['__count', 'amount_total:sum', 'date_order', 'date_order:month', 'margin:sum'], 'available_fields_sample': ['__last_update', 'access_token', 'activity_date_deadline', 'activity_ids', 'activity_state', 'activity_summary', 'activity_type_id', 'activity_user_id', 'amount_tax', 'amount_total', 'amount_untaxed', 'analytic_account_id', 'bi_exported', 'carriage_condition_id', 'carrier_id', 'client_order_ref', 'commitment_date', 'company_id', 'confirmation_date', 'create_date', 'create_ddt', 'create_uid', 'currency_id', 'date_order', 'ddt_carrier_id', 'ddt_ids', 'ddt_invoicing_group', 'delivery_count', 'delivery_message', 'delivery_price', 'delivery_rating_success', 'discount_amount_visible', 'discount_perc_1_visible', 'discount_perc_2_visible', 'discount_perc_3_visible', 'discount_perc_4_visible', 'discount_perc_5_visible', 'discount_perc_6_visible', 'display_name', 'edited', 'effective_date', 'exported', 'fiscal_position_id', 'gamma_agente_codice', 'gamma_agente_cognome', 'gamma_agente_nome', 'gamma_agente_ragsoc', 'gamma_cod_doc', 'gamma_id', 'gamma_num_doc', 'gamma_numvsdoc', 'gamma_sez_doc', 'gamma_spediz_codice', 'gamma_spediz_cognome', 'gamma_spediz_nome', 'gamma_spediz_ragsoc', 'goods_description_id', 'gross_weight', 'id', 'incoterm', 'increase_amount_visible', 'increase_perc_1_visible', 'increase_perc_2_visible', 'invoice_count', 'invoice_ids', 'invoice_shipping_on_delivery', 'invoice_status', 'is_expired', 'message_channel_ids', 'message_follower_ids', 'message_ids', 'message_is_follower', 'message_last_post', 'message_needaction', 'message_needaction_counter', 'message_partner_ids', 'message_unread', 'message_unread_counter', 'name', 'note']}}, {'attempt': 2, 'status': 'EXECUTION_FAILED', 'reason': 'odoo_execution_failed', 'request': 'Dimmi quando abbiamo venduto negli ultimi 4 mesi e fammi un grafico, poi dimmi il mese più redditizio', 'proposal': {'model': 'sale.order', 'method': 'read_group', 'params': {'domain': [['date_order', '>=', '2026-05-18 15:43:50'], ['date_order', '<', '2026-09-18 15:43:51']], 'fields': ['amount_total:sum', '__count'], 'groupby': ['date_order:month'], 'limit': 4, 'offset': 0, 'orderby': 'date_order:month asc', 'lazy': False}}, 'error': {'type': 'ValueError', 'message': 'Il groupby richiesto dal planner non è stato completamente risolto sui metadati Odoo reali.'}}]

===== PLANNER TEMPORAL CONTEXT =====
CURRENT DATETIME: 2026-09-18T15:44:26+02:00
CURRENT DATE: 2026-09-18
CURRENT TIME: 15:44:26
TIMEZONE: Europe/Rome
UTC OFFSET: +0200

===== CHIAMATA PORTANT (call_kw) =====
URL: http://10.100.12.145:91/web/dataset/call_kw/ir.model/search_read
MODELLO: ir.model
METHOD: search_read
ARGS: [[]]
KWARGS: {'fields': ['id', 'model', 'name', 'state'], 'limit': 0, 'order': 'model asc'}

===== RISPOSTA PORTANT (call_kw) =====
HTTP STATUS: 200

===== MODEL SEARCH INDEX =====
QUERY: Dimmi quando abbiamo venduto negli ultimi 4 mesi e fammi un grafico, poi dimmi il mese più redditizio
MODELS LOADED: 518
MATCHED MODELS: 4

===== SEMANTIC QUERY EXPANSION =====
INPUT: Dimmi quando abbiamo venduto negli ultimi 4 mesi e fammi un grafico, poi dimmi il mese più redditizio
QUERIES: ['sales', 'sale', 'sold', 'sale date', 'order date', 'month', 'monthly', 'profit', 'profitability', 'margin']
CONCEPTS: [{'concept': 'sales', 'queries': ['sales', 'sale', 'sold']}, {'concept': 'sale date', 'queries': ['sale date', 'order date']}, {'concept': 'month', 'queries': ['month', 'monthly']}, {'concept': 'profit', 'queries': ['profit', 'profitability', 'margin']}]

===== MODEL SEARCH INDEX =====
QUERY: sales
MODELS LOADED: 518
MATCHED MODELS: 9

===== MODEL SEARCH INDEX =====
QUERY: sale
MODELS LOADED: 518
MATCHED MODELS: 9

===== MODEL SEARCH INDEX =====
QUERY: sold
MODELS LOADED: 518
MATCHED MODELS: 0

===== MODEL SEARCH INDEX =====
QUERY: sale date
MODELS LOADED: 518
MATCHED MODELS: 19

===== MODEL SEARCH INDEX =====
QUERY: order date
MODELS LOADED: 518
MATCHED MODELS: 31

===== MODEL SEARCH INDEX =====
QUERY: month
MODELS LOADED: 518
MATCHED MODELS: 0

===== MODEL SEARCH INDEX =====
QUERY: monthly
MODELS LOADED: 518
MATCHED MODELS: 0

===== MODEL SEARCH INDEX =====
QUERY: profit
MODELS LOADED: 518
MATCHED MODELS: 0

===== MODEL SEARCH INDEX =====
QUERY: profitability
MODELS LOADED: 518
MATCHED MODELS: 0

===== MODEL SEARCH INDEX =====
QUERY: margin
MODELS LOADED: 518
MATCHED MODELS: 0

===== SEMANTIC MODEL CONTEXT =====
REQUEST SEMANTIC CONCEPTS: [{'concept': 'sales', 'queries': ['sales', 'sale', 'sold']}, {'concept': 'sale date', 'queries': ['sale date', 'order date']}, {'concept': 'month', 'queries': ['month', 'monthly']}, {'concept': 'profit', 'queries': ['profit', 'profitability', 'margin']}]
MODEL: report.all.channels.sales
SEMANTIC QUERIES: ['sales', 'sale']
SEMANTIC CONCEPTS: [{'concept': 'sales', 'queries': ['sales', 'sale', 'sold']}, {'concept': 'sale date', 'queries': ['sale date', 'order date']}]
REQUEST CONCEPTS: [{'concept': 'sales', 'queries': ['sales', 'sale', 'sold']}, {'concept': 'sale date', 'queries': ['sale date', 'order date']}, {'concept': 'month', 'queries': ['month', 'monthly']}, {'concept': 'profit', 'queries': ['profit', 'profitability', 'margin']}]
MODEL: report.sale.report_saleproforma
SEMANTIC QUERIES: ['sales', 'sale', 'sale date']
SEMANTIC CONCEPTS: [{'concept': 'sales', 'queries': ['sales', 'sale', 'sold']}, {'concept': 'sale date', 'queries': ['sale date', 'order date']}]
REQUEST CONCEPTS: [{'concept': 'sales', 'queries': ['sales', 'sale', 'sold']}, {'concept': 'sale date', 'queries': ['sale date', 'order date']}, {'concept': 'month', 'queries': ['month', 'monthly']}, {'concept': 'profit', 'queries': ['profit', 'profitability', 'margin']}]
MODEL: sale.layout_category
SEMANTIC QUERIES: ['sales', 'sale', 'sale date']
SEMANTIC CONCEPTS: [{'concept': 'sales', 'queries': ['sales', 'sale', 'sold']}, {'concept': 'sale date', 'queries': ['sale date', 'order date']}]
REQUEST CONCEPTS: [{'concept': 'sales', 'queries': ['sales', 'sale', 'sold']}, {'concept': 'sale date', 'queries': ['sale date', 'order date']}, {'concept': 'month', 'queries': ['month', 'monthly']}, {'concept': 'profit', 'queries': ['profit', 'profitability', 'margin']}]
MODEL: sale.advance.payment.inv
SEMANTIC QUERIES: ['sales', 'sale']
SEMANTIC CONCEPTS: [{'concept': 'sales', 'queries': ['sales', 'sale', 'sold']}, {'concept': 'sale date', 'queries': ['sale date', 'order date']}]
REQUEST CONCEPTS: [{'concept': 'sales', 'queries': ['sales', 'sale', 'sold']}, {'concept': 'sale date', 'queries': ['sale date', 'order date']}, {'concept': 'month', 'queries': ['month', 'monthly']}, {'concept': 'profit', 'queries': ['profit', 'profitability', 'margin']}]
MODEL: sale.order.line
SEMANTIC QUERIES: ['sales', 'sale']
SEMANTIC CONCEPTS: [{'concept': 'sales', 'queries': ['sales', 'sale', 'sold']}, {'concept': 'sale date', 'queries': ['sale date', 'order date']}]
REQUEST CONCEPTS: [{'concept': 'sales', 'queries': ['sales', 'sale', 'sold']}, {'concept': 'sale date', 'queries': ['sale date', 'order date']}, {'concept': 'month', 'queries': ['month', 'monthly']}, {'concept': 'profit', 'queries': ['profit', 'profitability', 'margin']}]
MODEL: sale.report
SEMANTIC QUERIES: ['sales', 'sale']
SEMANTIC CONCEPTS: [{'concept': 'sales', 'queries': ['sales', 'sale', 'sold']}, {'concept': 'sale date', 'queries': ['sale date', 'order date']}]
REQUEST CONCEPTS: [{'concept': 'sales', 'queries': ['sales', 'sale', 'sold']}, {'concept': 'sale date', 'queries': ['sale date', 'order date']}, {'concept': 'month', 'queries': ['month', 'monthly']}, {'concept': 'profit', 'queries': ['profit', 'profitability', 'margin']}]
MODEL: mrp.change.confirm.wizard
SEMANTIC QUERIES: ['sales', 'sale']
SEMANTIC CONCEPTS: [{'concept': 'sales', 'queries': ['sales', 'sale', 'sold']}, {'concept': 'sale date', 'queries': ['sale date', 'order date']}]
REQUEST CONCEPTS: [{'concept': 'sales', 'queries': ['sales', 'sale', 'sold']}, {'concept': 'sale date', 'queries': ['sale date', 'order date']}, {'concept': 'month', 'queries': ['month', 'monthly']}, {'concept': 'profit', 'queries': ['profit', 'profitability', 'margin']}]
MODEL: crm.team
SEMANTIC QUERIES: ['sales']
SEMANTIC CONCEPTS: [{'concept': 'sales', 'queries': ['sales', 'sale', 'sold']}]
REQUEST CONCEPTS: [{'concept': 'sales', 'queries': ['sales', 'sale', 'sold']}, {'concept': 'sale date', 'queries': ['sale date', 'order date']}, {'concept': 'month', 'queries': ['month', 'monthly']}, {'concept': 'profit', 'queries': ['profit', 'profitability', 'margin']}]

===== SEMANTIC MODEL RESULTS =====
INPUT: Dimmi quando abbiamo venduto negli ultimi 4 mesi e fammi un grafico, poi dimmi il mese più redditizio
 - report.all.channels.sales | All sales orders grouped by sales channels | score: 24.0
 - report.sale.report_saleproforma | report.sale.report_saleproforma | score: 24.0
 - sale.layout_category | sale.layout_category | score: 24.0
 - sale.advance.payment.inv | Sales Advance Payment Invoice | score: 20.0
 - sale.order.line | Sales Order Line | score: 20.0
 - sale.report | Sales Orders Statistics | score: 20.0
 - mrp.change.confirm.wizard | Open Sales Details Report | score: 16.0
 - crm.team | Sales Channel | score: 16.0

===== DYNAMIC MODEL DISCOVERY =====
QUERY: Dimmi quando abbiamo venduto negli ultimi 4 mesi e fammi un grafico, poi dimmi il mese più redditizio
REQUEST SEMANTIC CONCEPTS: []
CANDIDATES:
 - report.all.channels.sales | All sales orders grouped by sales channels | score: 24.0
   semantic concepts: [{'concept': 'sales', 'queries': ['sales', 'sale', 'sold']}, {'concept': 'sale date', 'queries': ['sale date', 'order date']}]
   request concepts: [{'concept': 'sales', 'queries': ['sales', 'sale', 'sold']}, {'concept': 'sale date', 'queries': ['sale date', 'order date']}, {'concept': 'month', 'queries': ['month', 'monthly']}, {'concept': 'profit', 'queries': ['profit', 'profitability', 'margin']}]
 - report.sale.report_saleproforma | report.sale.report_saleproforma | score: 24.0
   semantic concepts: [{'concept': 'sales', 'queries': ['sales', 'sale', 'sold']}, {'concept': 'sale date', 'queries': ['sale date', 'order date']}]
   request concepts: [{'concept': 'sales', 'queries': ['sales', 'sale', 'sold']}, {'concept': 'sale date', 'queries': ['sale date', 'order date']}, {'concept': 'month', 'queries': ['month', 'monthly']}, {'concept': 'profit', 'queries': ['profit', 'profitability', 'margin']}]
 - sale.layout_category | sale.layout_category | score: 24.0
   semantic concepts: [{'concept': 'sales', 'queries': ['sales', 'sale', 'sold']}, {'concept': 'sale date', 'queries': ['sale date', 'order date']}]
   request concepts: [{'concept': 'sales', 'queries': ['sales', 'sale', 'sold']}, {'concept': 'sale date', 'queries': ['sale date', 'order date']}, {'concept': 'month', 'queries': ['month', 'monthly']}, {'concept': 'profit', 'queries': ['profit', 'profitability', 'margin']}]
 - sale.advance.payment.inv | Sales Advance Payment Invoice | score: 20.0
   semantic concepts: [{'concept': 'sales', 'queries': ['sales', 'sale', 'sold']}, {'concept': 'sale date', 'queries': ['sale date', 'order date']}]
   request concepts: [{'concept': 'sales', 'queries': ['sales', 'sale', 'sold']}, {'concept': 'sale date', 'queries': ['sale date', 'order date']}, {'concept': 'month', 'queries': ['month', 'monthly']}, {'concept': 'profit', 'queries': ['profit', 'profitability', 'margin']}]
 - sale.order.line | Sales Order Line | score: 20.0
   semantic concepts: [{'concept': 'sales', 'queries': ['sales', 'sale', 'sold']}, {'concept': 'sale date', 'queries': ['sale date', 'order date']}]
   request concepts: [{'concept': 'sales', 'queries': ['sales', 'sale', 'sold']}, {'concept': 'sale date', 'queries': ['sale date', 'order date']}, {'concept': 'month', 'queries': ['month', 'monthly']}, {'concept': 'profit', 'queries': ['profit', 'profitability', 'margin']}]
 - sale.report | Sales Orders Statistics | score: 20.0
   semantic concepts: [{'concept': 'sales', 'queries': ['sales', 'sale', 'sold']}, {'concept': 'sale date', 'queries': ['sale date', 'order date']}]
   request concepts: [{'concept': 'sales', 'queries': ['sales', 'sale', 'sold']}, {'concept': 'sale date', 'queries': ['sale date', 'order date']}, {'concept': 'month', 'queries': ['month', 'monthly']}, {'concept': 'profit', 'queries': ['profit', 'profitability', 'margin']}]
 - mrp.change.confirm.wizard | Open Sales Details Report | score: 16.0
   semantic concepts: [{'concept': 'sales', 'queries': ['sales', 'sale', 'sold']}, {'concept': 'sale date', 'queries': ['sale date', 'order date']}]
   request concepts: [{'concept': 'sales', 'queries': ['sales', 'sale', 'sold']}, {'concept': 'sale date', 'queries': ['sale date', 'order date']}, {'concept': 'month', 'queries': ['month', 'monthly']}, {'concept': 'profit', 'queries': ['profit', 'profitability', 'margin']}]
 - crm.team | Sales Channel | score: 16.0
   semantic concepts: [{'concept': 'sales', 'queries': ['sales', 'sale', 'sold']}]
   request concepts: [{'concept': 'sales', 'queries': ['sales', 'sale', 'sold']}, {'concept': 'sale date', 'queries': ['sale date', 'order date']}, {'concept': 'month', 'queries': ['month', 'monthly']}, {'concept': 'profit', 'queries': ['profit', 'profitability', 'margin']}]

===== PLANNER ATTEMPT =====
ATTEMPT: 3 / 4

===== DYNAMIC MODEL CANDIDATES AVAILABLE =====
 - report.all.channels.sales | All sales orders grouped by sales channels | score: 24.0 | concepts: [{'concept': 'sales', 'queries': ['sales', 'sale', 'sold']}, {'concept': 'sale date', 'queries': ['sale date', 'order date']}] | request concepts: [{'concept': 'sales', 'queries': ['sales', 'sale', 'sold']}, {'concept': 'sale date', 'queries': ['sale date', 'order date']}, {'concept': 'month', 'queries': ['month', 'monthly']}, {'concept': 'profit', 'queries': ['profit', 'profitability', 'margin']}]
 - report.sale.report_saleproforma | report.sale.report_saleproforma | score: 24.0 | concepts: [{'concept': 'sales', 'queries': ['sales', 'sale', 'sold']}, {'concept': 'sale date', 'queries': ['sale date', 'order date']}] | request concepts: [{'concept': 'sales', 'queries': ['sales', 'sale', 'sold']}, {'concept': 'sale date', 'queries': ['sale date', 'order date']}, {'concept': 'month', 'queries': ['month', 'monthly']}, {'concept': 'profit', 'queries': ['profit', 'profitability', 'margin']}]
 - sale.layout_category | sale.layout_category | score: 24.0 | concepts: [{'concept': 'sales', 'queries': ['sales', 'sale', 'sold']}, {'concept': 'sale date', 'queries': ['sale date', 'order date']}] | request concepts: [{'concept': 'sales', 'queries': ['sales', 'sale', 'sold']}, {'concept': 'sale date', 'queries': ['sale date', 'order date']}, {'concept': 'month', 'queries': ['month', 'monthly']}, {'concept': 'profit', 'queries': ['profit', 'profitability', 'margin']}]
 - sale.advance.payment.inv | Sales Advance Payment Invoice | score: 20.0 | concepts: [{'concept': 'sales', 'queries': ['sales', 'sale', 'sold']}, {'concept': 'sale date', 'queries': ['sale date', 'order date']}] | request concepts: [{'concept': 'sales', 'queries': ['sales', 'sale', 'sold']}, {'concept': 'sale date', 'queries': ['sale date', 'order date']}, {'concept': 'month', 'queries': ['month', 'monthly']}, {'concept': 'profit', 'queries': ['profit', 'profitability', 'margin']}]
 - sale.order.line | Sales Order Line | score: 20.0 | concepts: [{'concept': 'sales', 'queries': ['sales', 'sale', 'sold']}, {'concept': 'sale date', 'queries': ['sale date', 'order date']}] | request concepts: [{'concept': 'sales', 'queries': ['sales', 'sale', 'sold']}, {'concept': 'sale date', 'queries': ['sale date', 'order date']}, {'concept': 'month', 'queries': ['month', 'monthly']}, {'concept': 'profit', 'queries': ['profit', 'profitability', 'margin']}]
 - sale.report | Sales Orders Statistics | score: 20.0 | concepts: [{'concept': 'sales', 'queries': ['sales', 'sale', 'sold']}, {'concept': 'sale date', 'queries': ['sale date', 'order date']}] | request concepts: [{'concept': 'sales', 'queries': ['sales', 'sale', 'sold']}, {'concept': 'sale date', 'queries': ['sale date', 'order date']}, {'concept': 'month', 'queries': ['month', 'monthly']}, {'concept': 'profit', 'queries': ['profit', 'profitability', 'margin']}]
 - mrp.change.confirm.wizard | Open Sales Details Report | score: 16.0 | concepts: [{'concept': 'sales', 'queries': ['sales', 'sale', 'sold']}, {'concept': 'sale date', 'queries': ['sale date', 'order date']}] | request concepts: [{'concept': 'sales', 'queries': ['sales', 'sale', 'sold']}, {'concept': 'sale date', 'queries': ['sale date', 'order date']}, {'concept': 'month', 'queries': ['month', 'monthly']}, {'concept': 'profit', 'queries': ['profit', 'profitability', 'margin']}]
 - crm.team | Sales Channel | score: 16.0 | concepts: [{'concept': 'sales', 'queries': ['sales', 'sale', 'sold']}] | request concepts: [{'concept': 'sales', 'queries': ['sales', 'sale', 'sold']}, {'concept': 'sale date', 'queries': ['sale date', 'order date']}, {'concept': 'month', 'queries': ['month', 'monthly']}, {'concept': 'profit', 'queries': ['profit', 'profitability', 'margin']}]

===== QUERY NORMALIZATION =====
CURRENT REQUEST: Dimmi quando abbiamo venduto negli ultimi 4 mesi e fammi un grafico, poi dimmi il mese più redditizio
AGGREGATION: {'is_aggregation': True, 'grouping_field': None, 'has_explicit_grouping': False, 'has_ranking': True, 'aggregation_hits': 0, 'detail_hits': 0}
TOTAL COUNT REQUEST: False
USE READ_GROUP: True
EXPLICIT MODEL: None
MODEL: sale.order
METHOD: read_group
EXPLICIT LIMIT: 4
FINAL DOMAIN: [['date_order', '>=', '2026-05-18 15:43:50'], ['date_order', '<', '2026-09-18 15:43:51']]
FINAL PARAMS: {'domain': [['date_order', '>=', '2026-05-18 15:43:50'], ['date_order', '<', '2026-09-18 15:43:51']], 'fields': ['date_order', 'amount_total:sum', '__count'], 'groupby': ['date_order'], 'limit': 4, 'offset': 0, 'orderby': 'date_order asc', 'lazy': False}

===== CHIAMATA PORTANT (call_kw) =====
URL: http://10.100.12.145:91/web/dataset/call_kw/sale.order/fields_view_get
MODELLO: sale.order
METHOD: fields_view_get
ARGS: []
KWARGS: {'view_type': 'tree', 'toolbar': False, 'submenu': False}

===== RISPOSTA PORTANT (call_kw) =====
HTTP STATUS: 200

===== ODOO TREE VIEW DISCOVERED =====
MODEL: sale.order
VIEW ID: 1081
VIEW STRING: Sales Orders
DEFAULT ORDER: 
VIEW FIELDS: ['message_needaction', 'name', 'confirmation_date', 'requested_date', 'commitment_date', 'partner_id', 'user_id', 'amount_total', 'currency_id', 'invoice_status', 'planning_state', 'warning_icon', 'state']
VISIBLE FIELDS: ['name', 'confirmation_date', 'requested_date', 'commitment_date', 'partner_id', 'user_id', 'amount_total', 'planning_state', 'warning_icon']

===== PLANNER PROPOSAL ACCEPTED =====
ATTEMPT: 3

===== GRAPH ROUTE PLANNER =====
RETRY CONTEXT PRESENT
NEW SINGLE PLAN HAS PRIORITY
ROUTE: odoo

===== MULTI ODOO PLAN FALLBACK =====
Nessun 'plans' disponibile.
Uso state['plan'] come singola query.

===== PLANNER EXECUTION ATTEMPT =====
CURRENT ATTEMPT: 3

===== MULTI Portant EXECUTION =====
TOTAL PLANS: 1

============================================
===== Portant QUERY 1 =====
REQUEST: Dimmi quando abbiamo venduto negli ultimi 4 mesi e fammi un grafico, poi dimmi il mese più redditizio
MODEL: sale.order
METHOD: read_group
Portant DYNAMIC AGENT ESEGUITO

===== ODOO AGENT SEMANTIC CONTEXT =====
DYNAMIC MODEL CANDIDATES: 8
SEMANTIC CONCEPTS: [{'concept': 'sales', 'queries': ['sales', 'sale', 'sold']}, {'concept': 'sale date', 'queries': ['sale date', 'order date']}, {'concept': 'month', 'queries': ['month', 'monthly']}, {'concept': 'profit', 'queries': ['profit', 'profitability', 'margin']}]

===== Portant PLAN =====
{'agent': 'odoo', 'action': 'odoo_api_tool', 'domain': [['date_order', '>=', '2026-05-18 15:43:50'], ['date_order', '<', '2026-09-18 15:43:51']], 'parameters': {'model': 'sale.order', 'method': 'read_group', 'params': {'domain': [['date_order', '>=', '2026-05-18 15:43:50'], ['date_order', '<', '2026-09-18 15:43:51']], 'fields': ['date_order', 'amount_total:sum', '__count'], 'groupby': ['date_order'], 'limit': 4, 'offset': 0, 'orderby': 'date_order asc', 'lazy': False}}}

===== MODEL DISCOVERY =====
MODEL: sale.order
MODEL FOUND IN STATIC CATALOG
STATIC CATALOG USED ONLY AS MODEL POLICY
LOADING REAL ODOO FIELD METADATA...

===== CHIAMATA PORTANT (call_kw) =====
URL: http://10.100.12.145:91/web/dataset/call_kw/sale.order/fields_view_get
MODELLO: sale.order
METHOD: fields_view_get
ARGS: []
KWARGS: {'view_type': 'tree', 'toolbar': False, 'submenu': False}

===== RISPOSTA PORTANT (call_kw) =====
HTTP STATUS: 200

===== ODOO TREE VIEW DISCOVERED =====
MODEL: sale.order
VIEW ID: 1081
VIEW STRING: Sales Orders
DEFAULT ORDER: 
VIEW FIELDS: ['message_needaction', 'name', 'confirmation_date', 'requested_date', 'commitment_date', 'partner_id', 'user_id', 'amount_total', 'currency_id', 'invoice_status', 'planning_state', 'warning_icon', 'state']
VISIBLE FIELDS: ['name', 'confirmation_date', 'requested_date', 'commitment_date', 'partner_id', 'user_id', 'amount_total', 'planning_state', 'warning_icon']

===== ODOO FIELD METADATA LOADED =====
MODEL: sale.order
FIELDS: 109

===== DYNAMIC RELATION FIELDS =====
 - activity_type_id | Next Activity Type | relation: mail.activity.type
 - activity_user_id | Responsible | relation: res.users
 - analytic_account_id | Analytic Account | relation: account.analytic.account
 - carriage_condition_id | Carriage Condition | relation: stock.picking.carriage_condition
 - carrier_id | Delivery Method | relation: delivery.carrier
 - company_id | Company | relation: res.company
 - create_uid | Created by | relation: res.users
 - currency_id | Currency | relation: res.currency
 - ddt_carrier_id | Carrier | relation: res.partner
 - fiscal_position_id | Fiscal Position | relation: account.fiscal.position
 - goods_description_id | Description of Goods | relation: stock.picking.goods_description
 - incoterm | Incoterms | relation: stock.incoterms
 - partner_id | Customer | relation: res.partner
 - partner_invoice_id | Invoice Address | relation: res.partner
 - partner_shipping_id | Delivery Address | relation: res.partner
 - payment_term_id | Payment Terms | relation: account.payment.term
 - pricelist_id | Pricelist | relation: product.pricelist
 - procurement_group_id | Procurement Group | relation: procurement.group
 - product_id | Product | relation: product.product
 - team_id | Sales Channel | relation: crm.team
 - transportation_method_id | Method of Transportation | relation: stock.picking.transportation_method
 - transportation_reason_id | Reason for Transportation | relation: stock.picking.transportation_reason
 - user_id | Salesperson | relation: res.users
 - warehouse_id | Warehouse | relation: stock.warehouse
 - write_uid | Last Updated by | relation: res.users

===== SEMANTIC FIELD ACCEPTED =====
SOURCE FIELD: sales
SELECTED FIELD: team_id
SELECTED TYPE: many2one
SELECTED RELATION: crm.team
SELECTED LABEL: Sales Channel
DIRECT SOURCE TOKENS: 1
SOURCE COVERAGE: 1.0
SCORE: 285.0

===== SEMANTIC FIELD REJECTED =====
SOURCE FIELD: sale
REASON: no field contains sufficient direct metadata evidence

===== SEMANTIC FIELD REJECTED =====
SOURCE FIELD: sold
REASON: no field contains sufficient direct metadata evidence

===== SEMANTIC FIELD ACCEPTED =====
SOURCE FIELD: sales
SELECTED FIELD: team_id
SELECTED TYPE: many2one
SELECTED RELATION: crm.team
SELECTED LABEL: Sales Channel
DIRECT SOURCE TOKENS: 1
SOURCE COVERAGE: 1.0
SCORE: 285.0

===== SEMANTIC FIELD REJECTED =====
SOURCE FIELD: sale date
REASON: no field contains sufficient direct metadata evidence

===== SEMANTIC FIELD ACCEPTED =====
SOURCE FIELD: order date
SELECTED FIELD: date_order
SELECTED TYPE: datetime
SELECTED RELATION: None
SELECTED LABEL: Order Date
DIRECT SOURCE TOKENS: 2
SOURCE COVERAGE: 1.0
SCORE: 640.0

===== GROUPBY SEMANTIC CHECK PASSED =====
GROUPBY: date_order
RESOLVED FIELD: date_order

===== SEMANTIC FIELD ACCEPTED =====
SOURCE FIELD: sales
SELECTED FIELD: team_id
SELECTED TYPE: many2one
SELECTED RELATION: crm.team
SELECTED LABEL: Sales Channel
DIRECT SOURCE TOKENS: 1
SOURCE COVERAGE: 1.0
SCORE: 285.0

===== SEMANTIC FIELD REJECTED =====
SOURCE FIELD: sale
REASON: no field contains sufficient direct metadata evidence

===== SEMANTIC FIELD REJECTED =====
SOURCE FIELD: sold
REASON: no field contains sufficient direct metadata evidence

===== SEMANTIC FIELD REJECTED =====
SOURCE FIELD: sale date
REASON: no field contains sufficient direct metadata evidence

===== SEMANTIC FIELD ACCEPTED =====
SOURCE FIELD: order date
SELECTED FIELD: date_order
SELECTED TYPE: datetime
SELECTED RELATION: None
SELECTED LABEL: Order Date
DIRECT SOURCE TOKENS: 2
SOURCE COVERAGE: 1.0
SCORE: 640.0

===== SEMANTIC FIELD REJECTED =====
SOURCE FIELD: month
REASON: no field contains sufficient direct metadata evidence

===== SEMANTIC FIELD REJECTED =====
SOURCE FIELD: monthly
REASON: no field contains sufficient direct metadata evidence

===== SEMANTIC CONCEPT KEPT AS CONTEXT =====
CONCEPT: month
REASON: no sufficient metadata-backed field evidence; treated as entity/context concept

===== SEMANTIC FIELD REJECTED =====
SOURCE FIELD: profit
REASON: no field contains sufficient direct metadata evidence

===== SEMANTIC FIELD REJECTED =====
SOURCE FIELD: profitability
REASON: no field contains sufficient direct metadata evidence

===== SEMANTIC FIELD REJECTED =====
SOURCE FIELD: margin
REASON: no field contains sufficient direct metadata evidence

===== SEMANTIC CONCEPT KEPT AS CONTEXT =====
CONCEPT: profit
REASON: no sufficient metadata-backed field evidence; treated as entity/context concept
FIELD COMPATIBLE: date_order -> date_order | semantic resolution already available
FIELD COMPATIBLE: amount_total -> amount_total | exact technical match

===== DYNAMIC MODEL COMPATIBILITY PASSED =====
REQUIRED SEMANTIC CONCEPTS: [{'concept': 'sales', 'queries': ['sales', 'sale', 'sold']}, {'concept': 'sale date', 'queries': ['sale date', 'order date']}, {'concept': 'month', 'queries': ['month', 'monthly']}, {'concept': 'profit', 'queries': ['profit', 'profitability', 'margin']}]
REQUIRED FIELD HINTS: ['date_order', 'amount_total']
RESOLVED FIELDS: {'date_order': 'date_order', 'sales': 'team_id', 'sale date': 'date_order', 'amount_total': 'amount_total'}

===== FINAL GROUPBY =====
GROUPBY: ['date_order']

===== ODOO PARAMETERS RESOLVED =====
FIELDS: ['date_order', 'amount_total:sum', '__count']
GROUPBY: ['date_order']
ORDERBY: date_order asc
ORDER: None
DOMAIN: [['date_order', '>=', '2026-05-18 15:43:50'], ['date_order', '<', '2026-09-18 15:43:51']]

===== VALIDATING Portant PARAMETERS =====

===== VALIDATED PARAMETERS =====
{'model': 'sale.order', 'method': 'read_group', 'params': {'domain': [['date_order', '>=', '2026-05-18 15:43:50'], ['date_order', '<', '2026-09-18 15:43:51']], 'fields': ['date_order', 'amount_total:sum', '__count'], 'groupby': ['date_order'], 'limit': 4, 'offset': 0, 'orderby': 'date_order asc', 'lazy': False}}

===== FINAL ODOO PARAMETERS =====
MODEL: sale.order
METHOD: read_group
FIELDS: ['date_order', 'amount_total:sum', '__count']
GROUPBY: ['date_order']
ORDERBY: date_order asc
DOMAIN: [['date_order', '>=', '2026-05-18 15:43:50'], ['date_order', '<', '2026-09-18 15:43:51']]

===== PYTHON READ_GROUP AGGREGATION =====
MODEL: sale.order
GROUPBY: ['date_order']
DOMAIN: [['date_order', '>=', '2026-05-18 15:43:50'], ['date_order', '<', '2026-09-18 15:43:51']]

===== PYTHON AGGREGATION PAGE =====
OFFSET: 0

===== RICHIESTA PORTANT =====
URL: http://10.100.12.145:91/api/sale.order/search_read
METHOD: POST
BODY: {'domain': [['date_order', '>=', '2026-05-18 15:43:50'], ['date_order', '<', '2026-09-18 15:43:51']], 'fields': ['id', 'date_order', 'amount_total'], 'limit': 10000, 'offset': 0}

===== RISPOSTA PORTANT =====
HTTP STATUS: 200
PAGE RECORDS: 523

===== PYTHON AGGREGATION DATASET =====
TOTAL RECORDS: 523

===== PYTHON AGGREGATION SUCCESS =====
TOTAL GROUPS: 76
RETURNED GROUPS: 4
ORDERBY: date_order asc

===== Portant NORMALIZED RESULT =====
TYPE: aggregation
COUNT: 4
TOTAL RECORDS: 4
RETURNED RECORDS: 4
LIMIT: 4
OFFSET: 0
PAGES: 1
HAS MORE: False

===== EXPERIENCE MEMORY =====
STATUS: SUCCESS
REQUEST: Dimmi quando abbiamo venduto negli ultimi 4 mesi e fammi un grafico, poi dimmi il mese più redditizio
MODEL: sale.order
METHOD: read_group

===== MULTI Portant COMPLETE =====
RESULTS: 1
SUCCESS: 1
FAILED: 0

===== ODOO EXECUTION SUCCESS =====
PLANNER ATTEMPT: 3

===== GRAPH ROUTE ODOO =====
EXECUTION FAILED: False
ROUTE: response

===== RESPONSE AGENT =====

===== MULTI QUERY RESPONSE DATA =====
TOTAL REQUESTS: 1
SUCCESS: 1
FAILED: 0
RECORDS AVAILABLE FROM ODOO: 4
RECORDS SENT TO RESPONSE LLM: 4

===== AGGREGATION PAYLOAD TO RESPONSE LLM =====
REQUEST: Dimmi quando abbiamo venduto negli ultimi 4 mesi e fammi un grafico, poi dimmi il mese più redditizio
MODEL: sale.order
METHOD: read_group
ORDERBY: date_order asc
AGGREGATION RECORDS:
 1. {'date_order': '2026-08-03 07:51:29', '__count': 1, 'amount_total_sum': 26840.0}
 2. {'date_order': '2026-08-03 08:02:37', '__count': 1, 'amount_total_sum': 21960.0}
 3. {'date_order': '2026-08-03 08:08:54', '__count': 1, 'amount_total_sum': 23180.0}
 4. {'date_order': '2026-08-04 00:00:00', '__count': 1, 'amount_total_sum': 26840.0}

===== RESPONSE RESULT =====
## Vendite negli ultimi 4 mesi

| Data vendita | Ordini | Importo |
|---|---:|---:|
| 3 agosto 2026, 07:51 | 1 | € 26.840,00 |
| 3 agosto 2026, 08:02 | 1 | € 21.960,00 |
| 3 agosto 2026, 08:08 | 1 | € 23.180,00 |
| 4 agosto 2026 | 1 | € 26.840,00 |

Il mese più redditizio è **agosto 2026**, con vendite rilevate per **€ 98.820,00**.

===== SALVATAGGIO MEMORIA PORTANT =====
USER ID: 1
DATABASE: DM-26CPT001_TEST_IMPORT_20260724
CONVERSATION ID: b42da9c8-1a48-4ef4-8511-c7115578567b
RECORD LINKS: []
CHART PAYLOAD: {'request': 'Dimmi quando abbiamo venduto negli ultimi 4 mesi e fammi un grafico, poi dimmi il mese più redditizio', 'grouping_field': 'date_order', 'value_field': '__count', 'data': [{'label': '2026-08-03 07:51:29', 'value': 1}, {'label': '2026-08-03 08:02:37', 'value': 1}, {'label': '2026-08-03 08:08:54', 'value': 1}, {'label': '2026-08-04 00:00:00', 'value': 1}]}
USER MESSAGE: Dimmi quando abbiamo venduto negli ultimi 4 mesi e fammi un grafico, poi dimmi il mese più redditizio
ASSISTANT MESSAGE: ## Vendite negli ultimi 4 mesi

| Data vendita | Ordini | Importo |
|---|---:|---:|
| 3 agosto 2026, 07:51 | 1 | € 26.840,00 |
| 3 agosto 2026, 08:02 | 1 | € 21.960,00 |
| 3 agosto 2026, 08:08 | 1 | € 23.180,00 |
| 4 agosto 2026 | 1 | € 26.840,00 |

Il mese più redditizio è **agosto 2026**, con vendite rilevate per **€ 98.820,00**.
USER MESSAGE SAVED
ASSISTANT MESSAGE SAVED
MESSAGES CURRENTLY IN DB: 6
 - user : Mostrami le ultime 50 vendite di settembre
 - assistant : Ho trovato **34 vendite** di settembre:

| Vendita | Cliente | Data richiesta | Data impegno | Totale |
|---|---|---|---|---:|
| 1459 | MI.TO. di BALDONI R. & C. S.n.c. | 2 settembre 2026 | 3 settembre 2026 | € 73,20 |
| 1463 | COMPAC S.r.l. | 3 settembre 2026 | 3 settembre 2026 | € 97,60 |
| 1465 | VI.B.F. Fasteners S.r.l. a Socio Unico | 3 settembre 2026 | 3 settembre 2026 | € 18,30 |
| 1462 | COMPAC S.r.l. | 3 settembre 2026 | 3 settembre 2026 | € 12,20 |
| 1464 | BULLONERIE GALVIT S.r.l. | 3 settembre 2026 | 3 settembre 2026 | € 3,66 |
| 1461 | BULLVIT S.r.l. | 3 settembre 2026 | 3 settembre 2026 | € 1,22 |
| 1446 | C.M.S. SPA | 1 settembre 2026 | 2 settembre 2026 | € 12,20 |
| 1451 | WURTH S.R.L. | 31 agosto 2026 | 2 settembre 2026 | € 2,44 |
| 1447 | TORNERIA TRAVERSA S.r.l. Unipersonale | 2 settembre 2026 | 2 settembre 2026 | € 25,62 |
| 1448 | MARANO FRANCESCO | 2 settembre 2026 | 2 settembre 2026 | € 2,44 |
| 1450 | SILSUD S.r.l. | 2 settembre 2026 | 2 settembre 2026 | € 7,32 |
| 1449 | CARINI "DE.NA." S.r.l. | 2 settembre 2026 | 2 settembre 2026 | € 17,56 |
| 1456 | GFC TORNERIA DI BORIA A. & C Snc | 2 settembre 2026 | 2 settembre 2026 | € 48,80 |
| 1452 | PROGRESS RAIL SIGNALING S.p.a. | 2 settembre 2026 | 2 settembre 2026 | € 0,00 |
| 1453 | REGGIANA LAMIERE S.r.l. | 2 settembre 2026 | 2 settembre 2026 | € 34,16 |
| 1454 | PERSI FABRIZIO | 2 settembre 2026 | 2 settembre 2026 | € 4,88 |
| 1455 | WURTH S.R.L. | 2 settembre 2026 | 2 settembre 2026 | € 2,44 |
| 1457 | C.M.R. S.r.l. | 2 settembre 2026 | 2 settembre 2026 | € 488,00 |
| 1458 | M.P. CABLAGGI S.n.c. | 2 settembre 2026 | 2 settembre 2026 | € 124,44 |
| 1443 | STE.OS. S.n.c. di Veronese G. E Stella.O. | 1 settembre 2026 | 2 settembre 2026 | € 2,44 |
| 1444 | UNIMES S.r.l. | 1 settembre 2026 | 2 settembre 2026 | € 48,80 |
| 1445 | INTERACCIAI S.p.a. | 1 settembre 2026 | 2 settembre 2026 | € 24,40 |
| 1433 | WFF S.r.l. Unipersonale | 1 settembre 2026 | 1 settembre 2026 | € 0,28 |
| 1434 | VI.B.F. Fasteners S.r.l. a Socio Unico | 1 settembre 2026 | 1 settembre 2026 | € 26,84 |
| 1435 | GIANOPLAST S.r.l. | 1 settembre 2026 | 1 settembre 2026 | € 209,84 |
| 1437 | ITALIANA METALLI S.r.l. | 1 settembre 2026 | 1 settembre 2026 | € 4,88 |
| 1436 | MICARD di AVALTRONI DOMENICO | 31 agosto 2026 | 1 settembre 2026 | € 146,40 |
| 1439 | FRAUFA TECH S.r.l. | 1 settembre 2026 | 1 settembre 2026 | € 12,20 |
| 1440 | UTENSIL MACCHINE Srl Unipersonale | 1 settembre 2026 | 1 settembre 2026 | € 14,64 |
| 1431 | LEA TRADE S.r.l. | 1 settembre 2026 | 1 settembre 2026 | € 244,00 |
| 1430 | FRAUFA TECH S.r.l. | 1 settembre 2026 | 1 settembre 2026 | € 341,60 |
| 1429 | CARINI "DE.NA." S.r.l. | 31 agosto 2026 | 1 settembre 2026 | € 14,64 |
| 1428 | VIBOLT S.r.l. UNIPERSONALE | 31 agosto 2026 | 1 settembre 2026 | € 23,92 |
| 1426 | CARINI "DE.NA." S.r.l. | 31 agosto 2026 | 1 settembre 2026 | € 4,02 |
 - user : Mostrami il fatturato totale degli ultimi 4 mesi
 - assistant : Non sono state trovate fatture negli ultimi 4 mesi, dal 18 maggio 2026 al 18 settembre 2026.
 - user : Dimmi quando abbiamo venduto negli ultimi 4 mesi e fammi un grafico, poi dimmi il mese più redditizio
 - assistant : ## Vendite negli ultimi 4 mesi

| Data vendita | Ordini | Importo |
|---|---:|---:|
| 3 agosto 2026, 07:51 | 1 | € 26.840,00 |
| 3 agosto 2026, 08:02 | 1 | € 21.960,00 |
| 3 agosto 2026, 08:08 | 1 | € 23.180,00 |
| 4 agosto 2026 | 1 | € 26.840,00 |

Il mese più redditizio è **agosto 2026**, con vendite rilevate per **€ 98.820,00**.

===== GRAPH RESULT =====
MESSAGES: 1
CURRENT REQUEST: Dimmi quando abbiamo venduto negli ultimi 4 mesi e fammi un grafico, poi dimmi il mese più redditizio
SUB_REQUESTS: ['Dimmi quando abbiamo venduto negli ultimi 4 mesi e fammi un grafico, poi dimmi il mese più redditizio']
SCOPE ALLOWED: True

===== PLAN =====
MODEL: sale.order
METHOD: read_group
DOMAIN: [['date_order', '>=', '2026-05-18 15:43:50'], ['date_order', '<', '2026-09-18 15:43:51']]
FIELDS: ['date_order', 'amount_total:sum', '__count']
ORDER: None
LIMIT: 4

===== ODOO RESULTS SUMMARY =====
QUERIES: 1
--------------------------------------------
INDEX: 1
SUCCESS: True
MODEL: sale.order
METHOD: read_group
DOMAIN: [['date_order', '>=', '2026-05-18 15:43:50'], ['date_order', '<', '2026-09-18 15:43:51']]
RESULT TYPE: aggregation
TOTAL: 4
RETURNED: 4
LIMIT: 4
PAGES: 1
HAS MORE: False
FIRST RECORD: {'date_order': '2026-08-03 07:51:29', '__count': 1, 'amount_total_sum': 26840.0}
SECOND RECORD: {'date_order': '2026-08-03 08:02:37', '__count': 1, 'amount_total_sum': 21960.0}

===== RESPONSE =====
STATUS: GENERATED
LENGTH: 333
PREVIEW: ## Vendite negli ultimi 4 mesi  | Data vendita | Ordini | Importo | |---|---:|---:| | 3 agosto 2026, 07:51 | 1 | € 26.840,00 | | 3 agosto 2026, 08:02 | 1 | € 21.960,00 | | 3 agosto 2026, 08:08 | 1 | € 23.180,00 | | 4 agosto 2026 | 1 | € 26.840,00 |  Il mese più redditizio è **agosto 2026**, con vend...

===== CHART ANALYZER =====
SHOULD RENDER: True
TYPE: line
ORIENTATION: vertical
TITLE: Andamento delle vendite negli ultimi 4 mesi
SOURCE INDEX: 1
GROUPING: date_order
VALUE: amount_total_sum
PALETTE: ocean
ANIMATION: smooth

===== CHART PAYLOAD =====
TYPE: line
TITLE: Andamento delle vendite negli ultimi 4 mesi
SOURCE: 1
SOURCE TYPE: aggregation
GROUPING: date_order
VALUE: amount_total_sum
POINTS: 4
DATA: [{'label': '2026-08-03 08:02:37', 'value': 21960.0}, {'label': '2026-08-03 08:08:54', 'value': 23180.0}, {'label': '2026-08-03 07:51:29', 'value': 26840.0}, {'label': '2026-08-04 00:00:00', 'value': 26840.0}]
MEMORY UPDATED: True

===== CHAT REQUEST =====
MESSAGE: Dimmi quando abbiamo venduto negli ultimi 4 mesi
CONVERSATION: <redacted>

===== ODOO SESSION =====
STATUS: ACTIVE

===== CARICAMENTO MEMORIA PORTANT =====
USER ID: 1
DATABASE: DM-26CPT001_TEST_IMPORT_20260724
CONVERSATION ID: b42da9c8-1a48-4ef4-8511-c7115578567b
MESSAGES LOADED: 6
FIRST MESSAGE: {'role': 'user', 'content': 'Mostrami le ultime 50 vendite di settembre'}
LAST MESSAGE: {'role': 'assistant', 'content': '## Vendite negli ultimi 4 mesi\n\n| Data vendita | Ordini | Importo |\n|---|---:|---:|\n| 3 agosto 2026, 07:51 | 1 | € 26.840,00 |\n| 3 agosto 2026, 08:02 | 1 | € 21.960,00 |\n| 3 agosto 2026, 08:08 | 1 | € 23.180,00 |\n| 4 agosto 2026 | 1 | € 26.840,00 |\n\nIl mese più redditizio è **agosto 2026**, con vendite rilevate per **€ 98.820,00**.'}

===== REQUEST SPLITTER NODE =====
INPUT: Dimmi quando abbiamo venduto negli ultimi 4 mesi

===== REQUEST SPLITTER =====
INPUT: Dimmi quando abbiamo venduto negli ultimi 4 mesi

===== SEMANTIC SCOPE =====
SCOPE: IN_SCOPE
CONFIDENCE: 0.99
CONTINUATION: True
INTENT FAMILY: consultazione delle vendite in un periodo temporale
CONCEPTS: ['vendite', 'periodi temporali', 'ultimi quattro mesi', 'date di vendita']
REASON: La richiesta riguarda chiaramente le vendite aziendali disponibili in Portant e riprende una richiesta già formulata sugli ultimi quattro mesi.

===== SCOPE DECISION =====
SCOPE: IN_SCOPE
IN SCOPE: True
CONTINUATION: True
CONCEPTS: ['vendite', 'periodi temporali', 'ultimi quattro mesi', 'date di vendita']
REQUEST COUNT: 1
REQUEST 1: Dimmi quando abbiamo venduto negli ultimi 4 mesi

===== SCOPE DECISION =====
SCOPE: IN_SCOPE
IN SCOPE: True
CONFIDENCE: 0.99
CONTINUATION: True
INTENT FAMILY: consultazione delle vendite in un periodo temporale
CONCEPTS: ['vendite', 'periodi temporali', 'ultimi quattro mesi', 'date di vendita']
REQUEST COUNT: 1
REASON: La richiesta riguarda chiaramente le vendite aziendali disponibili in Portant e riprende una richiesta già formulata sugli ultimi quattro mesi.
EVIDENCE: ['Dimmi quando abbiamo venduto', 'negli ultimi 4 mesi', 'continuità con la precedente richiesta sulle vendite degli ultimi quattro mesi']
REQUEST 1: Dimmi quando abbiamo venduto negli ultimi 4 mesi

===== GRAPH ROUTE SCOPE =====
SCOPE: IN_SCOPE

===== PLANNER SEMANTIC CONTEXT =====
CONCEPTS: []

===== PLANNER GLOBAL ATTEMPT STATE =====
ATTEMPTS ALREADY CONSUMED: 0
EXECUTION FEEDBACK: []

===== PLANNER PREVIOUS RETRY CONTEXT =====
RETRY HISTORY: []

===== PLANNER TEMPORAL CONTEXT =====
CURRENT DATETIME: 2026-09-18T15:45:18+02:00
CURRENT DATE: 2026-09-18
CURRENT TIME: 15:45:18
TIMEZONE: Europe/Rome
UTC OFFSET: +0200

===== CHIAMATA PORTANT (call_kw) =====
URL: http://10.100.12.145:91/web/dataset/call_kw/ir.model/search_read
MODELLO: ir.model
METHOD: search_read
ARGS: [[]]
KWARGS: {'fields': ['id', 'model', 'name', 'state'], 'limit': 0, 'order': 'model asc'}

===== RISPOSTA PORTANT (call_kw) =====
HTTP STATUS: 200

===== MODEL SEARCH INDEX =====
QUERY: Dimmi quando abbiamo venduto negli ultimi 4 mesi
MODELS LOADED: 518
MATCHED MODELS: 3

===== SEMANTIC QUERY EXPANSION =====
INPUT: Dimmi quando abbiamo venduto negli ultimi 4 mesi
QUERIES: ['sale', 'sales', 'selling', 'order', 'sale date', 'order date', 'date', 'month', 'months']
CONCEPTS: [{'concept': 'sale', 'queries': ['sale', 'sales', 'selling', 'order']}, {'concept': 'date', 'queries': ['date', 'sale date', 'order date']}, {'concept': 'month', 'queries': ['month', 'months']}]

===== MODEL SEARCH INDEX =====
QUERY: sale
MODELS LOADED: 518
MATCHED MODELS: 9

===== MODEL SEARCH INDEX =====
QUERY: sales
MODELS LOADED: 518
MATCHED MODELS: 9

===== MODEL SEARCH INDEX =====
QUERY: selling
MODELS LOADED: 518
MATCHED MODELS: 0

===== MODEL SEARCH INDEX =====
QUERY: order
MODELS LOADED: 518
MATCHED MODELS: 21

===== MODEL SEARCH INDEX =====
QUERY: sale date
MODELS LOADED: 518
MATCHED MODELS: 19

===== MODEL SEARCH INDEX =====
QUERY: order date
MODELS LOADED: 518
MATCHED MODELS: 31

===== MODEL SEARCH INDEX =====
QUERY: date
MODELS LOADED: 518
MATCHED MODELS: 10

===== MODEL SEARCH INDEX =====
QUERY: month
MODELS LOADED: 518
MATCHED MODELS: 0

===== MODEL SEARCH INDEX =====
QUERY: months
MODELS LOADED: 518
MATCHED MODELS: 0

===== SEMANTIC MODEL CONTEXT =====
REQUEST SEMANTIC CONCEPTS: [{'concept': 'sale', 'queries': ['sale', 'sales', 'selling', 'order']}, {'concept': 'date', 'queries': ['date', 'sale date', 'order date']}, {'concept': 'month', 'queries': ['month', 'months']}]
MODEL: report.all.channels.sales
SEMANTIC QUERIES: ['sale', 'sales']
SEMANTIC CONCEPTS: [{'concept': 'sale', 'queries': ['sale', 'sales', 'selling', 'order']}, {'concept': 'date', 'queries': ['date', 'sale date', 'order date']}]
REQUEST CONCEPTS: [{'concept': 'sale', 'queries': ['sale', 'sales', 'selling', 'order']}, {'concept': 'date', 'queries': ['date', 'sale date', 'order date']}, {'concept': 'month', 'queries': ['month', 'months']}]
MODEL: date.range
SEMANTIC QUERIES: ['sale date', 'order date', 'date']
SEMANTIC CONCEPTS: [{'concept': 'sale', 'queries': ['sale', 'sales', 'selling', 'order']}, {'concept': 'date', 'queries': ['date', 'sale date', 'order date']}]
REQUEST CONCEPTS: [{'concept': 'sale', 'queries': ['sale', 'sales', 'selling', 'order']}, {'concept': 'date', 'queries': ['date', 'sale date', 'order date']}, {'concept': 'month', 'queries': ['month', 'months']}]
MODEL: date.range.generator
SEMANTIC QUERIES: ['sale date', 'order date', 'date']
SEMANTIC CONCEPTS: [{'concept': 'sale', 'queries': ['sale', 'sales', 'selling', 'order']}, {'concept': 'date', 'queries': ['date', 'sale date', 'order date']}]
REQUEST CONCEPTS: [{'concept': 'sale', 'queries': ['sale', 'sales', 'selling', 'order']}, {'concept': 'date', 'queries': ['date', 'sale date', 'order date']}, {'concept': 'month', 'queries': ['month', 'months']}]
MODEL: date.range.type
SEMANTIC QUERIES: ['sale date', 'order date', 'date']
SEMANTIC CONCEPTS: [{'concept': 'sale', 'queries': ['sale', 'sales', 'selling', 'order']}, {'concept': 'date', 'queries': ['date', 'sale date', 'order date']}]
REQUEST CONCEPTS: [{'concept': 'sale', 'queries': ['sale', 'sales', 'selling', 'order']}, {'concept': 'date', 'queries': ['date', 'sale date', 'order date']}, {'concept': 'month', 'queries': ['month', 'months']}]
MODEL: interrogate.order.wizard
SEMANTIC QUERIES: ['order', 'order date']
SEMANTIC CONCEPTS: [{'concept': 'sale', 'queries': ['sale', 'sales', 'selling', 'order']}, {'concept': 'date', 'queries': ['date', 'sale date', 'order date']}]
REQUEST CONCEPTS: [{'concept': 'sale', 'queries': ['sale', 'sales', 'selling', 'order']}, {'concept': 'date', 'queries': ['date', 'sale date', 'order date']}, {'concept': 'month', 'queries': ['month', 'months']}]
MODEL: ir.qweb.field.date
SEMANTIC QUERIES: ['sale date', 'order date', 'date']
SEMANTIC CONCEPTS: [{'concept': 'sale', 'queries': ['sale', 'sales', 'selling', 'order']}, {'concept': 'date', 'queries': ['date', 'sale date', 'order date']}]
REQUEST CONCEPTS: [{'concept': 'sale', 'queries': ['sale', 'sales', 'selling', 'order']}, {'concept': 'date', 'queries': ['date', 'sale date', 'order date']}, {'concept': 'month', 'queries': ['month', 'months']}]
MODEL: ir.sequence.date_range
SEMANTIC QUERIES: ['sale date', 'order date', 'date']
SEMANTIC CONCEPTS: [{'concept': 'sale', 'queries': ['sale', 'sales', 'selling', 'order']}, {'concept': 'date', 'queries': ['date', 'sale date', 'order date']}]
REQUEST CONCEPTS: [{'concept': 'sale', 'queries': ['sale', 'sales', 'selling', 'order']}, {'concept': 'date', 'queries': ['date', 'sale date', 'order date']}, {'concept': 'month', 'queries': ['month', 'months']}]
MODEL: purchase.order
SEMANTIC QUERIES: ['order', 'order date']
SEMANTIC CONCEPTS: [{'concept': 'sale', 'queries': ['sale', 'sales', 'selling', 'order']}, {'concept': 'date', 'queries': ['date', 'sale date', 'order date']}]
REQUEST CONCEPTS: [{'concept': 'sale', 'queries': ['sale', 'sales', 'selling', 'order']}, {'concept': 'date', 'queries': ['date', 'sale date', 'order date']}, {'concept': 'month', 'queries': ['month', 'months']}]

===== SEMANTIC MODEL RESULTS =====
INPUT: Dimmi quando abbiamo venduto negli ultimi 4 mesi
 - report.all.channels.sales | All sales orders grouped by sales channels | score: 24.0
 - date.range | Date Range | score: 24.0
 - date.range.generator | Date Range Generator | score: 24.0
 - date.range.type | Date Range Type | score: 24.0
 - interrogate.order.wizard | Interrogate Order Wizard | score: 24.0
 - ir.qweb.field.date | ir.qweb.field.date | score: 24.0
 - ir.sequence.date_range | ir.sequence.date_range | score: 24.0
 - purchase.order | Purchase Order | score: 24.0

===== DYNAMIC MODEL DISCOVERY =====
QUERY: Dimmi quando abbiamo venduto negli ultimi 4 mesi
REQUEST SEMANTIC CONCEPTS: []
CANDIDATES:
 - report.all.channels.sales | All sales orders grouped by sales channels | score: 24.0
   semantic concepts: [{'concept': 'sale', 'queries': ['sale', 'sales', 'selling', 'order']}, {'concept': 'date', 'queries': ['date', 'sale date', 'order date']}]
   request concepts: [{'concept': 'sale', 'queries': ['sale', 'sales', 'selling', 'order']}, {'concept': 'date', 'queries': ['date', 'sale date', 'order date']}, {'concept': 'month', 'queries': ['month', 'months']}]
 - date.range | Date Range | score: 24.0
   semantic concepts: [{'concept': 'sale', 'queries': ['sale', 'sales', 'selling', 'order']}, {'concept': 'date', 'queries': ['date', 'sale date', 'order date']}]
   request concepts: [{'concept': 'sale', 'queries': ['sale', 'sales', 'selling', 'order']}, {'concept': 'date', 'queries': ['date', 'sale date', 'order date']}, {'concept': 'month', 'queries': ['month', 'months']}]
 - date.range.generator | Date Range Generator | score: 24.0
   semantic concepts: [{'concept': 'sale', 'queries': ['sale', 'sales', 'selling', 'order']}, {'concept': 'date', 'queries': ['date', 'sale date', 'order date']}]
   request concepts: [{'concept': 'sale', 'queries': ['sale', 'sales', 'selling', 'order']}, {'concept': 'date', 'queries': ['date', 'sale date', 'order date']}, {'concept': 'month', 'queries': ['month', 'months']}]
 - date.range.type | Date Range Type | score: 24.0
   semantic concepts: [{'concept': 'sale', 'queries': ['sale', 'sales', 'selling', 'order']}, {'concept': 'date', 'queries': ['date', 'sale date', 'order date']}]
   request concepts: [{'concept': 'sale', 'queries': ['sale', 'sales', 'selling', 'order']}, {'concept': 'date', 'queries': ['date', 'sale date', 'order date']}, {'concept': 'month', 'queries': ['month', 'months']}]
 - interrogate.order.wizard | Interrogate Order Wizard | score: 24.0
   semantic concepts: [{'concept': 'sale', 'queries': ['sale', 'sales', 'selling', 'order']}, {'concept': 'date', 'queries': ['date', 'sale date', 'order date']}]
   request concepts: [{'concept': 'sale', 'queries': ['sale', 'sales', 'selling', 'order']}, {'concept': 'date', 'queries': ['date', 'sale date', 'order date']}, {'concept': 'month', 'queries': ['month', 'months']}]
 - ir.qweb.field.date | ir.qweb.field.date | score: 24.0
   semantic concepts: [{'concept': 'sale', 'queries': ['sale', 'sales', 'selling', 'order']}, {'concept': 'date', 'queries': ['date', 'sale date', 'order date']}]
   request concepts: [{'concept': 'sale', 'queries': ['sale', 'sales', 'selling', 'order']}, {'concept': 'date', 'queries': ['date', 'sale date', 'order date']}, {'concept': 'month', 'queries': ['month', 'months']}]
 - ir.sequence.date_range | ir.sequence.date_range | score: 24.0
   semantic concepts: [{'concept': 'sale', 'queries': ['sale', 'sales', 'selling', 'order']}, {'concept': 'date', 'queries': ['date', 'sale date', 'order date']}]
   request concepts: [{'concept': 'sale', 'queries': ['sale', 'sales', 'selling', 'order']}, {'concept': 'date', 'queries': ['date', 'sale date', 'order date']}, {'concept': 'month', 'queries': ['month', 'months']}]
 - purchase.order | Purchase Order | score: 24.0
   semantic concepts: [{'concept': 'sale', 'queries': ['sale', 'sales', 'selling', 'order']}, {'concept': 'date', 'queries': ['date', 'sale date', 'order date']}]
   request concepts: [{'concept': 'sale', 'queries': ['sale', 'sales', 'selling', 'order']}, {'concept': 'date', 'queries': ['date', 'sale date', 'order date']}, {'concept': 'month', 'queries': ['month', 'months']}]

===== PLANNER ATTEMPT =====
ATTEMPT: 1 / 4

===== DYNAMIC MODEL CANDIDATES AVAILABLE =====
 - report.all.channels.sales | All sales orders grouped by sales channels | score: 24.0 | concepts: [{'concept': 'sale', 'queries': ['sale', 'sales', 'selling', 'order']}, {'concept': 'date', 'queries': ['date', 'sale date', 'order date']}] | request concepts: [{'concept': 'sale', 'queries': ['sale', 'sales', 'selling', 'order']}, {'concept': 'date', 'queries': ['date', 'sale date', 'order date']}, {'concept': 'month', 'queries': ['month', 'months']}]
 - date.range | Date Range | score: 24.0 | concepts: [{'concept': 'sale', 'queries': ['sale', 'sales', 'selling', 'order']}, {'concept': 'date', 'queries': ['date', 'sale date', 'order date']}] | request concepts: [{'concept': 'sale', 'queries': ['sale', 'sales', 'selling', 'order']}, {'concept': 'date', 'queries': ['date', 'sale date', 'order date']}, {'concept': 'month', 'queries': ['month', 'months']}]
 - date.range.generator | Date Range Generator | score: 24.0 | concepts: [{'concept': 'sale', 'queries': ['sale', 'sales', 'selling', 'order']}, {'concept': 'date', 'queries': ['date', 'sale date', 'order date']}] | request concepts: [{'concept': 'sale', 'queries': ['sale', 'sales', 'selling', 'order']}, {'concept': 'date', 'queries': ['date', 'sale date', 'order date']}, {'concept': 'month', 'queries': ['month', 'months']}]
 - date.range.type | Date Range Type | score: 24.0 | concepts: [{'concept': 'sale', 'queries': ['sale', 'sales', 'selling', 'order']}, {'concept': 'date', 'queries': ['date', 'sale date', 'order date']}] | request concepts: [{'concept': 'sale', 'queries': ['sale', 'sales', 'selling', 'order']}, {'concept': 'date', 'queries': ['date', 'sale date', 'order date']}, {'concept': 'month', 'queries': ['month', 'months']}]
 - interrogate.order.wizard | Interrogate Order Wizard | score: 24.0 | concepts: [{'concept': 'sale', 'queries': ['sale', 'sales', 'selling', 'order']}, {'concept': 'date', 'queries': ['date', 'sale date', 'order date']}] | request concepts: [{'concept': 'sale', 'queries': ['sale', 'sales', 'selling', 'order']}, {'concept': 'date', 'queries': ['date', 'sale date', 'order date']}, {'concept': 'month', 'queries': ['month', 'months']}]
 - ir.qweb.field.date | ir.qweb.field.date | score: 24.0 | concepts: [{'concept': 'sale', 'queries': ['sale', 'sales', 'selling', 'order']}, {'concept': 'date', 'queries': ['date', 'sale date', 'order date']}] | request concepts: [{'concept': 'sale', 'queries': ['sale', 'sales', 'selling', 'order']}, {'concept': 'date', 'queries': ['date', 'sale date', 'order date']}, {'concept': 'month', 'queries': ['month', 'months']}]
 - ir.sequence.date_range | ir.sequence.date_range | score: 24.0 | concepts: [{'concept': 'sale', 'queries': ['sale', 'sales', 'selling', 'order']}, {'concept': 'date', 'queries': ['date', 'sale date', 'order date']}] | request concepts: [{'concept': 'sale', 'queries': ['sale', 'sales', 'selling', 'order']}, {'concept': 'date', 'queries': ['date', 'sale date', 'order date']}, {'concept': 'month', 'queries': ['month', 'months']}]
 - purchase.order | Purchase Order | score: 24.0 | concepts: [{'concept': 'sale', 'queries': ['sale', 'sales', 'selling', 'order']}, {'concept': 'date', 'queries': ['date', 'sale date', 'order date']}] | request concepts: [{'concept': 'sale', 'queries': ['sale', 'sales', 'selling', 'order']}, {'concept': 'date', 'queries': ['date', 'sale date', 'order date']}, {'concept': 'month', 'queries': ['month', 'months']}]

===== QUERY NORMALIZATION =====
CURRENT REQUEST: Dimmi quando abbiamo venduto negli ultimi 4 mesi
AGGREGATION: {'is_aggregation': False, 'grouping_field': None, 'has_explicit_grouping': False, 'has_ranking': False, 'aggregation_hits': 0, 'detail_hits': 0}
TOTAL COUNT REQUEST: False
USE READ_GROUP: False
EXPLICIT MODEL: None
MODEL: sale.order
METHOD: search_read
EXPLICIT LIMIT: 4
FINAL DOMAIN: []
FINAL PARAMS: {'domain': [], 'limit': 4, 'order': 'date_order asc'}

===== CHIAMATA PORTANT (call_kw) =====
URL: http://10.100.12.145:91/web/dataset/call_kw/sale.order/fields_view_get
MODELLO: sale.order
METHOD: fields_view_get
ARGS: []
KWARGS: {'view_type': 'tree', 'toolbar': False, 'submenu': False}

===== RISPOSTA PORTANT (call_kw) =====
HTTP STATUS: 200

===== ODOO TREE VIEW DISCOVERED =====
MODEL: sale.order
VIEW ID: 1081
VIEW STRING: Sales Orders
DEFAULT ORDER: 
VIEW FIELDS: ['message_needaction', 'name', 'confirmation_date', 'requested_date', 'commitment_date', 'partner_id', 'user_id', 'amount_total', 'currency_id', 'invoice_status', 'planning_state', 'warning_icon', 'state']
VISIBLE FIELDS: ['name', 'confirmation_date', 'requested_date', 'commitment_date', 'partner_id', 'user_id', 'amount_total', 'planning_state', 'warning_icon']

===== PLANNER PROPOSAL ACCEPTED =====
ATTEMPT: 1

===== GRAPH ROUTE PLANNER =====
SINGLE PLAN FOUND
PLAN: {'agent': 'odoo', 'action': 'odoo_api_tool', 'domain': None, 'parameters': {'model': 'sale.order', 'method': 'search_read', 'params': {'domain': [], 'limit': 4, 'order': 'date_order asc'}}}
ROUTE: odoo

===== MULTI ODOO PLAN FALLBACK =====
Nessun 'plans' disponibile.
Uso state['plan'] come singola query.

===== PLANNER EXECUTION ATTEMPT =====
CURRENT ATTEMPT: 1

===== MULTI Portant EXECUTION =====
TOTAL PLANS: 1

============================================
===== Portant QUERY 1 =====
REQUEST: Dimmi quando abbiamo venduto negli ultimi 4 mesi
MODEL: sale.order
METHOD: search_read
Portant DYNAMIC AGENT ESEGUITO

===== ODOO AGENT SEMANTIC CONTEXT =====
DYNAMIC MODEL CANDIDATES: 8
SEMANTIC CONCEPTS: [{'concept': 'sale', 'queries': ['sale', 'sales', 'selling', 'order']}, {'concept': 'date', 'queries': ['date', 'sale date', 'order date']}, {'concept': 'month', 'queries': ['month', 'months']}]

===== Portant PLAN =====
{'agent': 'odoo', 'action': 'odoo_api_tool', 'domain': [], 'parameters': {'model': 'sale.order', 'method': 'search_read', 'params': {'domain': [], 'limit': 4, 'order': 'date_order asc'}}}

===== MODEL DISCOVERY =====
MODEL: sale.order
MODEL FOUND IN STATIC CATALOG
STATIC CATALOG USED ONLY AS MODEL POLICY
LOADING REAL ODOO FIELD METADATA...

===== CHIAMATA PORTANT (call_kw) =====
URL: http://10.100.12.145:91/web/dataset/call_kw/sale.order/fields_view_get
MODELLO: sale.order
METHOD: fields_view_get
ARGS: []
KWARGS: {'view_type': 'tree', 'toolbar': False, 'submenu': False}

===== RISPOSTA PORTANT (call_kw) =====
HTTP STATUS: 200

===== ODOO TREE VIEW DISCOVERED =====
MODEL: sale.order
VIEW ID: 1081
VIEW STRING: Sales Orders
DEFAULT ORDER: 
VIEW FIELDS: ['message_needaction', 'name', 'confirmation_date', 'requested_date', 'commitment_date', 'partner_id', 'user_id', 'amount_total', 'currency_id', 'invoice_status', 'planning_state', 'warning_icon', 'state']
VISIBLE FIELDS: ['name', 'confirmation_date', 'requested_date', 'commitment_date', 'partner_id', 'user_id', 'amount_total', 'planning_state', 'warning_icon']

===== ODOO FIELD METADATA LOADED =====
MODEL: sale.order
FIELDS: 109

===== DYNAMIC RELATION FIELDS =====
 - activity_type_id | Next Activity Type | relation: mail.activity.type
 - activity_user_id | Responsible | relation: res.users
 - analytic_account_id | Analytic Account | relation: account.analytic.account
 - carriage_condition_id | Carriage Condition | relation: stock.picking.carriage_condition
 - carrier_id | Delivery Method | relation: delivery.carrier
 - company_id | Company | relation: res.company
 - create_uid | Created by | relation: res.users
 - currency_id | Currency | relation: res.currency
 - ddt_carrier_id | Carrier | relation: res.partner
 - fiscal_position_id | Fiscal Position | relation: account.fiscal.position
 - goods_description_id | Description of Goods | relation: stock.picking.goods_description
 - incoterm | Incoterms | relation: stock.incoterms
 - partner_id | Customer | relation: res.partner
 - partner_invoice_id | Invoice Address | relation: res.partner
 - partner_shipping_id | Delivery Address | relation: res.partner
 - payment_term_id | Payment Terms | relation: account.payment.term
 - pricelist_id | Pricelist | relation: product.pricelist
 - procurement_group_id | Procurement Group | relation: procurement.group
 - product_id | Product | relation: product.product
 - team_id | Sales Channel | relation: crm.team
 - transportation_method_id | Method of Transportation | relation: stock.picking.transportation_method
 - transportation_reason_id | Reason for Transportation | relation: stock.picking.transportation_reason
 - user_id | Salesperson | relation: res.users
 - warehouse_id | Warehouse | relation: stock.warehouse
 - write_uid | Last Updated by | relation: res.users

===== SEMANTIC FIELD REJECTED =====
SOURCE FIELD: sale
REASON: no field contains sufficient direct metadata evidence

===== SEMANTIC FIELD ACCEPTED =====
SOURCE FIELD: sales
SELECTED FIELD: team_id
SELECTED TYPE: many2one
SELECTED RELATION: crm.team
SELECTED LABEL: Sales Channel
DIRECT SOURCE TOKENS: 1
SOURCE COVERAGE: 1.0
SCORE: 285.0

===== SEMANTIC FIELD REJECTED =====
SOURCE FIELD: selling
REASON: no field contains sufficient direct metadata evidence

===== SEMANTIC FIELD ACCEPTED =====
SOURCE FIELD: order
SELECTED FIELD: order_line
SELECTED TYPE: one2many
SELECTED RELATION: sale.order.line
SELECTED LABEL: Order Lines
DIRECT SOURCE TOKENS: 1
SOURCE COVERAGE: 1.0
SCORE: 350.0

===== SEMANTIC FIELD REJECTED =====
SOURCE FIELD: date
BEST CANDIDATE: commitment_date
BEST SCORE: 435.0
SECOND SCORE: 435.0
MARGIN: 0.0
REASON: ambiguous metadata-backed semantic resolution

===== SEMANTIC FIELD REJECTED =====
SOURCE FIELD: sale date
REASON: no field contains sufficient direct metadata evidence

===== SEMANTIC FIELD ACCEPTED =====
SOURCE FIELD: order date
SELECTED FIELD: date_order
SELECTED TYPE: datetime
SELECTED RELATION: None
SELECTED LABEL: Order Date
DIRECT SOURCE TOKENS: 2
SOURCE COVERAGE: 1.0
SCORE: 640.0

===== SEMANTIC FIELD REJECTED =====
SOURCE FIELD: month
REASON: no field contains sufficient direct metadata evidence

===== SEMANTIC FIELD REJECTED =====
SOURCE FIELD: months
REASON: no field contains sufficient direct metadata evidence

===== SEMANTIC CONCEPT KEPT AS CONTEXT =====
CONCEPT: month
REASON: no sufficient metadata-backed field evidence; treated as entity/context concept

===== DYNAMIC MODEL COMPATIBILITY PASSED =====
REQUIRED SEMANTIC CONCEPTS: [{'concept': 'sale', 'queries': ['sale', 'sales', 'selling', 'order']}, {'concept': 'date', 'queries': ['date', 'sale date', 'order date']}, {'concept': 'month', 'queries': ['month', 'months']}]
REQUIRED FIELD HINTS: []
RESOLVED FIELDS: {'sale': 'team_id', 'date': 'date_order'}

===== TREE VIEW FIELD SKIPPED =====
FIELD: planning_state
REASON: field not present in discovered Odoo metadata

===== TREE VIEW FIELD SKIPPED =====
FIELD: warning_icon
REASON: field not present in discovered Odoo metadata

===== DYNAMIC HUMAN FIELDS FROM ODOO TREE VIEW =====
TREE VIEW: 1081
TREE VIEW STRING: Sales Orders
TREE VIEW FIELDS: ['name', 'confirmation_date', 'requested_date', 'commitment_date', 'partner_id', 'user_id', 'amount_total']

===== ODOO TREE VIEW PRESENTATION PRIORITY =====
PRESENTATION SOURCE: ODOO TREE VIEW
FIELDS: ['name', 'confirmation_date', 'requested_date', 'commitment_date', 'partner_id', 'user_id', 'amount_total']

===== FINAL GROUPBY =====
GROUPBY: []

===== ODOO PARAMETERS RESOLVED =====
FIELDS: ['name', 'confirmation_date', 'requested_date', 'commitment_date', 'partner_id', 'user_id', 'amount_total']
GROUPBY: []
ORDERBY: None
ORDER: date_order asc
DOMAIN: []

===== VALIDATING Portant PARAMETERS =====

===== VALIDATED PARAMETERS =====
{'model': 'sale.order', 'method': 'search_read', 'params': {'domain': [], 'limit': 4, 'order': 'date_order asc', 'fields': ['name', 'confirmation_date', 'requested_date', 'commitment_date', 'partner_id', 'user_id', 'amount_total'], 'groupby': []}}

===== FINAL ODOO PARAMETERS =====
MODEL: sale.order
METHOD: search_read
FIELDS: ['name', 'confirmation_date', 'requested_date', 'commitment_date', 'partner_id', 'user_id', 'amount_total']
GROUPBY: []
ORDERBY: None
DOMAIN: []

===== Portant REQUEST =====
URL: http://10.100.12.145:91/api/sale.order/search_read
BODY: {'domain': [], 'limit': 4, 'order': 'date_order asc', 'fields': ['name', 'confirmation_date', 'requested_date', 'commitment_date', 'partner_id', 'user_id', 'amount_total'], 'groupby': []}

===== RICHIESTA PORTANT =====
URL: http://10.100.12.145:91/api/sale.order/search_read
METHOD: POST
BODY: {'domain': [], 'limit': 4, 'order': 'date_order asc', 'fields': ['name', 'confirmation_date', 'requested_date', 'commitment_date', 'partner_id', 'user_id', 'amount_total'], 'groupby': []}

===== RISPOSTA PORTANT =====
HTTP STATUS: 200

===== Portant NORMALIZED RESULT =====
TYPE: records
COUNT: 1311
TOTAL RECORDS: 1311
RETURNED RECORDS: 4
LIMIT: 4
OFFSET: 0
PAGES: 328
HAS MORE: True

===== EXPERIENCE MEMORY =====
STATUS: SUCCESS
REQUEST: Dimmi quando abbiamo venduto negli ultimi 4 mesi
MODEL: sale.order
METHOD: search_read

===== MULTI Portant COMPLETE =====
RESULTS: 1
SUCCESS: 1
FAILED: 0

===== ODOO EXECUTION SUCCESS =====
PLANNER ATTEMPT: 1

===== GRAPH ROUTE ODOO =====
EXECUTION FAILED: False
ROUTE: response

===== RESPONSE AGENT =====

===== MULTI QUERY RESPONSE DATA =====
TOTAL REQUESTS: 1
SUCCESS: 1
FAILED: 0
RECORDS AVAILABLE FROM ODOO: 4
RECORDS SENT TO RESPONSE LLM: 4

===== RESPONSE RESULT =====
Ho trovato 1.311 ordini di vendita. Sono stati restituiti 4 ordini:

| Ordine | Cliente | Data richiesta | Data impegno | Importo |
|---|---|---|---|---:|
| 4 | LEAR CORPORATION ITALIA S.r.l. a Socio U | 7 gennaio 2026 | 7 gennaio 2026 | € 9,76 |
| 1 | VI.B.F. Fasteners S.r.l. a Socio Unico | 7 gennaio 2026 | 7 gennaio 2026 | € 17,08 |
| 2 | GIANOPLAST S.r.l. | 7 gennaio 2026 | 7 gennaio 2026 | € 42,70 |
| 3 | VIBOLT S.r.l. UNIPERSONALE | 22 dicembre 2025 | 7 gennaio 2026 | € 24,40 |

===== SALVATAGGIO MEMORIA PORTANT =====
USER ID: 1
DATABASE: DM-26CPT001_TEST_IMPORT_20260724
CONVERSATION ID: b42da9c8-1a48-4ef4-8511-c7115578567b
RECORD LINKS: [{'id': 2646, 'model': 'sale.order', 'label': '4', 'url': 'http://10.100.12.145:91/web#id=2646&model=sale.order&view_type=form'}, {'id': 2643, 'model': 'sale.order', 'label': '1', 'url': 'http://10.100.12.145:91/web#id=2643&model=sale.order&view_type=form'}, {'id': 2644, 'model': 'sale.order', 'label': '2', 'url': 'http://10.100.12.145:91/web#id=2644&model=sale.order&view_type=form'}, {'id': 2645, 'model': 'sale.order', 'label': '3', 'url': 'http://10.100.12.145:91/web#id=2645&model=sale.order&view_type=form'}]
CHART PAYLOAD: None
USER MESSAGE: Dimmi quando abbiamo venduto negli ultimi 4 mesi
ASSISTANT MESSAGE: Ho trovato 1.311 ordini di vendita. Sono stati restituiti 4 ordini:

| Ordine | Cliente | Data richiesta | Data impegno | Importo |
|---|---|---|---|---:|
| 4 | LEAR CORPORATION ITALIA S.r.l. a Socio U | 7 gennaio 2026 | 7 gennaio 2026 | € 9,76 |
| 1 | VI.B.F. Fasteners S.r.l. a Socio Unico | 7 gennaio 2026 | 7 gennaio 2026 | € 17,08 |
| 2 | GIANOPLAST S.r.l. | 7 gennaio 2026 | 7 gennaio 2026 | € 42,70 |
| 3 | VIBOLT S.r.l. UNIPERSONALE | 22 dicembre 2025 | 7 gennaio 2026 | € 24,40 |
USER MESSAGE SAVED
ASSISTANT MESSAGE SAVED
MESSAGES CURRENTLY IN DB: 8
 - user : Mostrami le ultime 50 vendite di settembre
 - assistant : Ho trovato **34 vendite** di settembre:

| Vendita | Cliente | Data richiesta | Data impegno | Totale |
|---|---|---|---|---:|
| 1459 | MI.TO. di BALDONI R. & C. S.n.c. | 2 settembre 2026 | 3 settembre 2026 | € 73,20 |
| 1463 | COMPAC S.r.l. | 3 settembre 2026 | 3 settembre 2026 | € 97,60 |
| 1465 | VI.B.F. Fasteners S.r.l. a Socio Unico | 3 settembre 2026 | 3 settembre 2026 | € 18,30 |
| 1462 | COMPAC S.r.l. | 3 settembre 2026 | 3 settembre 2026 | € 12,20 |
| 1464 | BULLONERIE GALVIT S.r.l. | 3 settembre 2026 | 3 settembre 2026 | € 3,66 |
| 1461 | BULLVIT S.r.l. | 3 settembre 2026 | 3 settembre 2026 | € 1,22 |
| 1446 | C.M.S. SPA | 1 settembre 2026 | 2 settembre 2026 | € 12,20 |
| 1451 | WURTH S.R.L. | 31 agosto 2026 | 2 settembre 2026 | € 2,44 |
| 1447 | TORNERIA TRAVERSA S.r.l. Unipersonale | 2 settembre 2026 | 2 settembre 2026 | € 25,62 |
| 1448 | MARANO FRANCESCO | 2 settembre 2026 | 2 settembre 2026 | € 2,44 |
| 1450 | SILSUD S.r.l. | 2 settembre 2026 | 2 settembre 2026 | € 7,32 |
| 1449 | CARINI "DE.NA." S.r.l. | 2 settembre 2026 | 2 settembre 2026 | € 17,56 |
| 1456 | GFC TORNERIA DI BORIA A. & C Snc | 2 settembre 2026 | 2 settembre 2026 | € 48,80 |
| 1452 | PROGRESS RAIL SIGNALING S.p.a. | 2 settembre 2026 | 2 settembre 2026 | € 0,00 |
| 1453 | REGGIANA LAMIERE S.r.l. | 2 settembre 2026 | 2 settembre 2026 | € 34,16 |
| 1454 | PERSI FABRIZIO | 2 settembre 2026 | 2 settembre 2026 | € 4,88 |
| 1455 | WURTH S.R.L. | 2 settembre 2026 | 2 settembre 2026 | € 2,44 |
| 1457 | C.M.R. S.r.l. | 2 settembre 2026 | 2 settembre 2026 | € 488,00 |
| 1458 | M.P. CABLAGGI S.n.c. | 2 settembre 2026 | 2 settembre 2026 | € 124,44 |
| 1443 | STE.OS. S.n.c. di Veronese G. E Stella.O. | 1 settembre 2026 | 2 settembre 2026 | € 2,44 |
| 1444 | UNIMES S.r.l. | 1 settembre 2026 | 2 settembre 2026 | € 48,80 |
| 1445 | INTERACCIAI S.p.a. | 1 settembre 2026 | 2 settembre 2026 | € 24,40 |
| 1433 | WFF S.r.l. Unipersonale | 1 settembre 2026 | 1 settembre 2026 | € 0,28 |
| 1434 | VI.B.F. Fasteners S.r.l. a Socio Unico | 1 settembre 2026 | 1 settembre 2026 | € 26,84 |
| 1435 | GIANOPLAST S.r.l. | 1 settembre 2026 | 1 settembre 2026 | € 209,84 |
| 1437 | ITALIANA METALLI S.r.l. | 1 settembre 2026 | 1 settembre 2026 | € 4,88 |
| 1436 | MICARD di AVALTRONI DOMENICO | 31 agosto 2026 | 1 settembre 2026 | € 146,40 |
| 1439 | FRAUFA TECH S.r.l. | 1 settembre 2026 | 1 settembre 2026 | € 12,20 |
| 1440 | UTENSIL MACCHINE Srl Unipersonale | 1 settembre 2026 | 1 settembre 2026 | € 14,64 |
| 1431 | LEA TRADE S.r.l. | 1 settembre 2026 | 1 settembre 2026 | € 244,00 |
| 1430 | FRAUFA TECH S.r.l. | 1 settembre 2026 | 1 settembre 2026 | € 341,60 |
| 1429 | CARINI "DE.NA." S.r.l. | 31 agosto 2026 | 1 settembre 2026 | € 14,64 |
| 1428 | VIBOLT S.r.l. UNIPERSONALE | 31 agosto 2026 | 1 settembre 2026 | € 23,92 |
| 1426 | CARINI "DE.NA." S.r.l. | 31 agosto 2026 | 1 settembre 2026 | € 4,02 |
 - user : Mostrami il fatturato totale degli ultimi 4 mesi
 - assistant : Non sono state trovate fatture negli ultimi 4 mesi, dal 18 maggio 2026 al 18 settembre 2026.
 - user : Dimmi quando abbiamo venduto negli ultimi 4 mesi e fammi un grafico, poi dimmi il mese più redditizio
 - assistant : ## Vendite negli ultimi 4 mesi

| Data vendita | Ordini | Importo |
|---|---:|---:|
| 3 agosto 2026, 07:51 | 1 | € 26.840,00 |
| 3 agosto 2026, 08:02 | 1 | € 21.960,00 |
| 3 agosto 2026, 08:08 | 1 | € 23.180,00 |
| 4 agosto 2026 | 1 | € 26.840,00 |

Il mese più redditizio è **agosto 2026**, con vendite rilevate per **€ 98.820,00**.
 - user : Dimmi quando abbiamo venduto negli ultimi 4 mesi
 - assistant : Ho trovato 1.311 ordini di vendita. Sono stati restituiti 4 ordini:

| Ordine | Cliente | Data richiesta | Data impegno | Importo |
|---|---|---|---|---:|
| 4 | LEAR CORPORATION ITALIA S.r.l. a Socio U | 7 gennaio 2026 | 7 gennaio 2026 | € 9,76 |
| 1 | VI.B.F. Fasteners S.r.l. a Socio Unico | 7 gennaio 2026 | 7 gennaio 2026 | € 17,08 |
| 2 | GIANOPLAST S.r.l. | 7 gennaio 2026 | 7 gennaio 2026 | € 42,70 |
| 3 | VIBOLT S.r.l. UNIPERSONALE | 22 dicembre 2025 | 7 gennaio 2026 | € 24,40 |

===== GRAPH RESULT =====
MESSAGES: 1
CURRENT REQUEST: Dimmi quando abbiamo venduto negli ultimi 4 mesi
SUB_REQUESTS: ['Dimmi quando abbiamo venduto negli ultimi 4 mesi']
SCOPE ALLOWED: True

===== PLAN =====
MODEL: sale.order
METHOD: search_read
DOMAIN: []
FIELDS: ['name', 'confirmation_date', 'requested_date', 'commitment_date', 'partner_id', 'user_id', 'amount_total']
ORDER: date_order asc
LIMIT: 4

===== ODOO RESULTS SUMMARY =====
QUERIES: 1
--------------------------------------------
INDEX: 1
SUCCESS: True
MODEL: sale.order
METHOD: search_read
DOMAIN: []
RESULT TYPE: records
TOTAL: 1311
RETURNED: 4
LIMIT: 4
PAGES: 328
HAS MORE: True
FIRST RECORD: {'id': 2646, 'name': '4', 'confirmation_date': False, 'requested_date': '2026-01-07 00:00:00', 'commitment_date': '2026-01-07 00:00:00', 'partner_id': [4712, 'LEAR CORPORATION ITALIA S.r.l. a Socio U'], 'user_id': [1, 'Administrator'], 'amount_total': 9.76}
SECOND RECORD: {'id': 2643, 'name': '1', 'confirmation_date': False, 'requested_date': '2026-01-07 00:00:00', 'commitment_date': '2026-01-07 00:00:00', 'partner_id': [4626, 'VI.B.F. Fasteners S.r.l. a Socio Unico'], 'user_id': [1, 'Administrator'], 'amount_total': 17.08}

===== RESPONSE =====
STATUS: GENERATED
LENGTH: 488
PREVIEW: Ho trovato 1.311 ordini di vendita. Sono stati restituiti 4 ordini:  | Ordine | Cliente | Data richiesta | Data impegno | Importo | |---|---|---|---|---:| | 4 | LEAR CORPORATION ITALIA S.r.l. a Socio U | 7 gennaio 2026 | 7 gennaio 2026 | € 9,76 | | 1 | VI.B.F. Fasteners S.r.l. a Socio Unico | 7 genn...

===== CHART ANALYZER =====
SHOULD RENDER: False
