
============================================================
===== BACKEND CONSOLE LOG =====
START: 2026-09-18T10:27:10
============================================================

===== LOGIN REQUEST =====
STATUS: START

===== AUTENTICAZIONE PORTANT =====
URL: http://10.100.12.145:91/web/session/authenticate
DATABASE: DM-26CPT001_TEST_IMPORT_20260724
LOGIN: info@digimarksrl.com
HTTP STATUS: 200

===== RISPOSTA AUTENTICAZIONE =====
TYPE: dict

===== LOGIN PORTANT =====
UID: 1
USERNAME: info@digimarksrl.com
NAME: Administrator
DATABASE: DM-26CPT001_TEST_IMPORT_20260724
SESSIONE: OK

===== SESSIONE CREATA =====
ODOO UID: 1
DATABASE: DM-26CPT001_TEST_IMPORT_20260724
SESSIONE: OK

===== LOGIN RESULT =====
STATUS: SUCCESS
ODOO UID: 1
USERNAME: <redacted>
SESSION: CREATED

===== CHAT REQUEST =====
MESSAGE: Mostrami tutti gli ordini di produzione del mese di luglio
CONVERSATION: <redacted>

===== ODOO SESSION =====
STATUS: ACTIVE

===== CARICAMENTO MEMORIA PORTANT =====
USER ID: 1
DATABASE: DM-26CPT001_TEST_IMPORT_20260724
CONVERSATION ID: 06e28c44-a9d6-4dd3-8f75-9c3cee719415
MESSAGES LOADED: 0
MEMORY LOAD: nessun messaggio

===== REQUEST SPLITTER NODE =====
INPUT: Mostrami tutti gli ordini di produzione del mese di luglio

===== REQUEST SPLITTER =====
INPUT: Mostrami tutti gli ordini di produzione del mese di luglio

===== SEMANTIC SCOPE =====
SCOPE: IN_SCOPE
CONFIDENCE: 0.95
CONTINUATION: False
INTENT FAMILY: richiesta_dati_specifici
CONCEPTS: ['produzione', 'periodi temporali']
REASON: Richiesta di visualizzazione degli ordini di produzione per il mese di luglio, un dato aziendale specifico.

===== SCOPE DECISION =====
SCOPE: IN_SCOPE
IN SCOPE: True
CONTINUATION: False
CONCEPTS: ['produzione', 'periodi temporali']
REQUEST COUNT: 1
REQUEST 1: Mostrami tutti gli ordini di produzione del mese di luglio

===== SCOPE DECISION =====
SCOPE: IN_SCOPE
IN SCOPE: True
CONFIDENCE: 0.95
CONTINUATION: False
INTENT FAMILY: richiesta_dati_specifici
CONCEPTS: ['produzione', 'periodi temporali']
REQUEST COUNT: 1
REASON: Richiesta di visualizzazione degli ordini di produzione per il mese di luglio, un dato aziendale specifico.
EVIDENCE: ["la frase contiene 'ordini di produzione' che corrisponde al concetto di produzione", "contiene 'luglio' che è un mese, corrispondente al concetto di periodi temporali"]
REQUEST 1: Mostrami tutti gli ordini di produzione del mese di luglio

===== GRAPH ROUTE SCOPE =====
SCOPE: IN_SCOPE

===== PLANNER SEMANTIC CONTEXT =====
CONCEPTS: []

===== PLANNER GLOBAL ATTEMPT STATE =====
ATTEMPTS ALREADY CONSUMED: 0
EXECUTION FEEDBACK: []

===== PLANNER PREVIOUS RETRY CONTEXT =====
RETRY HISTORY: []

===== PLANNER TEMPORAL CONTEXT =====
CURRENT DATETIME: 2026-09-18T10:28:00+02:00
CURRENT DATE: 2026-09-18
CURRENT TIME: 10:28:00
TIMEZONE: Europe/Rome
UTC OFFSET: +0200

===== CHIAMATA PORTANT (call_kw) =====
URL: http://10.100.12.145:91/web/dataset/call_kw/ir.model/search_read
MODELLO: ir.model
METHOD: search_read
ARGS: [[]]
KWARGS: {'fields': ['id', 'model', 'name', 'state'], 'limit': 0, 'order': 'model asc'}

===== RISPOSTA PORTANT (call_kw) =====
HTTP STATUS: 200

===== MODEL SEARCH INDEX =====
QUERY: Mostrami tutti gli ordini di produzione del mese di luglio
MODELS LOADED: 518
MATCHED MODELS: 35

===== SEMANTIC QUERY EXPANSION =====
INPUT: Mostrami tutti gli ordini di produzione del mese di luglio
QUERIES: ['production order', 'production orders', 'manufacturing order', 'manufacturing orders', 'month', 'july', 'july month', 'period', 'date', 'day']
CONCEPTS: [{'concept': 'production order', 'queries': ['production order', 'production orders', 'manufacturing order', 'manufacturing orders']}, {'concept': 'month', 'queries': ['month', 'july', 'july month', 'period', 'date']}]

===== MODEL SEARCH INDEX =====
QUERY: production order
MODELS LOADED: 518
MATCHED MODELS: 67

===== MODEL SEARCH INDEX =====
QUERY: production orders
MODELS LOADED: 518
MATCHED MODELS: 62

===== MODEL SEARCH INDEX =====
QUERY: manufacturing order
MODELS LOADED: 518
MATCHED MODELS: 25

===== MODEL SEARCH INDEX =====
QUERY: manufacturing orders
MODELS LOADED: 518
MATCHED MODELS: 18

===== MODEL SEARCH INDEX =====
QUERY: month
MODELS LOADED: 518
MATCHED MODELS: 0

===== MODEL SEARCH INDEX =====
QUERY: july
MODELS LOADED: 518
MATCHED MODELS: 0

===== MODEL SEARCH INDEX =====
QUERY: july month
MODELS LOADED: 518
MATCHED MODELS: 0

===== MODEL SEARCH INDEX =====
QUERY: period
MODELS LOADED: 518
MATCHED MODELS: 0

===== MODEL SEARCH INDEX =====
QUERY: date
MODELS LOADED: 518
MATCHED MODELS: 10

===== MODEL SEARCH INDEX =====
QUERY: day
MODELS LOADED: 518
MATCHED MODELS: 0

===== SEMANTIC MODEL CONTEXT =====
REQUEST SEMANTIC CONCEPTS: [{'concept': 'production order', 'queries': ['production order', 'production orders', 'manufacturing order', 'manufacturing orders']}, {'concept': 'month', 'queries': ['month', 'july', 'july month', 'period', 'date']}]
MODEL: date.range
SEMANTIC QUERIES: ['date']
SEMANTIC CONCEPTS: [{'concept': 'month', 'queries': ['month', 'july', 'july month', 'period', 'date']}]
REQUEST CONCEPTS: [{'concept': 'production order', 'queries': ['production order', 'production orders', 'manufacturing order', 'manufacturing orders']}, {'concept': 'month', 'queries': ['month', 'july', 'july month', 'period', 'date']}]
MODEL: date.range.generator
SEMANTIC QUERIES: ['date']
SEMANTIC CONCEPTS: [{'concept': 'month', 'queries': ['month', 'july', 'july month', 'period', 'date']}]
REQUEST CONCEPTS: [{'concept': 'production order', 'queries': ['production order', 'production orders', 'manufacturing order', 'manufacturing orders']}, {'concept': 'month', 'queries': ['month', 'july', 'july month', 'period', 'date']}]
MODEL: date.range.type
SEMANTIC QUERIES: ['date']
SEMANTIC CONCEPTS: [{'concept': 'month', 'queries': ['month', 'july', 'july month', 'period', 'date']}]
REQUEST CONCEPTS: [{'concept': 'production order', 'queries': ['production order', 'production orders', 'manufacturing order', 'manufacturing orders']}, {'concept': 'month', 'queries': ['month', 'july', 'july month', 'period', 'date']}]
MODEL: ir.qweb.field.date
SEMANTIC QUERIES: ['date']
SEMANTIC CONCEPTS: [{'concept': 'month', 'queries': ['month', 'july', 'july month', 'period', 'date']}]
REQUEST CONCEPTS: [{'concept': 'production order', 'queries': ['production order', 'production orders', 'manufacturing order', 'manufacturing orders']}, {'concept': 'month', 'queries': ['month', 'july', 'july month', 'period', 'date']}]
MODEL: ir.sequence.date_range
SEMANTIC QUERIES: ['date']
SEMANTIC CONCEPTS: [{'concept': 'month', 'queries': ['month', 'july', 'july month', 'period', 'date']}]
REQUEST CONCEPTS: [{'concept': 'production order', 'queries': ['production order', 'production orders', 'manufacturing order', 'manufacturing orders']}, {'concept': 'month', 'queries': ['month', 'july', 'july month', 'period', 'date']}]
MODEL: mrp.workcenter.alarm
SEMANTIC QUERIES: []
SEMANTIC CONCEPTS: []
REQUEST CONCEPTS: [{'concept': 'production order', 'queries': ['production order', 'production orders', 'manufacturing order', 'manufacturing orders']}, {'concept': 'month', 'queries': ['month', 'july', 'july month', 'period', 'date']}]
MODEL: mrp.split.wizard
SEMANTIC QUERIES: ['manufacturing order', 'manufacturing orders']
SEMANTIC CONCEPTS: [{'concept': 'production order', 'queries': ['production order', 'production orders', 'manufacturing order', 'manufacturing orders']}]
REQUEST CONCEPTS: [{'concept': 'production order', 'queries': ['production order', 'production orders', 'manufacturing order', 'manufacturing orders']}, {'concept': 'month', 'queries': ['month', 'july', 'july month', 'period', 'date']}]
MODEL: base.update.translations
SEMANTIC QUERIES: ['date']
SEMANTIC CONCEPTS: [{'concept': 'month', 'queries': ['month', 'july', 'july month', 'period', 'date']}]
REQUEST CONCEPTS: [{'concept': 'production order', 'queries': ['production order', 'production orders', 'manufacturing order', 'manufacturing orders']}, {'concept': 'month', 'queries': ['month', 'july', 'july month', 'period', 'date']}]

===== SEMANTIC MODEL RESULTS =====
INPUT: Mostrami tutti gli ordini di produzione del mese di luglio
 - date.range | Date Range | score: 24.0
 - date.range.generator | Date Range Generator | score: 24.0
 - date.range.type | Date Range Type | score: 24.0
 - ir.qweb.field.date | ir.qweb.field.date | score: 24.0
 - ir.sequence.date_range | ir.sequence.date_range | score: 24.0
 - mrp.workcenter.alarm | Modello che gestisce gli allarmi del centro di lavoro | score: 20.0
 - mrp.split.wizard | Split Manufacturing Order Wizard | score: 18.0
 - base.update.translations | base.update.translations | score: 17.5

===== DYNAMIC MODEL DISCOVERY =====
QUERY: Mostrami tutti gli ordini di produzione del mese di luglio
REQUEST SEMANTIC CONCEPTS: []
CANDIDATES:
 - date.range | Date Range | score: 24.0
   semantic concepts: [{'concept': 'month', 'queries': ['month', 'july', 'july month', 'period', 'date']}]
   request concepts: [{'concept': 'production order', 'queries': ['production order', 'production orders', 'manufacturing order', 'manufacturing orders']}, {'concept': 'month', 'queries': ['month', 'july', 'july month', 'period', 'date']}]
 - date.range.generator | Date Range Generator | score: 24.0
   semantic concepts: [{'concept': 'month', 'queries': ['month', 'july', 'july month', 'period', 'date']}]
   request concepts: [{'concept': 'production order', 'queries': ['production order', 'production orders', 'manufacturing order', 'manufacturing orders']}, {'concept': 'month', 'queries': ['month', 'july', 'july month', 'period', 'date']}]
 - date.range.type | Date Range Type | score: 24.0
   semantic concepts: [{'concept': 'month', 'queries': ['month', 'july', 'july month', 'period', 'date']}]
   request concepts: [{'concept': 'production order', 'queries': ['production order', 'production orders', 'manufacturing order', 'manufacturing orders']}, {'concept': 'month', 'queries': ['month', 'july', 'july month', 'period', 'date']}]
 - ir.qweb.field.date | ir.qweb.field.date | score: 24.0
   semantic concepts: [{'concept': 'month', 'queries': ['month', 'july', 'july month', 'period', 'date']}]
   request concepts: [{'concept': 'production order', 'queries': ['production order', 'production orders', 'manufacturing order', 'manufacturing orders']}, {'concept': 'month', 'queries': ['month', 'july', 'july month', 'period', 'date']}]
 - ir.sequence.date_range | ir.sequence.date_range | score: 24.0
   semantic concepts: [{'concept': 'month', 'queries': ['month', 'july', 'july month', 'period', 'date']}]
   request concepts: [{'concept': 'production order', 'queries': ['production order', 'production orders', 'manufacturing order', 'manufacturing orders']}, {'concept': 'month', 'queries': ['month', 'july', 'july month', 'period', 'date']}]
 - mrp.workcenter.alarm | Modello che gestisce gli allarmi del centro di lavoro | score: 20.0
   semantic concepts: []
   request concepts: [{'concept': 'production order', 'queries': ['production order', 'production orders', 'manufacturing order', 'manufacturing orders']}, {'concept': 'month', 'queries': ['month', 'july', 'july month', 'period', 'date']}]
 - mrp.split.wizard | Split Manufacturing Order Wizard | score: 18.0
   semantic concepts: [{'concept': 'production order', 'queries': ['production order', 'production orders', 'manufacturing order', 'manufacturing orders']}]
   request concepts: [{'concept': 'production order', 'queries': ['production order', 'production orders', 'manufacturing order', 'manufacturing orders']}, {'concept': 'month', 'queries': ['month', 'july', 'july month', 'period', 'date']}]
 - base.update.translations | base.update.translations | score: 17.5
   semantic concepts: [{'concept': 'month', 'queries': ['month', 'july', 'july month', 'period', 'date']}]
   request concepts: [{'concept': 'production order', 'queries': ['production order', 'production orders', 'manufacturing order', 'manufacturing orders']}, {'concept': 'month', 'queries': ['month', 'july', 'july month', 'period', 'date']}]

===== PLANNER ATTEMPT =====
ATTEMPT: 1 / 4

===== DYNAMIC MODEL CANDIDATES AVAILABLE =====
 - date.range | Date Range | score: 24.0 | concepts: [{'concept': 'month', 'queries': ['month', 'july', 'july month', 'period', 'date']}] | request concepts: [{'concept': 'production order', 'queries': ['production order', 'production orders', 'manufacturing order', 'manufacturing orders']}, {'concept': 'month', 'queries': ['month', 'july', 'july month', 'period', 'date']}]
 - date.range.generator | Date Range Generator | score: 24.0 | concepts: [{'concept': 'month', 'queries': ['month', 'july', 'july month', 'period', 'date']}] | request concepts: [{'concept': 'production order', 'queries': ['production order', 'production orders', 'manufacturing order', 'manufacturing orders']}, {'concept': 'month', 'queries': ['month', 'july', 'july month', 'period', 'date']}]
 - date.range.type | Date Range Type | score: 24.0 | concepts: [{'concept': 'month', 'queries': ['month', 'july', 'july month', 'period', 'date']}] | request concepts: [{'concept': 'production order', 'queries': ['production order', 'production orders', 'manufacturing order', 'manufacturing orders']}, {'concept': 'month', 'queries': ['month', 'july', 'july month', 'period', 'date']}]
 - ir.qweb.field.date | ir.qweb.field.date | score: 24.0 | concepts: [{'concept': 'month', 'queries': ['month', 'july', 'july month', 'period', 'date']}] | request concepts: [{'concept': 'production order', 'queries': ['production order', 'production orders', 'manufacturing order', 'manufacturing orders']}, {'concept': 'month', 'queries': ['month', 'july', 'july month', 'period', 'date']}]
 - ir.sequence.date_range | ir.sequence.date_range | score: 24.0 | concepts: [{'concept': 'month', 'queries': ['month', 'july', 'july month', 'period', 'date']}] | request concepts: [{'concept': 'production order', 'queries': ['production order', 'production orders', 'manufacturing order', 'manufacturing orders']}, {'concept': 'month', 'queries': ['month', 'july', 'july month', 'period', 'date']}]
 - mrp.workcenter.alarm | Modello che gestisce gli allarmi del centro di lavoro | score: 20.0 | concepts: [] | request concepts: [{'concept': 'production order', 'queries': ['production order', 'production orders', 'manufacturing order', 'manufacturing orders']}, {'concept': 'month', 'queries': ['month', 'july', 'july month', 'period', 'date']}]
 - mrp.split.wizard | Split Manufacturing Order Wizard | score: 18.0 | concepts: [{'concept': 'production order', 'queries': ['production order', 'production orders', 'manufacturing order', 'manufacturing orders']}] | request concepts: [{'concept': 'production order', 'queries': ['production order', 'production orders', 'manufacturing order', 'manufacturing orders']}, {'concept': 'month', 'queries': ['month', 'july', 'july month', 'period', 'date']}]
 - base.update.translations | base.update.translations | score: 17.5 | concepts: [{'concept': 'month', 'queries': ['month', 'july', 'july month', 'period', 'date']}] | request concepts: [{'concept': 'production order', 'queries': ['production order', 'production orders', 'manufacturing order', 'manufacturing orders']}, {'concept': 'month', 'queries': ['month', 'july', 'july month', 'period', 'date']}]

===== QUERY NORMALIZATION =====
CURRENT REQUEST: Mostrami tutti gli ordini di produzione del mese di luglio
AGGREGATION: {'is_aggregation': False, 'grouping_field': None, 'has_explicit_grouping': False, 'has_ranking': False, 'aggregation_hits': 0, 'detail_hits': 0}
TOTAL COUNT REQUEST: False
USE READ_GROUP: False
EXPLICIT MODEL: None
MODEL: mrp.production
METHOD: search_read
EXPLICIT LIMIT: None
FINAL DOMAIN: [['date_planned_start', '>=', '2026-07-01 00:00:00'], ['<', 'date_planned_start', '2026-08-01 00:00:00']]
FINAL PARAMS: {'domain': [['date_planned_start', '>=', '2026-07-01 00:00:00'], ['<', 'date_planned_start', '2026-08-01 00:00:00']], 'fields': [], 'order': 'date_planned_start asc', 'limit': 5000}

===== CHIAMATA PORTANT (call_kw) =====
URL: http://10.100.12.145:91/web/dataset/call_kw/mrp.production/fields_view_get
MODELLO: mrp.production
METHOD: fields_view_get
ARGS: []
KWARGS: {'view_type': 'tree', 'toolbar': False, 'submenu': False}

===== RISPOSTA PORTANT (call_kw) =====
HTTP STATUS: 200

===== ODOO TREE VIEW DISCOVERED =====
MODEL: mrp.production
VIEW ID: 635
VIEW STRING: Manufacturing Orders
DEFAULT ORDER: date_planned_start desc
VIEW FIELDS: ['message_needaction', 'name', 'date_planned_start', 'date_planned_finished', 'product_id', 'product_qty', 'product_uom_id', 'availability', 'routing_id', 'time_cycle', 'origin', 'state']
VISIBLE FIELDS: ['name', 'date_planned_start', 'date_planned_finished', 'product_id', 'product_qty', 'product_uom_id', 'availability', 'routing_id', 'time_cycle', 'state']

===== PLANNER TECHNICAL FIELD VALIDATION FAILED =====
MODEL: mrp.production
INVALID FIELDS: ['<']

===== PLANNER PROPOSAL REJECTED =====
{
  "attempt": 1,
  "status": "REJECTED",
  "reason": "invalid_technical_fields",
  "proposal": {
    "model": "mrp.production",
    "method": "search_read",
    "params": {
      "domain": [
        [
          "date_planned_start",
          ">=",
          "2026-07-01 00:00:00"
        ],
        [
          "<",
          "date_planned_start",
          "2026-08-01 00:00:00"
        ]
      ],
      "fields": [],
      "order": "date_planned_start asc",
      "limit": 5000
    }
  },
  "details": {
    "reason": "invalid_technical_fields",
    "model": "mrp.production",
    "invalid_fields": [
      "<"
    ],
    "validated_fields": [
      "<",
      "date_planned_start"
    ],
    "available_fields_sample": [
      "__last_update",
      "activity_date_deadline",
      "activity_ids",
      "activity_state",
      "activity_summary",
      "activity_type_id",
      "activity_user_id",
      "availability",
      "bom_id",
      "bom_version_id",
      "bom_versioning_ids",
      "check_to_done",
      "child_production_ids",
      "company_id",
      "consumed_less_than_planned",
      "create_date",
      "create_uid",
      "created_inspections",
      "created_observations",
      "date_date_planned_start",
      "date_finished",
      "date_planned_deadline",
      "date_planned_finished",
      "date_planned_start",
      "date_start",
      "delivery_date",
      "display_name",
      "enable_transfer_product",
      "final_lot_id",
      "finished_move_line_ids",
      "has_moves",
      "id",
      "instruction_ids",
      "is_locked",
      "is_milestone",
      "location_dest_id",
      "location_src_id",
      "material_move_ids",
      "material_used",
      "message_channel_ids",
      "message_follower_ids",
      "message_ids",
      "message_is_follower",
      "message_last_post",
      "message_needaction",
      "message_needaction_counter",
      "message_partner_ids",
      "message_unread",
      "message_unread_counter",
      "move_dest_ids",
      "move_finished_ids",
      "move_raw_ids",
      "name",
      "note",
      "observation_ids",
      "on_gantt",
      "order_line_id",
      "origin",
      "origin_move_ids",
      "package_count",
      "package_ids",
      "parent_production_id",
      "partner_ids",
      "picking_type_id",
      "pieces_for_qc",
      "post_visible",
      "pre_time_workcenter",
      "predecessor_count",
      "predecessor_ids",
      "predecessor_parent",
      "priority",
      "procurement_group_id",
      "produced_qty",
      "produced_weight",
      "producing_weight",
      "product_id",
      "product_qty",
      "product_tmpl_id",
      "product_tracking",
      "product_uom_id"
    ]
  }
}

===== PLANNER ATTEMPT =====
ATTEMPT: 2 / 4

===== DYNAMIC MODEL CANDIDATES AVAILABLE =====
 - date.range | Date Range | score: 24.0 | concepts: [{'concept': 'month', 'queries': ['month', 'july', 'july month', 'period', 'date']}] | request concepts: [{'concept': 'production order', 'queries': ['production order', 'production orders', 'manufacturing order', 'manufacturing orders']}, {'concept': 'month', 'queries': ['month', 'july', 'july month', 'period', 'date']}]
 - date.range.generator | Date Range Generator | score: 24.0 | concepts: [{'concept': 'month', 'queries': ['month', 'july', 'july month', 'period', 'date']}] | request concepts: [{'concept': 'production order', 'queries': ['production order', 'production orders', 'manufacturing order', 'manufacturing orders']}, {'concept': 'month', 'queries': ['month', 'july', 'july month', 'period', 'date']}]
 - date.range.type | Date Range Type | score: 24.0 | concepts: [{'concept': 'month', 'queries': ['month', 'july', 'july month', 'period', 'date']}] | request concepts: [{'concept': 'production order', 'queries': ['production order', 'production orders', 'manufacturing order', 'manufacturing orders']}, {'concept': 'month', 'queries': ['month', 'july', 'july month', 'period', 'date']}]
 - ir.qweb.field.date | ir.qweb.field.date | score: 24.0 | concepts: [{'concept': 'month', 'queries': ['month', 'july', 'july month', 'period', 'date']}] | request concepts: [{'concept': 'production order', 'queries': ['production order', 'production orders', 'manufacturing order', 'manufacturing orders']}, {'concept': 'month', 'queries': ['month', 'july', 'july month', 'period', 'date']}]
 - ir.sequence.date_range | ir.sequence.date_range | score: 24.0 | concepts: [{'concept': 'month', 'queries': ['month', 'july', 'july month', 'period', 'date']}] | request concepts: [{'concept': 'production order', 'queries': ['production order', 'production orders', 'manufacturing order', 'manufacturing orders']}, {'concept': 'month', 'queries': ['month', 'july', 'july month', 'period', 'date']}]
 - mrp.workcenter.alarm | Modello che gestisce gli allarmi del centro di lavoro | score: 20.0 | concepts: [] | request concepts: [{'concept': 'production order', 'queries': ['production order', 'production orders', 'manufacturing order', 'manufacturing orders']}, {'concept': 'month', 'queries': ['month', 'july', 'july month', 'period', 'date']}]
 - mrp.split.wizard | Split Manufacturing Order Wizard | score: 18.0 | concepts: [{'concept': 'production order', 'queries': ['production order', 'production orders', 'manufacturing order', 'manufacturing orders']}] | request concepts: [{'concept': 'production order', 'queries': ['production order', 'production orders', 'manufacturing order', 'manufacturing orders']}, {'concept': 'month', 'queries': ['month', 'july', 'july month', 'period', 'date']}]
 - base.update.translations | base.update.translations | score: 17.5 | concepts: [{'concept': 'month', 'queries': ['month', 'july', 'july month', 'period', 'date']}] | request concepts: [{'concept': 'production order', 'queries': ['production order', 'production orders', 'manufacturing order', 'manufacturing orders']}, {'concept': 'month', 'queries': ['month', 'july', 'july month', 'period', 'date']}]

===== QUERY NORMALIZATION =====
CURRENT REQUEST: Mostrami tutti gli ordini di produzione del mese di luglio
AGGREGATION: {'is_aggregation': False, 'grouping_field': None, 'has_explicit_grouping': False, 'has_ranking': False, 'aggregation_hits': 0, 'detail_hits': 0}
TOTAL COUNT REQUEST: False
USE READ_GROUP: False
EXPLICIT MODEL: None
MODEL: mrp.production
METHOD: search_read
EXPLICIT LIMIT: None
FINAL DOMAIN: [['date_planned_start', '>=', '2026-07-01 00:00:00'], ['<', 'date_planned_start', '2026-08-01 00:00:00']]
FINAL PARAMS: {'domain': [['date_planned_start', '>=', '2026-07-01 00:00:00'], ['<', 'date_planned_start', '2026-08-01 00:00:00']], 'fields': [], 'limit': 5000, 'order': 'date_planned_start asc'}

===== CHIAMATA PORTANT (call_kw) =====
URL: http://10.100.12.145:91/web/dataset/call_kw/mrp.production/fields_view_get
MODELLO: mrp.production
METHOD: fields_view_get
ARGS: []
KWARGS: {'view_type': 'tree', 'toolbar': False, 'submenu': False}

===== RISPOSTA PORTANT (call_kw) =====
HTTP STATUS: 200

===== ODOO TREE VIEW DISCOVERED =====
MODEL: mrp.production
VIEW ID: 635
VIEW STRING: Manufacturing Orders
DEFAULT ORDER: date_planned_start desc
VIEW FIELDS: ['message_needaction', 'name', 'date_planned_start', 'date_planned_finished', 'product_id', 'product_qty', 'product_uom_id', 'availability', 'routing_id', 'time_cycle', 'origin', 'state']
VISIBLE FIELDS: ['name', 'date_planned_start', 'date_planned_finished', 'product_id', 'product_qty', 'product_uom_id', 'availability', 'routing_id', 'time_cycle', 'state']

===== PLANNER TECHNICAL FIELD VALIDATION FAILED =====
MODEL: mrp.production
INVALID FIELDS: ['<']

===== PLANNER PROPOSAL REJECTED =====
{
  "attempt": 2,
  "status": "REJECTED",
  "reason": "invalid_technical_fields",
  "proposal": {
    "model": "mrp.production",
    "method": "search_read",
    "params": {
      "domain": [
        [
          "date_planned_start",
          ">=",
          "2026-07-01 00:00:00"
        ],
        [
          "<",
          "date_planned_start",
          "2026-08-01 00:00:00"
        ]
      ],
      "fields": [],
      "limit": 5000,
      "order": "date_planned_start asc"
    }
  },
  "details": {
    "reason": "invalid_technical_fields",
    "model": "mrp.production",
    "invalid_fields": [
      "<"
    ],
    "validated_fields": [
      "<",
      "date_planned_start"
    ],
    "available_fields_sample": [
      "__last_update",
      "activity_date_deadline",
      "activity_ids",
      "activity_state",
      "activity_summary",
      "activity_type_id",
      "activity_user_id",
      "availability",
      "bom_id",
      "bom_version_id",
      "bom_versioning_ids",
      "check_to_done",
      "child_production_ids",
      "company_id",
      "consumed_less_than_planned",
      "create_date",
      "create_uid",
      "created_inspections",
      "created_observations",
      "date_date_planned_start",
      "date_finished",
      "date_planned_deadline",
      "date_planned_finished",
      "date_planned_start",
      "date_start",
      "delivery_date",
      "display_name",
      "enable_transfer_product",
      "final_lot_id",
      "finished_move_line_ids",
      "has_moves",
      "id",
      "instruction_ids",
      "is_locked",
      "is_milestone",
      "location_dest_id",
      "location_src_id",
      "material_move_ids",
      "material_used",
      "message_channel_ids",
      "message_follower_ids",
      "message_ids",
      "message_is_follower",
      "message_last_post",
      "message_needaction",
      "message_needaction_counter",
      "message_partner_ids",
      "message_unread",
      "message_unread_counter",
      "move_dest_ids",
      "move_finished_ids",
      "move_raw_ids",
      "name",
      "note",
      "observation_ids",
      "on_gantt",
      "order_line_id",
      "origin",
      "origin_move_ids",
      "package_count",
      "package_ids",
      "parent_production_id",
      "partner_ids",
      "picking_type_id",
      "pieces_for_qc",
      "post_visible",
      "pre_time_workcenter",
      "predecessor_count",
      "predecessor_ids",
      "predecessor_parent",
      "priority",
      "procurement_group_id",
      "produced_qty",
      "produced_weight",
      "producing_weight",
      "product_id",
      "product_qty",
      "product_tmpl_id",
      "product_tracking",
      "product_uom_id"
    ]
  }
}

===== PLANNER ATTEMPT =====
ATTEMPT: 3 / 4

===== DYNAMIC MODEL CANDIDATES AVAILABLE =====
 - date.range | Date Range | score: 24.0 | concepts: [{'concept': 'month', 'queries': ['month', 'july', 'july month', 'period', 'date']}] | request concepts: [{'concept': 'production order', 'queries': ['production order', 'production orders', 'manufacturing order', 'manufacturing orders']}, {'concept': 'month', 'queries': ['month', 'july', 'july month', 'period', 'date']}]
 - date.range.generator | Date Range Generator | score: 24.0 | concepts: [{'concept': 'month', 'queries': ['month', 'july', 'july month', 'period', 'date']}] | request concepts: [{'concept': 'production order', 'queries': ['production order', 'production orders', 'manufacturing order', 'manufacturing orders']}, {'concept': 'month', 'queries': ['month', 'july', 'july month', 'period', 'date']}]
 - date.range.type | Date Range Type | score: 24.0 | concepts: [{'concept': 'month', 'queries': ['month', 'july', 'july month', 'period', 'date']}] | request concepts: [{'concept': 'production order', 'queries': ['production order', 'production orders', 'manufacturing order', 'manufacturing orders']}, {'concept': 'month', 'queries': ['month', 'july', 'july month', 'period', 'date']}]
 - ir.qweb.field.date | ir.qweb.field.date | score: 24.0 | concepts: [{'concept': 'month', 'queries': ['month', 'july', 'july month', 'period', 'date']}] | request concepts: [{'concept': 'production order', 'queries': ['production order', 'production orders', 'manufacturing order', 'manufacturing orders']}, {'concept': 'month', 'queries': ['month', 'july', 'july month', 'period', 'date']}]
 - ir.sequence.date_range | ir.sequence.date_range | score: 24.0 | concepts: [{'concept': 'month', 'queries': ['month', 'july', 'july month', 'period', 'date']}] | request concepts: [{'concept': 'production order', 'queries': ['production order', 'production orders', 'manufacturing order', 'manufacturing orders']}, {'concept': 'month', 'queries': ['month', 'july', 'july month', 'period', 'date']}]
 - mrp.workcenter.alarm | Modello che gestisce gli allarmi del centro di lavoro | score: 20.0 | concepts: [] | request concepts: [{'concept': 'production order', 'queries': ['production order', 'production orders', 'manufacturing order', 'manufacturing orders']}, {'concept': 'month', 'queries': ['month', 'july', 'july month', 'period', 'date']}]
 - mrp.split.wizard | Split Manufacturing Order Wizard | score: 18.0 | concepts: [{'concept': 'production order', 'queries': ['production order', 'production orders', 'manufacturing order', 'manufacturing orders']}] | request concepts: [{'concept': 'production order', 'queries': ['production order', 'production orders', 'manufacturing order', 'manufacturing orders']}, {'concept': 'month', 'queries': ['month', 'july', 'july month', 'period', 'date']}]
 - base.update.translations | base.update.translations | score: 17.5 | concepts: [{'concept': 'month', 'queries': ['month', 'july', 'july month', 'period', 'date']}] | request concepts: [{'concept': 'production order', 'queries': ['production order', 'production orders', 'manufacturing order', 'manufacturing orders']}, {'concept': 'month', 'queries': ['month', 'july', 'july month', 'period', 'date']}]

===== QUERY NORMALIZATION =====
CURRENT REQUEST: Mostrami tutti gli ordini di produzione del mese di luglio
AGGREGATION: {'is_aggregation': False, 'grouping_field': None, 'has_explicit_grouping': False, 'has_ranking': False, 'aggregation_hits': 0, 'detail_hits': 0}
TOTAL COUNT REQUEST: False
USE READ_GROUP: False
EXPLICIT MODEL: None
MODEL: mrp.production
METHOD: search_read
EXPLICIT LIMIT: None
FINAL DOMAIN: [['date_planned_start', '>=', '2026-07-01 00:00:00'], ['<', 'date_planned_start', '2026-08-01 00:00:00']]
FINAL PARAMS: {'domain': [['date_planned_start', '>=', '2026-07-01 00:00:00'], ['<', 'date_planned_start', '2026-08-01 00:00:00']], 'fields': [], 'limit': 5000, 'order': 'date_planned_start asc'}

===== CHIAMATA PORTANT (call_kw) =====
URL: http://10.100.12.145:91/web/dataset/call_kw/mrp.production/fields_view_get
MODELLO: mrp.production
METHOD: fields_view_get
ARGS: []
KWARGS: {'view_type': 'tree', 'toolbar': False, 'submenu': False}

===== RISPOSTA PORTANT (call_kw) =====
HTTP STATUS: 200

===== ODOO TREE VIEW DISCOVERED =====
MODEL: mrp.production
VIEW ID: 635
VIEW STRING: Manufacturing Orders
DEFAULT ORDER: date_planned_start desc
VIEW FIELDS: ['message_needaction', 'name', 'date_planned_start', 'date_planned_finished', 'product_id', 'product_qty', 'product_uom_id', 'availability', 'routing_id', 'time_cycle', 'origin', 'state']
VISIBLE FIELDS: ['name', 'date_planned_start', 'date_planned_finished', 'product_id', 'product_qty', 'product_uom_id', 'availability', 'routing_id', 'time_cycle', 'state']

===== PLANNER TECHNICAL FIELD VALIDATION FAILED =====
MODEL: mrp.production
INVALID FIELDS: ['<']

===== PLANNER PROPOSAL REJECTED =====
{
  "attempt": 3,
  "status": "REJECTED",
  "reason": "invalid_technical_fields",
  "proposal": {
    "model": "mrp.production",
    "method": "search_read",
    "params": {
      "domain": [
        [
          "date_planned_start",
          ">=",
          "2026-07-01 00:00:00"
        ],
        [
          "<",
          "date_planned_start",
          "2026-08-01 00:00:00"
        ]
      ],
      "fields": [],
      "limit": 5000,
      "order": "date_planned_start asc"
    }
  },
  "details": {
    "reason": "invalid_technical_fields",
    "model": "mrp.production",
    "invalid_fields": [
      "<"
    ],
    "validated_fields": [
      "<",
      "date_planned_start"
    ],
    "available_fields_sample": [
      "__last_update",
      "activity_date_deadline",
      "activity_ids",
      "activity_state",
      "activity_summary",
      "activity_type_id",
      "activity_user_id",
      "availability",
      "bom_id",
      "bom_version_id",
      "bom_versioning_ids",
      "check_to_done",
      "child_production_ids",
      "company_id",
      "consumed_less_than_planned",
      "create_date",
      "create_uid",
      "created_inspections",
      "created_observations",
      "date_date_planned_start",
      "date_finished",
      "date_planned_deadline",
      "date_planned_finished",
      "date_planned_start",
      "date_start",
      "delivery_date",
      "display_name",
      "enable_transfer_product",
      "final_lot_id",
      "finished_move_line_ids",
      "has_moves",
      "id",
      "instruction_ids",
      "is_locked",
      "is_milestone",
      "location_dest_id",
      "location_src_id",
      "material_move_ids",
      "material_used",
      "message_channel_ids",
      "message_follower_ids",
      "message_ids",
      "message_is_follower",
      "message_last_post",
      "message_needaction",
      "message_needaction_counter",
      "message_partner_ids",
      "message_unread",
      "message_unread_counter",
      "move_dest_ids",
      "move_finished_ids",
      "move_raw_ids",
      "name",
      "note",
      "observation_ids",
      "on_gantt",
      "order_line_id",
      "origin",
      "origin_move_ids",
      "package_count",
      "package_ids",
      "parent_production_id",
      "partner_ids",
      "picking_type_id",
      "pieces_for_qc",
      "post_visible",
      "pre_time_workcenter",
      "predecessor_count",
      "predecessor_ids",
      "predecessor_parent",
      "priority",
      "procurement_group_id",
      "produced_qty",
      "produced_weight",
      "producing_weight",
      "product_id",
      "product_qty",
      "product_tmpl_id",
      "product_tracking",
      "product_uom_id"
    ]
  }
}

===== PLANNER ATTEMPT =====
ATTEMPT: 4 / 4

===== DYNAMIC MODEL CANDIDATES AVAILABLE =====
 - date.range | Date Range | score: 24.0 | concepts: [{'concept': 'month', 'queries': ['month', 'july', 'july month', 'period', 'date']}] | request concepts: [{'concept': 'production order', 'queries': ['production order', 'production orders', 'manufacturing order', 'manufacturing orders']}, {'concept': 'month', 'queries': ['month', 'july', 'july month', 'period', 'date']}]
 - date.range.generator | Date Range Generator | score: 24.0 | concepts: [{'concept': 'month', 'queries': ['month', 'july', 'july month', 'period', 'date']}] | request concepts: [{'concept': 'production order', 'queries': ['production order', 'production orders', 'manufacturing order', 'manufacturing orders']}, {'concept': 'month', 'queries': ['month', 'july', 'july month', 'period', 'date']}]
 - date.range.type | Date Range Type | score: 24.0 | concepts: [{'concept': 'month', 'queries': ['month', 'july', 'july month', 'period', 'date']}] | request concepts: [{'concept': 'production order', 'queries': ['production order', 'production orders', 'manufacturing order', 'manufacturing orders']}, {'concept': 'month', 'queries': ['month', 'july', 'july month', 'period', 'date']}]
 - ir.qweb.field.date | ir.qweb.field.date | score: 24.0 | concepts: [{'concept': 'month', 'queries': ['month', 'july', 'july month', 'period', 'date']}] | request concepts: [{'concept': 'production order', 'queries': ['production order', 'production orders', 'manufacturing order', 'manufacturing orders']}, {'concept': 'month', 'queries': ['month', 'july', 'july month', 'period', 'date']}]
 - ir.sequence.date_range | ir.sequence.date_range | score: 24.0 | concepts: [{'concept': 'month', 'queries': ['month', 'july', 'july month', 'period', 'date']}] | request concepts: [{'concept': 'production order', 'queries': ['production order', 'production orders', 'manufacturing order', 'manufacturing orders']}, {'concept': 'month', 'queries': ['month', 'july', 'july month', 'period', 'date']}]
 - mrp.workcenter.alarm | Modello che gestisce gli allarmi del centro di lavoro | score: 20.0 | concepts: [] | request concepts: [{'concept': 'production order', 'queries': ['production order', 'production orders', 'manufacturing order', 'manufacturing orders']}, {'concept': 'month', 'queries': ['month', 'july', 'july month', 'period', 'date']}]
 - mrp.split.wizard | Split Manufacturing Order Wizard | score: 18.0 | concepts: [{'concept': 'production order', 'queries': ['production order', 'production orders', 'manufacturing order', 'manufacturing orders']}] | request concepts: [{'concept': 'production order', 'queries': ['production order', 'production orders', 'manufacturing order', 'manufacturing orders']}, {'concept': 'month', 'queries': ['month', 'july', 'july month', 'period', 'date']}]
 - base.update.translations | base.update.translations | score: 17.5 | concepts: [{'concept': 'month', 'queries': ['month', 'july', 'july month', 'period', 'date']}] | request concepts: [{'concept': 'production order', 'queries': ['production order', 'production orders', 'manufacturing order', 'manufacturing orders']}, {'concept': 'month', 'queries': ['month', 'july', 'july month', 'period', 'date']}]

===== QUERY NORMALIZATION =====
CURRENT REQUEST: Mostrami tutti gli ordini di produzione del mese di luglio
AGGREGATION: {'is_aggregation': False, 'grouping_field': None, 'has_explicit_grouping': False, 'has_ranking': False, 'aggregation_hits': 0, 'detail_hits': 0}
TOTAL COUNT REQUEST: False
USE READ_GROUP: False
EXPLICIT MODEL: None
MODEL: mrp.production
METHOD: search_read
EXPLICIT LIMIT: None
FINAL DOMAIN: [['date_planned_start', '>=', '2026-07-01 00:00:00'], ['<', 'date_planned_start', '2026-08-01 00:00:00']]
FINAL PARAMS: {'domain': [['date_planned_start', '>=', '2026-07-01 00:00:00'], ['<', 'date_planned_start', '2026-08-01 00:00:00']], 'fields': [], 'limit': 5000, 'order': 'date_planned_start asc'}

===== CHIAMATA PORTANT (call_kw) =====
URL: http://10.100.12.145:91/web/dataset/call_kw/mrp.production/fields_view_get
MODELLO: mrp.production
METHOD: fields_view_get
ARGS: []
KWARGS: {'view_type': 'tree', 'toolbar': False, 'submenu': False}

===== RISPOSTA PORTANT (call_kw) =====
HTTP STATUS: 200

===== ODOO TREE VIEW DISCOVERED =====
MODEL: mrp.production
VIEW ID: 635
VIEW STRING: Manufacturing Orders
DEFAULT ORDER: date_planned_start desc
VIEW FIELDS: ['message_needaction', 'name', 'date_planned_start', 'date_planned_finished', 'product_id', 'product_qty', 'product_uom_id', 'availability', 'routing_id', 'time_cycle', 'origin', 'state']
VISIBLE FIELDS: ['name', 'date_planned_start', 'date_planned_finished', 'product_id', 'product_qty', 'product_uom_id', 'availability', 'routing_id', 'time_cycle', 'state']

===== PLANNER TECHNICAL FIELD VALIDATION FAILED =====
MODEL: mrp.production
INVALID FIELDS: ['<']

===== PLANNER PROPOSAL REJECTED =====
{
  "attempt": 4,
  "status": "REJECTED",
  "reason": "invalid_technical_fields",
  "proposal": {
    "model": "mrp.production",
    "method": "search_read",
    "params": {
      "domain": [
        [
          "date_planned_start",
          ">=",
          "2026-07-01 00:00:00"
        ],
        [
          "<",
          "date_planned_start",
          "2026-08-01 00:00:00"
        ]
      ],
      "fields": [],
      "limit": 5000,
      "order": "date_planned_start asc"
    }
  },
  "details": {
    "reason": "invalid_technical_fields",
    "model": "mrp.production",
    "invalid_fields": [
      "<"
    ],
    "validated_fields": [
      "<",
      "date_planned_start"
    ],
    "available_fields_sample": [
      "__last_update",
      "activity_date_deadline",
      "activity_ids",
      "activity_state",
      "activity_summary",
      "activity_type_id",
      "activity_user_id",
      "availability",
      "bom_id",
      "bom_version_id",
      "bom_versioning_ids",
      "check_to_done",
      "child_production_ids",
      "company_id",
      "consumed_less_than_planned",
      "create_date",
      "create_uid",
      "created_inspections",
      "created_observations",
      "date_date_planned_start",
      "date_finished",
      "date_planned_deadline",
      "date_planned_finished",
      "date_planned_start",
      "date_start",
      "delivery_date",
      "display_name",
      "enable_transfer_product",
      "final_lot_id",
      "finished_move_line_ids",
      "has_moves",
      "id",
      "instruction_ids",
      "is_locked",
      "is_milestone",
      "location_dest_id",
      "location_src_id",
      "material_move_ids",
      "material_used",
      "message_channel_ids",
      "message_follower_ids",
      "message_ids",
      "message_is_follower",
      "message_last_post",
      "message_needaction",
      "message_needaction_counter",
      "message_partner_ids",
      "message_unread",
      "message_unread_counter",
      "move_dest_ids",
      "move_finished_ids",
      "move_raw_ids",
      "name",
      "note",
      "observation_ids",
      "on_gantt",
      "order_line_id",
      "origin",
      "origin_move_ids",
      "package_count",
      "package_ids",
      "parent_production_id",
      "partner_ids",
      "picking_type_id",
      "pieces_for_qc",
      "post_visible",
      "pre_time_workcenter",
      "predecessor_count",
      "predecessor_ids",
      "predecessor_parent",
      "priority",
      "procurement_group_id",
      "produced_qty",
      "produced_weight",
      "producing_weight",
      "product_id",
      "product_qty",
      "product_tmpl_id",
      "product_tracking",
      "product_uom_id"
    ]
  }
}

===== PLANNER ATTEMPTS EXHAUSTED =====
MAX ATTEMPTS: 4
EXPERIENCE MEMORY FALLBACK REQUIRED

===== PLANNER EXHAUSTED =====
EXPERIENCE MEMORY FALLBACK REQUIRED

===== GRAPH ROUTE PLANNER =====
PLANNER EXHAUSTED: True
ROUTE: experience_memory

===== EXPERIENCE MEMORY FALLBACK =====
REQUEST: Mostrami tutti gli ordini di produzione del mese di luglio
SEMANTIC CONCEPTS: []
EXPERIENCES FOUND: 10

===== EXPERIENCE CANDIDATE =====
INDEX: 1
EXPERIENCE ID: exp_165175086441446c97e3e37d10664ea9
STATUS: success
MODEL: mrp.production
METHOD: search_read

===== CHIAMATA PORTANT (call_kw) =====
URL: http://10.100.12.145:91/web/dataset/call_kw/mrp.production/fields_view_get
MODELLO: mrp.production
METHOD: fields_view_get
ARGS: []
KWARGS: {'view_type': 'tree', 'toolbar': False, 'submenu': False}

===== RISPOSTA PORTANT (call_kw) =====
HTTP STATUS: 200

===== ODOO TREE VIEW DISCOVERED =====
MODEL: mrp.production
VIEW ID: 635
VIEW STRING: Manufacturing Orders
DEFAULT ORDER: date_planned_start desc
VIEW FIELDS: ['message_needaction', 'name', 'date_planned_start', 'date_planned_finished', 'product_id', 'product_qty', 'product_uom_id', 'availability', 'routing_id', 'time_cycle', 'origin', 'state']
VISIBLE FIELDS: ['name', 'date_planned_start', 'date_planned_finished', 'product_id', 'product_qty', 'product_uom_id', 'availability', 'routing_id', 'time_cycle', 'state']

===== CHIAMATA PORTANT (call_kw) =====
URL: http://10.100.12.145:91/web/dataset/call_kw/mrp.production/fields_view_get
MODELLO: mrp.production
METHOD: fields_view_get
ARGS: []
KWARGS: {'view_type': 'tree', 'toolbar': False, 'submenu': False}

===== RISPOSTA PORTANT (call_kw) =====
HTTP STATUS: 200

===== ODOO TREE VIEW DISCOVERED =====
MODEL: mrp.production
VIEW ID: 635
VIEW STRING: Manufacturing Orders
DEFAULT ORDER: date_planned_start desc
VIEW FIELDS: ['message_needaction', 'name', 'date_planned_start', 'date_planned_finished', 'product_id', 'product_qty', 'product_uom_id', 'availability', 'routing_id', 'time_cycle', 'origin', 'state']
VISIBLE FIELDS: ['name', 'date_planned_start', 'date_planned_finished', 'product_id', 'product_qty', 'product_uom_id', 'availability', 'routing_id', 'time_cycle', 'state']

===== EXPERIENCE CANDIDATE ACCEPTED =====
EXPERIENCE ID: exp_165175086441446c97e3e37d10664ea9
MODEL: mrp.production
METHOD: search_read
REASON: historical solution compatible with current Odoo metadata

===== GRAPH ROUTE EXPERIENCE MEMORY =====
VALID HISTORICAL PLAN FOUND
ROUTE: odoo

===== PLANNER EXECUTION ATTEMPT =====
CURRENT ATTEMPT: 4

===== MULTI Portant EXECUTION =====
TOTAL PLANS: 1

============================================
===== Portant QUERY 1 =====
REQUEST: Mostrami tutti gli ordini di produzione del mese di luglio
MODEL: mrp.production
METHOD: search_read
Portant DYNAMIC AGENT ESEGUITO

===== ODOO AGENT SEMANTIC CONTEXT =====
DYNAMIC MODEL CANDIDATES: 8
SEMANTIC CONCEPTS: [{'concept': 'production order', 'queries': ['production order', 'production orders', 'manufacturing order', 'manufacturing orders']}, {'concept': 'month', 'queries': ['month', 'july', 'july month', 'period', 'date']}]

===== Portant PLAN =====
{'agent': None, 'action': None, 'domain': [['date_planned_start', '>=', '2026-07-01 00:00:00'], ['date_planned_start', '<', '2026-08-01 00:00:00']], 'parameters': {'model': 'mrp.production', 'method': 'search_read', 'params': {'fields': ['activity_state', 'origin', 'siint_date_order', 'production_location_id', 'date_planned_deadline', 'date_planned_start', 'delivery_date', 'order_line_id'], 'groupby': [], 'domain': [['date_planned_start', '>=', '2026-07-01 00:00:00'], ['date_planned_start', '<', '2026-08-01 00:00:00']], 'orderby': None, 'order': 'date_planned_start asc'}}}

===== MODEL DISCOVERY =====
MODEL: mrp.production
MODEL FOUND IN STATIC CATALOG
STATIC CATALOG USED ONLY AS MODEL POLICY
LOADING REAL ODOO FIELD METADATA...

===== CHIAMATA PORTANT (call_kw) =====
URL: http://10.100.12.145:91/web/dataset/call_kw/mrp.production/fields_view_get
MODELLO: mrp.production
METHOD: fields_view_get
ARGS: []
KWARGS: {'view_type': 'tree', 'toolbar': False, 'submenu': False}

===== RISPOSTA PORTANT (call_kw) =====
HTTP STATUS: 200

===== ODOO TREE VIEW DISCOVERED =====
MODEL: mrp.production
VIEW ID: 635
VIEW STRING: Manufacturing Orders
DEFAULT ORDER: date_planned_start desc
VIEW FIELDS: ['message_needaction', 'name', 'date_planned_start', 'date_planned_finished', 'product_id', 'product_qty', 'product_uom_id', 'availability', 'routing_id', 'time_cycle', 'origin', 'state']
VISIBLE FIELDS: ['name', 'date_planned_start', 'date_planned_finished', 'product_id', 'product_qty', 'product_uom_id', 'availability', 'routing_id', 'time_cycle', 'state']

===== ODOO FIELD METADATA LOADED =====
MODEL: mrp.production
FIELDS: 119

===== DYNAMIC RELATION FIELDS =====
 - activity_type_id | Next Activity Type | relation: mail.activity.type
 - activity_user_id | Responsible | relation: res.users
 - bom_id | Bill of Material | relation: mrp.bom
 - bom_version_id | Bom Version | relation: mrp.bom.versioning
 - company_id | Company | relation: res.company
 - create_uid | Created by | relation: res.users
 - final_lot_id | Lotto/Numero Seriale | relation: stock.production.lot
 - location_dest_id | Finished Products Location | relation: stock.location
 - location_src_id | Raw Materials Location | relation: stock.location
 - material_used | Material Used | relation: stock.move
 - order_line_id | Order Line | relation: sale.order.line
 - parent_production_id | Production that has generated the demand | relation: mrp.production
 - picking_type_id | Operation Type | relation: stock.picking.type
 - procurement_group_id | Procurement Group | relation: procurement.group
 - product_id | Product | relation: product.product
 - product_tmpl_id | Product Template | relation: product.template
 - product_uom_id | Product Unit of Measure | relation: product.uom
 - production_location_id | Production Location | relation: stock.location
 - routing_id | Routing | relation: mrp.routing
 - routing_tmpl_id | Template | relation: mrp.routing.template
 - sale_order_id | Order Reference | relation: sale.order
 - user_id | Responsible | relation: res.users
 - workcenter_id | Workcenter | relation: mrp.workcenter
 - write_uid | Last Updated by | relation: res.users

===== SEMANTIC FIELD ACCEPTED =====
SOURCE FIELD: production order
SELECTED FIELD: origin
SELECTED TYPE: char
SELECTED RELATION: None
SELECTED LABEL: Source
DIRECT SOURCE TOKENS: 2
SOURCE COVERAGE: 1.0
SCORE: 290.0

===== SEMANTIC FIELD ACCEPTED =====
SOURCE FIELD: production orders
SELECTED FIELD: production_location_id
SELECTED TYPE: many2one
SELECTED RELATION: stock.location
SELECTED LABEL: Production Location
DIRECT SOURCE TOKENS: 2
SOURCE COVERAGE: 1.0
SCORE: 340.0

===== SEMANTIC FIELD REJECTED =====
SOURCE FIELD: manufacturing order
REASON: no field contains sufficient direct metadata evidence

===== SEMANTIC FIELD ACCEPTED =====
SOURCE FIELD: manufacturing orders
SELECTED FIELD: production_location_id
SELECTED TYPE: many2one
SELECTED RELATION: stock.location
SELECTED LABEL: Production Location
DIRECT SOURCE TOKENS: 2
SOURCE COVERAGE: 1.0
SCORE: 310.0

===== SEMANTIC FIELD REJECTED =====
SOURCE FIELD: month
REASON: no field contains sufficient direct metadata evidence

===== SEMANTIC FIELD REJECTED =====
SOURCE FIELD: july
REASON: no field contains sufficient direct metadata evidence

===== SEMANTIC FIELD REJECTED =====
SOURCE FIELD: july month
REASON: no field contains sufficient direct metadata evidence

===== SEMANTIC FIELD REJECTED =====
SOURCE FIELD: period
REASON: no field contains sufficient direct metadata evidence

===== SEMANTIC FIELD ACCEPTED =====
SOURCE FIELD: date
SELECTED FIELD: date_date_planned_start
SELECTED TYPE: date
SELECTED RELATION: None
SELECTED LABEL: start date
DIRECT SOURCE TOKENS: 1
SOURCE COVERAGE: 1.0
SCORE: 435.0
FIELD COMPATIBLE: activity_state -> activity_state | exact technical match
FIELD COMPATIBLE: origin -> origin | exact technical match
FIELD COMPATIBLE: siint_date_order -> siint_date_order | exact technical match
FIELD COMPATIBLE: production_location_id -> production_location_id | exact technical match
FIELD COMPATIBLE: date_planned_deadline -> date_planned_deadline | exact technical match
FIELD COMPATIBLE: date_planned_start -> date_planned_start | exact technical match
FIELD COMPATIBLE: delivery_date -> delivery_date | exact technical match
FIELD COMPATIBLE: order_line_id -> order_line_id | exact technical match

===== DYNAMIC MODEL COMPATIBILITY PASSED =====
REQUIRED SEMANTIC CONCEPTS: [{'concept': 'production order', 'queries': ['production order', 'production orders', 'manufacturing order', 'manufacturing orders']}, {'concept': 'month', 'queries': ['month', 'july', 'july month', 'period', 'date']}]
REQUIRED FIELD HINTS: ['activity_state', 'origin', 'siint_date_order', 'production_location_id', 'date_planned_deadline', 'date_planned_start', 'delivery_date', 'order_line_id']
RESOLVED FIELDS: {'production order': 'production_location_id', 'month': 'date_date_planned_start', 'activity_state': 'activity_state', 'origin': 'origin', 'siint_date_order': 'siint_date_order', 'production_location_id': 'production_location_id', 'date_planned_deadline': 'date_planned_deadline', 'date_planned_start': 'date_planned_start', 'delivery_date': 'delivery_date', 'order_line_id': 'order_line_id'}

===== FINAL GROUPBY =====
GROUPBY: []

===== ODOO PARAMETERS RESOLVED =====
FIELDS: ['activity_state', 'origin', 'siint_date_order', 'production_location_id', 'date_planned_deadline', 'date_planned_start', 'delivery_date', 'order_line_id']
GROUPBY: []
ORDERBY: None
ORDER: date_planned_start asc
DOMAIN: [['date_planned_start', '>=', '2026-07-01 00:00:00'], ['date_planned_start', '<', '2026-08-01 00:00:00']]

===== VALIDATING Portant PARAMETERS =====

===== VALIDATED PARAMETERS =====
{'model': 'mrp.production', 'method': 'search_read', 'params': {'fields': ['activity_state', 'origin', 'siint_date_order', 'production_location_id', 'date_planned_deadline', 'date_planned_start', 'delivery_date', 'order_line_id'], 'groupby': [], 'domain': [['date_planned_start', '>=', '2026-07-01 00:00:00'], ['date_planned_start', '<', '2026-08-01 00:00:00']], 'orderby': None, 'order': 'date_planned_start asc'}}

===== FINAL ODOO PARAMETERS =====
MODEL: mrp.production
METHOD: search_read
FIELDS: ['activity_state', 'origin', 'siint_date_order', 'production_location_id', 'date_planned_deadline', 'date_planned_start', 'delivery_date', 'order_line_id']
GROUPBY: []
ORDERBY: None
DOMAIN: [['date_planned_start', '>=', '2026-07-01 00:00:00'], ['date_planned_start', '<', '2026-08-01 00:00:00']]

===== Portant REQUEST =====
URL: http://10.100.12.145:91/api/mrp.production/search_read
BODY: {'fields': ['activity_state', 'origin', 'siint_date_order', 'production_location_id', 'date_planned_deadline', 'date_planned_start', 'delivery_date', 'order_line_id'], 'groupby': [], 'domain': [['date_planned_start', '>=', '2026-07-01 00:00:00'], ['date_planned_start', '<', '2026-08-01 00:00:00']], 'orderby': None, 'order': 'date_planned_start asc'}

===== RICHIESTA PORTANT =====
URL: http://10.100.12.145:91/api/mrp.production/search_read
METHOD: POST
BODY: {'fields': ['activity_state', 'origin', 'siint_date_order', 'production_location_id', 'date_planned_deadline', 'date_planned_start', 'delivery_date', 'order_line_id'], 'groupby': [], 'domain': [['date_planned_start', '>=', '2026-07-01 00:00:00'], ['date_planned_start', '<', '2026-08-01 00:00:00']], 'orderby': None, 'order': 'date_planned_start asc'}

===== RISPOSTA PORTANT =====
HTTP STATUS: 200

===== Portant NORMALIZED RESULT =====
TYPE: records
COUNT: 177
TOTAL RECORDS: 177
RETURNED RECORDS: 177
LIMIT: 0
OFFSET: 0
PAGES: 1
HAS MORE: False

===== EXPERIENCE MEMORY =====
STATUS: SUCCESS
REQUEST: Mostrami tutti gli ordini di produzione del mese di luglio
MODEL: mrp.production
METHOD: search_read

===== MULTI Portant COMPLETE =====
RESULTS: 1
SUCCESS: 1
FAILED: 0

===== ODOO EXECUTION SUCCESS =====
PLANNER ATTEMPT: 4

===== GRAPH ROUTE ODOO =====
EXECUTION FAILED: False
ROUTE: response

===== RESPONSE AGENT =====

===== MULTI QUERY RESPONSE DATA =====
TOTAL REQUESTS: 1
SUCCESS: 1
FAILED: 0
RECORDS AVAILABLE FROM ODOO: 177
RECORDS SENT TO RESPONSE LLM: 50

===== RESPONSE RESULT =====
## Ordini di produzione - luglio 2026

Ho trovato 177 ordini di produzione pianificati nel mese di luglio 2026. Ti mostro i primi 50 ordini:

| ID | Data di inizio pianificata | Data di consegna | Data ordine | Ubicazione di produzione |
|----|------------------|------------|-----------|---------------------|
| 16771 | 1 luglio 2026 00:00:00 | 1 luglio 2026 | 1 luglio 2026 | Ubicazione virtuale/Produzione |
| 7915 | 1 luglio 2026 06:29:54 | 17 luglio 2026 | 11 giugno 2026 | Ubicazione virtuale/Produzione |
| 10821 | 1 luglio 2026 07:10:46 | 24 agosto 2026 | 11 giugno 2026 | Ubicazione virtuale/Produzione |
| 13077 | 1 luglio 2026 07:26:36 | 24 agosto 2026 | 9 giugno 2026 | Ubicazione virtuale/Produzione |
| 6333 | 1 luglio 2026 10:29:32 | 11 giugno 2026 | 29 giugno 2026 | Ubicazione virtuale/Produzione |
| 14814 | 1 luglio 2026 10:32:36 | - | 20 giugno 2026 | Ubicazione virtuale/Produzione |
| 15047 | 1 luglio 2026 13:57:01 | 4 settembre 2026 | 16 giugno 2026 | Ubicazione virtuale/Produzione |
| 21394 | 1 luglio 2026 14:00:27 | 11 settembre 2026 | 29 giugno 2026 | Ubicazione virtuale/Produzione |
| 6567 | 1 luglio 2026 14:54:03 | 3 settembre 2026 | 26 maggio 2026 | Ubicazione virtuale/Produzione |
| 20050 | 1 luglio 2026 18:43:22 | 31 luglio 2026 | 3 giugno 2026 | Ubicazione virtuale/Produzione |
| 3553 | 2 luglio 2026 00:00:00 | - | 2 luglio 2026 | Ubicazione virtuale/Produzione |
| 20553 | 2 luglio 2026 00:00:00 | 5 ottobre 2026 | 2 luglio 2026 | Ubicazione virtuale/Produzione |
| 3616 | 2 luglio 2026 00:00:00 | 11 settembre 2026 | 2 luglio 2026 | Ubicazione virtuale/Produzione |
| 20316 | 2 luglio 2026 06:58:32 | 6 luglio 2026 | 24 aprile 2026 | Ubicazione virtuale/Produzione |
| 10628 | 2 luglio 2026 07:18:03 | 28 febbraio 2027 | 14 giugno 2026 | Ubicazione virtuale/Produzione |
| 3890 | 2 luglio 2026 08:10:39 | 5 settembre 2026 | 24 giugno 2026 | Ubicazione virtuale/Produzione |
| 10143 | 2 luglio 2026 11:02:02 | - | 30 aprile 2026 | Ubicazione virtuale/Produzione |
| 6073 | 2 luglio 2026 11:55:07 | 22 giugno 2026 | 27 aprile 2026 | Ubicazione virtuale/Produzione |
| 7232 | 2 luglio 2026 14:03:25 | 28 luglio 2026 | 11 giugno 2026 | Ubicazione virtuale/Produzione |
| 11039 | 2 luglio 2026 14:43:38 | 15 settembre 2026 | 15 giugno 2026 | Ubicazione virtuale/Produzione |
| 9649 | 2 luglio 2026 14:45:55 | 20 giugno 2026 | 4 giugno 2026 | Ubicazione virtuale/Produzione |
| 15516 | 3 luglio 2026 00:00:00 | 11 settembre 2026 | 3 luglio 2026 | Ubicazione virtuale/Produzione |
| 3896 | 3 luglio 2026 00:00:00 | 18 settembre 2026 | 3 luglio 2026 | Ubicazione virtuale/Produzione |
| 18022 | 3 luglio 2026 00:00:00 | 18 settembre 2026 | 3 luglio 2026 | Ubicazione virtuale/Produzione |
| 3555 | 3 luglio 2026 00:00:00 | 25 luglio 2026 | 3 luglio 2026 | Ubicazione virtuale/Produzione |
| 5458 | 3 luglio 2026 07:38:18 | 25 luglio 2026 | 30 maggio 2026 | Ubicazione virtuale/Produzione |
| 14047 | 3 luglio 2026 13:01:35 | - | 29 aprile 2026 | Ubicazione virtuale/Produzione |
| 21764 | 4 luglio 2026 00:00:00 | 20 luglio 2026 | 4 luglio 2026 | Ubicazione virtuale/Produzione |
| 3617 | 4 luglio 2026 00:00:00 | 20 luglio 2026 | 4 luglio 2026 | Ubicazione virtuale/Produzione |
| 14324 | 4 luglio 2026 00:00:00 | 20 luglio 2026 | 4 luglio 2026 | Ubicazione virtuale/Produzione |
| 3609 | 4 luglio 2026 06:20:27 | 24 luglio 2026 | 9 giugno 2026 | Ubicazione virtuale/Produzione |
| 3898 | 6 luglio 2026 00:00:00 | - | 6 luglio 2026 | Ubicazione virtuale/Produzione |
| 13083 | 6 luglio 2026 00:00:00 | 18 settembre 2026 | 6 luglio 2026 | Ubicazione virtuale/Produzione |
| 19299 | 6 luglio 2026 00:00:00 | 18 settembre 2026 | 6 luglio 2026 | Ubicazione virtuale/Produzione |
| 3897 | 6 luglio 2026 00:00:00 | 18 settembre 2026 | 6 luglio 2026 | Ubicazione virtuale/Produzione |
| 3619 | 6 luglio 2026 00:00:00 | 18 settembre 2026 | 6 luglio 2026 | Ubicazione virtuale/Produzione |
| 3556 | 6 luglio 2026 00:00:00 | 3 ottobre 2026 | 6 luglio 2026 | Ubicazione virtuale/Produzione |
| 19298 | 6 luglio 2026 00:00:00 | 18 settembre 2026 | 6 luglio 2026 | Ubicazione virtuale/Produzione |
| 6113 | 6 luglio 2026 07:00:12 | 15 giugno 2026 | 26 marzo 2026 | Ubicazione virtuale/Produzione |
| 15679 | 6 luglio 2026 08:07:28 | 18 settembre 2026 | 3 luglio 2026 | Ubicazione virtuale/Produzione |
| 14320 | 6 luglio 2026 09:29:04 | 8 ottobre 2026 | 29 maggio 2026 | Ubicazione virtuale/Produzione |
| 8029 | 6 luglio 2026 10:26:13 | 15 giugno 2026 | 14 giugno 2026 | Ubicazione virtuale/Produzione |
| 3554 | 6 luglio 2026 14:07:44 | 8 luglio 2026 | 3 luglio 2026 | Ubicazione virtuale/Produzione |
| 17161 | 6 luglio 2026 14:16:17 | 24 luglio 2026 | 26 maggio 2026 | Ubicazione virtuale/Produzione |
| 16875 | 6 luglio 2026 18:16:29 | 17 luglio 2026 | 18 maggio 2026 | Ubicazione virtuale/Produzione |
| 12048 | 6 luglio 2026 18:59:26 | 15 giugno 2026 | 27 aprile 2026 | Ubicazione virtuale/Produzione |
| 3557 | 7 luglio 2026 00:00:00 | 25 settembre 2026 | 7 luglio 2026 | Ubicazione virtuale/Produzione |
| 3558 | 7 luglio 2026 00:00:00 | 25 settembre 2026 | 7 luglio 2026 | Ubicazione virtuale/Produzione |
| 16772 | 7 luglio 2026 00:00:00 | 15 ottobre 2026 | 7 luglio 2026 | Ubicazione virtuale/Produzione |
| 3899 | 7 luglio 2026 00:00:00 | 15 ottobre 2026 | 7 luglio 2026 | Ubicazione virtuale/Produzione |

**Nota:** Sono stati trovati 177 ordini di produzione in totale per il mese di luglio 2026. I primi 50 ordini sono mostrati sopra. Gli ordini sono distribuiti in tutta la prima metà di luglio, con alcune date di consegna che si estendono fino ad agosto e settembre 2026.

===== SALVATAGGIO MEMORIA PORTANT =====
USER ID: 1
DATABASE: DM-26CPT001_TEST_IMPORT_20260724
CONVERSATION ID: 06e28c44-a9d6-4dd3-8f75-9c3cee719415
RECORD LINKS: [{'id': 16771, 'model': 'mrp.production', 'label': '16771', 'url': 'http://10.100.12.145:91/web#id=16771&model=mrp.production&view_type=form'}, {'id': 7915, 'model': 'mrp.production', 'label': '7915', 'url': 'http://10.100.12.145:91/web#id=7915&model=mrp.production&view_type=form'}, {'id': 10821, 'model': 'mrp.production', 'label': '10821', 'url': 'http://10.100.12.145:91/web#id=10821&model=mrp.production&view_type=form'}, {'id': 13077, 'model': 'mrp.production', 'label': '13077', 'url': 'http://10.100.12.145:91/web#id=13077&model=mrp.production&view_type=form'}, {'id': 6333, 'model': 'mrp.production', 'label': '6333', 'url': 'http://10.100.12.145:91/web#id=6333&model=mrp.production&view_type=form'}, {'id': 14814, 'model': 'mrp.production', 'label': '14814', 'url': 'http://10.100.12.145:91/web#id=14814&model=mrp.production&view_type=form'}, {'id': 15047, 'model': 'mrp.production', 'label': '15047', 'url': 'http://10.100.12.145:91/web#id=15047&model=mrp.production&view_type=form'}, {'id': 21394, 'model': 'mrp.production', 'label': '21394', 'url': 'http://10.100.12.145:91/web#id=21394&model=mrp.production&view_type=form'}, {'id': 6567, 'model': 'mrp.production', 'label': '6567', 'url': 'http://10.100.12.145:91/web#id=6567&model=mrp.production&view_type=form'}, {'id': 20050, 'model': 'mrp.production', 'label': '20050', 'url': 'http://10.100.12.145:91/web#id=20050&model=mrp.production&view_type=form'}, {'id': 3553, 'model': 'mrp.production', 'label': '3553', 'url': 'http://10.100.12.145:91/web#id=3553&model=mrp.production&view_type=form'}, {'id': 20553, 'model': 'mrp.production', 'label': '20553', 'url': 'http://10.100.12.145:91/web#id=20553&model=mrp.production&view_type=form'}, {'id': 3616, 'model': 'mrp.production', 'label': '3616', 'url': 'http://10.100.12.145:91/web#id=3616&model=mrp.production&view_type=form'}, {'id': 20316, 'model': 'mrp.production', 'label': '20316', 'url': 'http://10.100.12.145:91/web#id=20316&model=mrp.production&view_type=form'}, {'id': 10628, 'model': 'mrp.production', 'label': '10628', 'url': 'http://10.100.12.145:91/web#id=10628&model=mrp.production&view_type=form'}, {'id': 3890, 'model': 'mrp.production', 'label': '3890', 'url': 'http://10.100.12.145:91/web#id=3890&model=mrp.production&view_type=form'}, {'id': 10143, 'model': 'mrp.production', 'label': '10143', 'url': 'http://10.100.12.145:91/web#id=10143&model=mrp.production&view_type=form'}, {'id': 6073, 'model': 'mrp.production', 'label': '6073', 'url': 'http://10.100.12.145:91/web#id=6073&model=mrp.production&view_type=form'}, {'id': 7232, 'model': 'mrp.production', 'label': '7232', 'url': 'http://10.100.12.145:91/web#id=7232&model=mrp.production&view_type=form'}, {'id': 11039, 'model': 'mrp.production', 'label': '11039', 'url': 'http://10.100.12.145:91/web#id=11039&model=mrp.production&view_type=form'}, {'id': 9649, 'model': 'mrp.production', 'label': '9649', 'url': 'http://10.100.12.145:91/web#id=9649&model=mrp.production&view_type=form'}, {'id': 15516, 'model': 'mrp.production', 'label': '15516', 'url': 'http://10.100.12.145:91/web#id=15516&model=mrp.production&view_type=form'}, {'id': 3896, 'model': 'mrp.production', 'label': '3896', 'url': 'http://10.100.12.145:91/web#id=3896&model=mrp.production&view_type=form'}, {'id': 18022, 'model': 'mrp.production', 'label': '18022', 'url': 'http://10.100.12.145:91/web#id=18022&model=mrp.production&view_type=form'}, {'id': 3555, 'model': 'mrp.production', 'label': '3555', 'url': 'http://10.100.12.145:91/web#id=3555&model=mrp.production&view_type=form'}, {'id': 5458, 'model': 'mrp.production', 'label': '5458', 'url': 'http://10.100.12.145:91/web#id=5458&model=mrp.production&view_type=form'}, {'id': 14047, 'model': 'mrp.production', 'label': '14047', 'url': 'http://10.100.12.145:91/web#id=14047&model=mrp.production&view_type=form'}, {'id': 21764, 'model': 'mrp.production', 'label': '21764', 'url': 'http://10.100.12.145:91/web#id=21764&model=mrp.production&view_type=form'}, {'id': 3617, 'model': 'mrp.production', 'label': '3617', 'url': 'http://10.100.12.145:91/web#id=3617&model=mrp.production&view_type=form'}, {'id': 14324, 'model': 'mrp.production', 'label': '14324', 'url': 'http://10.100.12.145:91/web#id=14324&model=mrp.production&view_type=form'}, {'id': 3609, 'model': 'mrp.production', 'label': '3609', 'url': 'http://10.100.12.145:91/web#id=3609&model=mrp.production&view_type=form'}, {'id': 3898, 'model': 'mrp.production', 'label': '3898', 'url': 'http://10.100.12.145:91/web#id=3898&model=mrp.production&view_type=form'}, {'id': 13083, 'model': 'mrp.production', 'label': '13083', 'url': 'http://10.100.12.145:91/web#id=13083&model=mrp.production&view_type=form'}, {'id': 19299, 'model': 'mrp.production', 'label': '19299', 'url': 'http://10.100.12.145:91/web#id=19299&model=mrp.production&view_type=form'}, {'id': 3897, 'model': 'mrp.production', 'label': '3897', 'url': 'http://10.100.12.145:91/web#id=3897&model=mrp.production&view_type=form'}, {'id': 3619, 'model': 'mrp.production', 'label': '3619', 'url': 'http://10.100.12.145:91/web#id=3619&model=mrp.production&view_type=form'}, {'id': 3556, 'model': 'mrp.production', 'label': '3556', 'url': 'http://10.100.12.145:91/web#id=3556&model=mrp.production&view_type=form'}, {'id': 19298, 'model': 'mrp.production', 'label': '19298', 'url': 'http://10.100.12.145:91/web#id=19298&model=mrp.production&view_type=form'}, {'id': 6113, 'model': 'mrp.production', 'label': '6113', 'url': 'http://10.100.12.145:91/web#id=6113&model=mrp.production&view_type=form'}, {'id': 15679, 'model': 'mrp.production', 'label': '15679', 'url': 'http://10.100.12.145:91/web#id=15679&model=mrp.production&view_type=form'}, {'id': 14320, 'model': 'mrp.production', 'label': '14320', 'url': 'http://10.100.12.145:91/web#id=14320&model=mrp.production&view_type=form'}, {'id': 8029, 'model': 'mrp.production', 'label': '8029', 'url': 'http://10.100.12.145:91/web#id=8029&model=mrp.production&view_type=form'}, {'id': 3554, 'model': 'mrp.production', 'label': '3554', 'url': 'http://10.100.12.145:91/web#id=3554&model=mrp.production&view_type=form'}, {'id': 17161, 'model': 'mrp.production', 'label': '17161', 'url': 'http://10.100.12.145:91/web#id=17161&model=mrp.production&view_type=form'}, {'id': 16875, 'model': 'mrp.production', 'label': '16875', 'url': 'http://10.100.12.145:91/web#id=16875&model=mrp.production&view_type=form'}, {'id': 12048, 'model': 'mrp.production', 'label': '12048', 'url': 'http://10.100.12.145:91/web#id=12048&model=mrp.production&view_type=form'}, {'id': 3557, 'model': 'mrp.production', 'label': '3557', 'url': 'http://10.100.12.145:91/web#id=3557&model=mrp.production&view_type=form'}, {'id': 3558, 'model': 'mrp.production', 'label': '3558', 'url': 'http://10.100.12.145:91/web#id=3558&model=mrp.production&view_type=form'}, {'id': 16772, 'model': 'mrp.production', 'label': '16772', 'url': 'http://10.100.12.145:91/web#id=16772&model=mrp.production&view_type=form'}, {'id': 3899, 'model': 'mrp.production', 'label': '3899', 'url': 'http://10.100.12.145:91/web#id=3899&model=mrp.production&view_type=form'}, {'id': 15517, 'model': 'mrp.production', 'label': '15517', 'url': 'http://10.100.12.145:91/web#id=15517&model=mrp.production&view_type=form'}, {'id': 18337, 'model': 'mrp.production', 'label': '18337', 'url': 'http://10.100.12.145:91/web#id=18337&model=mrp.production&view_type=form'}, {'id': 6026, 'model': 'mrp.production', 'label': '6026', 'url': 'http://10.100.12.145:91/web#id=6026&model=mrp.production&view_type=form'}, {'id': 8913, 'model': 'mrp.production', 'label': '8913', 'url': 'http://10.100.12.145:91/web#id=8913&model=mrp.production&view_type=form'}, {'id': 21533, 'model': 'mrp.production', 'label': '21533', 'url': 'http://10.100.12.145:91/web#id=21533&model=mrp.production&view_type=form'}, {'id': 19301, 'model': 'mrp.production', 'label': '19301', 'url': 'http://10.100.12.145:91/web#id=19301&model=mrp.production&view_type=form'}, {'id': 18023, 'model': 'mrp.production', 'label': '18023', 'url': 'http://10.100.12.145:91/web#id=18023&model=mrp.production&view_type=form'}, {'id': 13084, 'model': 'mrp.production', 'label': '13084', 'url': 'http://10.100.12.145:91/web#id=13084&model=mrp.production&view_type=form'}, {'id': 3620, 'model': 'mrp.production', 'label': '3620', 'url': 'http://10.100.12.145:91/web#id=3620&model=mrp.production&view_type=form'}, {'id': 3559, 'model': 'mrp.production', 'label': '3559', 'url': 'http://10.100.12.145:91/web#id=3559&model=mrp.production&view_type=form'}, {'id': 14325, 'model': 'mrp.production', 'label': '14325', 'url': 'http://10.100.12.145:91/web#id=14325&model=mrp.production&view_type=form'}, {'id': 3900, 'model': 'mrp.production', 'label': '3900', 'url': 'http://10.100.12.145:91/web#id=3900&model=mrp.production&view_type=form'}, {'id': 8062, 'model': 'mrp.production', 'label': '8062', 'url': 'http://10.100.12.145:91/web#id=8062&model=mrp.production&view_type=form'}, {'id': 17763, 'model': 'mrp.production', 'label': '17763', 'url': 'http://10.100.12.145:91/web#id=17763&model=mrp.production&view_type=form'}, {'id': 10743, 'model': 'mrp.production', 'label': '10743', 'url': 'http://10.100.12.145:91/web#id=10743&model=mrp.production&view_type=form'}, {'id': 15027, 'model': 'mrp.production', 'label': '15027', 'url': 'http://10.100.12.145:91/web#id=15027&model=mrp.production&view_type=form'}, {'id': 9678, 'model': 'mrp.production', 'label': '9678', 'url': 'http://10.100.12.145:91/web#id=9678&model=mrp.production&view_type=form'}, {'id': 8870, 'model': 'mrp.production', 'label': '8870', 'url': 'http://10.100.12.145:91/web#id=8870&model=mrp.production&view_type=form'}, {'id': 3618, 'model': 'mrp.production', 'label': '3618', 'url': 'http://10.100.12.145:91/web#id=3618&model=mrp.production&view_type=form'}, {'id': 6791, 'model': 'mrp.production', 'label': '6791', 'url': 'http://10.100.12.145:91/web#id=6791&model=mrp.production&view_type=form'}, {'id': 13080, 'model': 'mrp.production', 'label': '13080', 'url': 'http://10.100.12.145:91/web#id=13080&model=mrp.production&view_type=form'}, {'id': 18393, 'model': 'mrp.production', 'label': '18393', 'url': 'http://10.100.12.145:91/web#id=18393&model=mrp.production&view_type=form'}, {'id': 9232, 'model': 'mrp.production', 'label': '9232', 'url': 'http://10.100.12.145:91/web#id=9232&model=mrp.production&view_type=form'}, {'id': 13910, 'model': 'mrp.production', 'label': '13910', 'url': 'http://10.100.12.145:91/web#id=13910&model=mrp.production&view_type=form'}, {'id': 9738, 'model': 'mrp.production', 'label': '9738', 'url': 'http://10.100.12.145:91/web#id=9738&model=mrp.production&view_type=form'}, {'id': 21765, 'model': 'mrp.production', 'label': '21765', 'url': 'http://10.100.12.145:91/web#id=21765&model=mrp.production&view_type=form'}, {'id': 15518, 'model': 'mrp.production', 'label': '15518', 'url': 'http://10.100.12.145:91/web#id=15518&model=mrp.production&view_type=form'}, {'id': 16773, 'model': 'mrp.production', 'label': '16773', 'url': 'http://10.100.12.145:91/web#id=16773&model=mrp.production&view_type=form'}, {'id': 11780, 'model': 'mrp.production', 'label': '11780', 'url': 'http://10.100.12.145:91/web#id=11780&model=mrp.production&view_type=form'}, {'id': 3561, 'model': 'mrp.production', 'label': '3561', 'url': 'http://10.100.12.145:91/web#id=3561&model=mrp.production&view_type=form'}, {'id': 20554, 'model': 'mrp.production', 'label': '20554', 'url': 'http://10.100.12.145:91/web#id=20554&model=mrp.production&view_type=form'}, {'id': 11776, 'model': 'mrp.production', 'label': '11776', 'url': 'http://10.100.12.145:91/web#id=11776&model=mrp.production&view_type=form'}, {'id': 14508, 'model': 'mrp.production', 'label': '14508', 'url': 'http://10.100.12.145:91/web#id=14508&model=mrp.production&view_type=form'}, {'id': 6866, 'model': 'mrp.production', 'label': '6866', 'url': 'http://10.100.12.145:91/web#id=6866&model=mrp.production&view_type=form'}, {'id': 3516, 'model': 'mrp.production', 'label': '3516', 'url': 'http://10.100.12.145:91/web#id=3516&model=mrp.production&view_type=form'}, {'id': 3621, 'model': 'mrp.production', 'label': '3621', 'url': 'http://10.100.12.145:91/web#id=3621&model=mrp.production&view_type=form'}, {'id': 18024, 'model': 'mrp.production', 'label': '18024', 'url': 'http://10.100.12.145:91/web#id=18024&model=mrp.production&view_type=form'}, {'id': 3563, 'model': 'mrp.production', 'label': '3563', 'url': 'http://10.100.12.145:91/web#id=3563&model=mrp.production&view_type=form'}, {'id': 3613, 'model': 'mrp.production', 'label': '3613', 'url': 'http://10.100.12.145:91/web#id=3613&model=mrp.production&view_type=form'}, {'id': 3560, 'model': 'mrp.production', 'label': '3560', 'url': 'http://10.100.12.145:91/web#id=3560&model=mrp.production&view_type=form'}, {'id': 8842, 'model': 'mrp.production', 'label': '8842', 'url': 'http://10.100.12.145:91/web#id=8842&model=mrp.production&view_type=form'}, {'id': 6100, 'model': 'mrp.production', 'label': '6100', 'url': 'http://10.100.12.145:91/web#id=6100&model=mrp.production&view_type=form'}, {'id': 14959, 'model': 'mrp.production', 'label': '14959', 'url': 'http://10.100.12.145:91/web#id=14959&model=mrp.production&view_type=form'}, {'id': 20638, 'model': 'mrp.production', 'label': '20638', 'url': 'http://10.100.12.145:91/web#id=20638&model=mrp.production&view_type=form'}, {'id': 9819, 'model': 'mrp.production', 'label': '9819', 'url': 'http://10.100.12.145:91/web#id=9819&model=mrp.production&view_type=form'}, {'id': 18410, 'model': 'mrp.production', 'label': '18410', 'url': 'http://10.100.12.145:91/web#id=18410&model=mrp.production&view_type=form'}, {'id': 6850, 'model': 'mrp.production', 'label': '6850', 'url': 'http://10.100.12.145:91/web#id=6850&model=mrp.production&view_type=form'}, {'id': 13086, 'model': 'mrp.production', 'label': '13086', 'url': 'http://10.100.12.145:91/web#id=13086&model=mrp.production&view_type=form'}, {'id': 18025, 'model': 'mrp.production', 'label': '18025', 'url': 'http://10.100.12.145:91/web#id=18025&model=mrp.production&view_type=form'}, {'id': 18026, 'model': 'mrp.production', 'label': '18026', 'url': 'http://10.100.12.145:91/web#id=18026&model=mrp.production&view_type=form'}, {'id': 13085, 'model': 'mrp.production', 'label': '13085', 'url': 'http://10.100.12.145:91/web#id=13085&model=mrp.production&view_type=form'}, {'id': 19302, 'model': 'mrp.production', 'label': '19302', 'url': 'http://10.100.12.145:91/web#id=19302&model=mrp.production&view_type=form'}, {'id': 9340, 'model': 'mrp.production', 'label': '9340', 'url': 'http://10.100.12.145:91/web#id=9340&model=mrp.production&view_type=form'}, {'id': 18528, 'model': 'mrp.production', 'label': '18528', 'url': 'http://10.100.12.145:91/web#id=18528&model=mrp.production&view_type=form'}, {'id': 20867, 'model': 'mrp.production', 'label': '20867', 'url': 'http://10.100.12.145:91/web#id=20867&model=mrp.production&view_type=form'}, {'id': 19300, 'model': 'mrp.production', 'label': '19300', 'url': 'http://10.100.12.145:91/web#id=19300&model=mrp.production&view_type=form'}, {'id': 15847, 'model': 'mrp.production', 'label': '15847', 'url': 'http://10.100.12.145:91/web#id=15847&model=mrp.production&view_type=form'}, {'id': 13705, 'model': 'mrp.production', 'label': '13705', 'url': 'http://10.100.12.145:91/web#id=13705&model=mrp.production&view_type=form'}, {'id': 11782, 'model': 'mrp.production', 'label': '11782', 'url': 'http://10.100.12.145:91/web#id=11782&model=mrp.production&view_type=form'}, {'id': 3564, 'model': 'mrp.production', 'label': '3564', 'url': 'http://10.100.12.145:91/web#id=3564&model=mrp.production&view_type=form'}, {'id': 3565, 'model': 'mrp.production', 'label': '3565', 'url': 'http://10.100.12.145:91/web#id=3565&model=mrp.production&view_type=form'}, {'id': 14327, 'model': 'mrp.production', 'label': '14327', 'url': 'http://10.100.12.145:91/web#id=14327&model=mrp.production&view_type=form'}, {'id': 11781, 'model': 'mrp.production', 'label': '11781', 'url': 'http://10.100.12.145:91/web#id=11781&model=mrp.production&view_type=form'}, {'id': 19295, 'model': 'mrp.production', 'label': '19295', 'url': 'http://10.100.12.145:91/web#id=19295&model=mrp.production&view_type=form'}, {'id': 16525, 'model': 'mrp.production', 'label': '16525', 'url': 'http://10.100.12.145:91/web#id=16525&model=mrp.production&view_type=form'}, {'id': 6082, 'model': 'mrp.production', 'label': '6082', 'url': 'http://10.100.12.145:91/web#id=6082&model=mrp.production&view_type=form'}, {'id': 3838, 'model': 'mrp.production', 'label': '3838', 'url': 'http://10.100.12.145:91/web#id=3838&model=mrp.production&view_type=form'}, {'id': 8661, 'model': 'mrp.production', 'label': '8661', 'url': 'http://10.100.12.145:91/web#id=8661&model=mrp.production&view_type=form'}, {'id': 6334, 'model': 'mrp.production', 'label': '6334', 'url': 'http://10.100.12.145:91/web#id=6334&model=mrp.production&view_type=form'}, {'id': 3562, 'model': 'mrp.production', 'label': '3562', 'url': 'http://10.100.12.145:91/web#id=3562&model=mrp.production&view_type=form'}, {'id': 7901, 'model': 'mrp.production', 'label': '7901', 'url': 'http://10.100.12.145:91/web#id=7901&model=mrp.production&view_type=form'}, {'id': 3839, 'model': 'mrp.production', 'label': '3839', 'url': 'http://10.100.12.145:91/web#id=3839&model=mrp.production&view_type=form'}, {'id': 14328, 'model': 'mrp.production', 'label': '14328', 'url': 'http://10.100.12.145:91/web#id=14328&model=mrp.production&view_type=form'}, {'id': 19303, 'model': 'mrp.production', 'label': '19303', 'url': 'http://10.100.12.145:91/web#id=19303&model=mrp.production&view_type=form'}, {'id': 3623, 'model': 'mrp.production', 'label': '3623', 'url': 'http://10.100.12.145:91/web#id=3623&model=mrp.production&view_type=form'}, {'id': 6558, 'model': 'mrp.production', 'label': '6558', 'url': 'http://10.100.12.145:91/web#id=6558&model=mrp.production&view_type=form'}, {'id': 13802, 'model': 'mrp.production', 'label': '13802', 'url': 'http://10.100.12.145:91/web#id=13802&model=mrp.production&view_type=form'}, {'id': 21107, 'model': 'mrp.production', 'label': '21107', 'url': 'http://10.100.12.145:91/web#id=21107&model=mrp.production&view_type=form'}, {'id': 12257, 'model': 'mrp.production', 'label': '12257', 'url': 'http://10.100.12.145:91/web#id=12257&model=mrp.production&view_type=form'}, {'id': 14326, 'model': 'mrp.production', 'label': '14326', 'url': 'http://10.100.12.145:91/web#id=14326&model=mrp.production&view_type=form'}, {'id': 4986, 'model': 'mrp.production', 'label': '4986', 'url': 'http://10.100.12.145:91/web#id=4986&model=mrp.production&view_type=form'}, {'id': 10343, 'model': 'mrp.production', 'label': '10343', 'url': 'http://10.100.12.145:91/web#id=10343&model=mrp.production&view_type=form'}, {'id': 11064, 'model': 'mrp.production', 'label': '11064', 'url': 'http://10.100.12.145:91/web#id=11064&model=mrp.production&view_type=form'}, {'id': 3566, 'model': 'mrp.production', 'label': '3566', 'url': 'http://10.100.12.145:91/web#id=3566&model=mrp.production&view_type=form'}, {'id': 9650, 'model': 'mrp.production', 'label': '9650', 'url': 'http://10.100.12.145:91/web#id=9650&model=mrp.production&view_type=form'}, {'id': 3884, 'model': 'mrp.production', 'label': '3884', 'url': 'http://10.100.12.145:91/web#id=3884&model=mrp.production&view_type=form'}, {'id': 6332, 'model': 'mrp.production', 'label': '6332', 'url': 'http://10.100.12.145:91/web#id=6332&model=mrp.production&view_type=form'}, {'id': 3537, 'model': 'mrp.production', 'label': '3537', 'url': 'http://10.100.12.145:91/web#id=3537&model=mrp.production&view_type=form'}, {'id': 3622, 'model': 'mrp.production', 'label': '3622', 'url': 'http://10.100.12.145:91/web#id=3622&model=mrp.production&view_type=form'}, {'id': 19920, 'model': 'mrp.production', 'label': '19920', 'url': 'http://10.100.12.145:91/web#id=19920&model=mrp.production&view_type=form'}, {'id': 17615, 'model': 'mrp.production', 'label': '17615', 'url': 'http://10.100.12.145:91/web#id=17615&model=mrp.production&view_type=form'}, {'id': 10365, 'model': 'mrp.production', 'label': '10365', 'url': 'http://10.100.12.145:91/web#id=10365&model=mrp.production&view_type=form'}, {'id': 15519, 'model': 'mrp.production', 'label': '15519', 'url': 'http://10.100.12.145:91/web#id=15519&model=mrp.production&view_type=form'}, {'id': 16774, 'model': 'mrp.production', 'label': '16774', 'url': 'http://10.100.12.145:91/web#id=16774&model=mrp.production&view_type=form'}, {'id': 11783, 'model': 'mrp.production', 'label': '11783', 'url': 'http://10.100.12.145:91/web#id=11783&model=mrp.production&view_type=form'}, {'id': 15520, 'model': 'mrp.production', 'label': '15520', 'url': 'http://10.100.12.145:91/web#id=15520&model=mrp.production&view_type=form'}, {'id': 3567, 'model': 'mrp.production', 'label': '3567', 'url': 'http://10.100.12.145:91/web#id=3567&model=mrp.production&view_type=form'}, {'id': 10144, 'model': 'mrp.production', 'label': '10144', 'url': 'http://10.100.12.145:91/web#id=10144&model=mrp.production&view_type=form'}, {'id': 6566, 'model': 'mrp.production', 'label': '6566', 'url': 'http://10.100.12.145:91/web#id=6566&model=mrp.production&view_type=form'}, {'id': 3546, 'model': 'mrp.production', 'label': '3546', 'url': 'http://10.100.12.145:91/web#id=3546&model=mrp.production&view_type=form'}, {'id': 3895, 'model': 'mrp.production', 'label': '3895', 'url': 'http://10.100.12.145:91/web#id=3895&model=mrp.production&view_type=form'}, {'id': 16323, 'model': 'mrp.production', 'label': '16323', 'url': 'http://10.100.12.145:91/web#id=16323&model=mrp.production&view_type=form'}, {'id': 18570, 'model': 'mrp.production', 'label': '18570', 'url': 'http://10.100.12.145:91/web#id=18570&model=mrp.production&view_type=form'}, {'id': 20315, 'model': 'mrp.production', 'label': '20315', 'url': 'http://10.100.12.145:91/web#id=20315&model=mrp.production&view_type=form'}, {'id': 17165, 'model': 'mrp.production', 'label': '17165', 'url': 'http://10.100.12.145:91/web#id=17165&model=mrp.production&view_type=form'}, {'id': 8496, 'model': 'mrp.production', 'label': '8496', 'url': 'http://10.100.12.145:91/web#id=8496&model=mrp.production&view_type=form'}, {'id': 3624, 'model': 'mrp.production', 'label': '3624', 'url': 'http://10.100.12.145:91/web#id=3624&model=mrp.production&view_type=form'}, {'id': 21760, 'model': 'mrp.production', 'label': '21760', 'url': 'http://10.100.12.145:91/web#id=21760&model=mrp.production&view_type=form'}, {'id': 17186, 'model': 'mrp.production', 'label': '17186', 'url': 'http://10.100.12.145:91/web#id=17186&model=mrp.production&view_type=form'}, {'id': 10342, 'model': 'mrp.production', 'label': '10342', 'url': 'http://10.100.12.145:91/web#id=10342&model=mrp.production&view_type=form'}, {'id': 20556, 'model': 'mrp.production', 'label': '20556', 'url': 'http://10.100.12.145:91/web#id=20556&model=mrp.production&view_type=form'}, {'id': 19010, 'model': 'mrp.production', 'label': '19010', 'url': 'http://10.100.12.145:91/web#id=19010&model=mrp.production&view_type=form'}, {'id': 15654, 'model': 'mrp.production', 'label': '15654', 'url': 'http://10.100.12.145:91/web#id=15654&model=mrp.production&view_type=form'}, {'id': 13081, 'model': 'mrp.production', 'label': '13081', 'url': 'http://10.100.12.145:91/web#id=13081&model=mrp.production&view_type=form'}, {'id': 6865, 'model': 'mrp.production', 'label': '6865', 'url': 'http://10.100.12.145:91/web#id=6865&model=mrp.production&view_type=form'}, {'id': 4492, 'model': 'mrp.production', 'label': '4492', 'url': 'http://10.100.12.145:91/web#id=4492&model=mrp.production&view_type=form'}, {'id': 18791, 'model': 'mrp.production', 'label': '18791', 'url': 'http://10.100.12.145:91/web#id=18791&model=mrp.production&view_type=form'}, {'id': 9033, 'model': 'mrp.production', 'label': '9033', 'url': 'http://10.100.12.145:91/web#id=9033&model=mrp.production&view_type=form'}, {'id': 20555, 'model': 'mrp.production', 'label': '20555', 'url': 'http://10.100.12.145:91/web#id=20555&model=mrp.production&view_type=form'}, {'id': 4305, 'model': 'mrp.production', 'label': '4305', 'url': 'http://10.100.12.145:91/web#id=4305&model=mrp.production&view_type=form'}, {'id': 18027, 'model': 'mrp.production', 'label': '18027', 'url': 'http://10.100.12.145:91/web#id=18027&model=mrp.production&view_type=form'}, {'id': 19958, 'model': 'mrp.production', 'label': '19958', 'url': 'http://10.100.12.145:91/web#id=19958&model=mrp.production&view_type=form'}, {'id': 3523, 'model': 'mrp.production', 'label': '3523', 'url': 'http://10.100.12.145:91/web#id=3523&model=mrp.production&view_type=form'}, {'id': 14040, 'model': 'mrp.production', 'label': '14040', 'url': 'http://10.100.12.145:91/web#id=14040&model=mrp.production&view_type=form'}, {'id': 15048, 'model': 'mrp.production', 'label': '15048', 'url': 'http://10.100.12.145:91/web#id=15048&model=mrp.production&view_type=form'}, {'id': 3568, 'model': 'mrp.production', 'label': '3568', 'url': 'http://10.100.12.145:91/web#id=3568&model=mrp.production&view_type=form'}, {'id': 3545, 'model': 'mrp.production', 'label': '3545', 'url': 'http://10.100.12.145:91/web#id=3545&model=mrp.production&view_type=form'}]
CHART PAYLOAD: None
USER MESSAGE: Mostrami tutti gli ordini di produzione del mese di luglio
ASSISTANT MESSAGE: ## Ordini di produzione - luglio 2026

Ho trovato 177 ordini di produzione pianificati nel mese di luglio 2026. Ti mostro i primi 50 ordini:

| ID | Data di inizio pianificata | Data di consegna | Data ordine | Ubicazione di produzione |
|----|------------------|------------|-----------|---------------------|
| 16771 | 1 luglio 2026 00:00:00 | 1 luglio 2026 | 1 luglio 2026 | Ubicazione virtuale/Produzione |
| 7915 | 1 luglio 2026 06:29:54 | 17 luglio 2026 | 11 giugno 2026 | Ubicazione virtuale/Produzione |
| 10821 | 1 luglio 2026 07:10:46 | 24 agosto 2026 | 11 giugno 2026 | Ubicazione virtuale/Produzione |
| 13077 | 1 luglio 2026 07:26:36 | 24 agosto 2026 | 9 giugno 2026 | Ubicazione virtuale/Produzione |
| 6333 | 1 luglio 2026 10:29:32 | 11 giugno 2026 | 29 giugno 2026 | Ubicazione virtuale/Produzione |
| 14814 | 1 luglio 2026 10:32:36 | - | 20 giugno 2026 | Ubicazione virtuale/Produzione |
| 15047 | 1 luglio 2026 13:57:01 | 4 settembre 2026 | 16 giugno 2026 | Ubicazione virtuale/Produzione |
| 21394 | 1 luglio 2026 14:00:27 | 11 settembre 2026 | 29 giugno 2026 | Ubicazione virtuale/Produzione |
| 6567 | 1 luglio 2026 14:54:03 | 3 settembre 2026 | 26 maggio 2026 | Ubicazione virtuale/Produzione |
| 20050 | 1 luglio 2026 18:43:22 | 31 luglio 2026 | 3 giugno 2026 | Ubicazione virtuale/Produzione |
| 3553 | 2 luglio 2026 00:00:00 | - | 2 luglio 2026 | Ubicazione virtuale/Produzione |
| 20553 | 2 luglio 2026 00:00:00 | 5 ottobre 2026 | 2 luglio 2026 | Ubicazione virtuale/Produzione |
| 3616 | 2 luglio 2026 00:00:00 | 11 settembre 2026 | 2 luglio 2026 | Ubicazione virtuale/Produzione |
| 20316 | 2 luglio 2026 06:58:32 | 6 luglio 2026 | 24 aprile 2026 | Ubicazione virtuale/Produzione |
| 10628 | 2 luglio 2026 07:18:03 | 28 febbraio 2027 | 14 giugno 2026 | Ubicazione virtuale/Produzione |
| 3890 | 2 luglio 2026 08:10:39 | 5 settembre 2026 | 24 giugno 2026 | Ubicazione virtuale/Produzione |
| 10143 | 2 luglio 2026 11:02:02 | - | 30 aprile 2026 | Ubicazione virtuale/Produzione |
| 6073 | 2 luglio 2026 11:55:07 | 22 giugno 2026 | 27 aprile 2026 | Ubicazione virtuale/Produzione |
| 7232 | 2 luglio 2026 14:03:25 | 28 luglio 2026 | 11 giugno 2026 | Ubicazione virtuale/Produzione |
| 11039 | 2 luglio 2026 14:43:38 | 15 settembre 2026 | 15 giugno 2026 | Ubicazione virtuale/Produzione |
| 9649 | 2 luglio 2026 14:45:55 | 20 giugno 2026 | 4 giugno 2026 | Ubicazione virtuale/Produzione |
| 15516 | 3 luglio 2026 00:00:00 | 11 settembre 2026 | 3 luglio 2026 | Ubicazione virtuale/Produzione |
| 3896 | 3 luglio 2026 00:00:00 | 18 settembre 2026 | 3 luglio 2026 | Ubicazione virtuale/Produzione |
| 18022 | 3 luglio 2026 00:00:00 | 18 settembre 2026 | 3 luglio 2026 | Ubicazione virtuale/Produzione |
| 3555 | 3 luglio 2026 00:00:00 | 25 luglio 2026 | 3 luglio 2026 | Ubicazione virtuale/Produzione |
| 5458 | 3 luglio 2026 07:38:18 | 25 luglio 2026 | 30 maggio 2026 | Ubicazione virtuale/Produzione |
| 14047 | 3 luglio 2026 13:01:35 | - | 29 aprile 2026 | Ubicazione virtuale/Produzione |
| 21764 | 4 luglio 2026 00:00:00 | 20 luglio 2026 | 4 luglio 2026 | Ubicazione virtuale/Produzione |
| 3617 | 4 luglio 2026 00:00:00 | 20 luglio 2026 | 4 luglio 2026 | Ubicazione virtuale/Produzione |
| 14324 | 4 luglio 2026 00:00:00 | 20 luglio 2026 | 4 luglio 2026 | Ubicazione virtuale/Produzione |
| 3609 | 4 luglio 2026 06:20:27 | 24 luglio 2026 | 9 giugno 2026 | Ubicazione virtuale/Produzione |
| 3898 | 6 luglio 2026 00:00:00 | - | 6 luglio 2026 | Ubicazione virtuale/Produzione |
| 13083 | 6 luglio 2026 00:00:00 | 18 settembre 2026 | 6 luglio 2026 | Ubicazione virtuale/Produzione |
| 19299 | 6 luglio 2026 00:00:00 | 18 settembre 2026 | 6 luglio 2026 | Ubicazione virtuale/Produzione |
| 3897 | 6 luglio 2026 00:00:00 | 18 settembre 2026 | 6 luglio 2026 | Ubicazione virtuale/Produzione |
| 3619 | 6 luglio 2026 00:00:00 | 18 settembre 2026 | 6 luglio 2026 | Ubicazione virtuale/Produzione |
| 3556 | 6 luglio 2026 00:00:00 | 3 ottobre 2026 | 6 luglio 2026 | Ubicazione virtuale/Produzione |
| 19298 | 6 luglio 2026 00:00:00 | 18 settembre 2026 | 6 luglio 2026 | Ubicazione virtuale/Produzione |
| 6113 | 6 luglio 2026 07:00:12 | 15 giugno 2026 | 26 marzo 2026 | Ubicazione virtuale/Produzione |
| 15679 | 6 luglio 2026 08:07:28 | 18 settembre 2026 | 3 luglio 2026 | Ubicazione virtuale/Produzione |
| 14320 | 6 luglio 2026 09:29:04 | 8 ottobre 2026 | 29 maggio 2026 | Ubicazione virtuale/Produzione |
| 8029 | 6 luglio 2026 10:26:13 | 15 giugno 2026 | 14 giugno 2026 | Ubicazione virtuale/Produzione |
| 3554 | 6 luglio 2026 14:07:44 | 8 luglio 2026 | 3 luglio 2026 | Ubicazione virtuale/Produzione |
| 17161 | 6 luglio 2026 14:16:17 | 24 luglio 2026 | 26 maggio 2026 | Ubicazione virtuale/Produzione |
| 16875 | 6 luglio 2026 18:16:29 | 17 luglio 2026 | 18 maggio 2026 | Ubicazione virtuale/Produzione |
| 12048 | 6 luglio 2026 18:59:26 | 15 giugno 2026 | 27 aprile 2026 | Ubicazione virtuale/Produzione |
| 3557 | 7 luglio 2026 00:00:00 | 25 settembre 2026 | 7 luglio 2026 | Ubicazione virtuale/Produzione |
| 3558 | 7 luglio 2026 00:00:00 | 25 settembre 2026 | 7 luglio 2026 | Ubicazione virtuale/Produzione |
| 16772 | 7 luglio 2026 00:00:00 | 15 ottobre 2026 | 7 luglio 2026 | Ubicazione virtuale/Produzione |
| 3899 | 7 luglio 2026 00:00:00 | 15 ottobre 2026 | 7 luglio 2026 | Ubicazione virtuale/Produzione |

**Nota:** Sono stati trovati 177 ordini di produzione in totale per il mese di luglio 2026. I primi 50 ordini sono mostrati sopra. Gli ordini sono distribuiti in tutta la prima metà di luglio, con alcune date di consegna che si estendono fino ad agosto e settembre 2026.
USER MESSAGE SAVED
ASSISTANT MESSAGE SAVED
CONVERSATION TITLE UPDATED: Mostrami tutti gli ordini di produzione del mese di luglio
MESSAGES CURRENTLY IN DB: 2
 - user : Mostrami tutti gli ordini di produzione del mese di luglio
 - assistant : ## Ordini di produzione - luglio 2026

Ho trovato 177 ordini di produzione pianificati nel mese di luglio 2026. Ti mostro i primi 50 ordini:

| ID | Data di inizio pianificata | Data di consegna | Data ordine | Ubicazione di produzione |
|----|------------------|------------|-----------|---------------------|
| 16771 | 1 luglio 2026 00:00:00 | 1 luglio 2026 | 1 luglio 2026 | Ubicazione virtuale/Produzione |
| 7915 | 1 luglio 2026 06:29:54 | 17 luglio 2026 | 11 giugno 2026 | Ubicazione virtuale/Produzione |
| 10821 | 1 luglio 2026 07:10:46 | 24 agosto 2026 | 11 giugno 2026 | Ubicazione virtuale/Produzione |
| 13077 | 1 luglio 2026 07:26:36 | 24 agosto 2026 | 9 giugno 2026 | Ubicazione virtuale/Produzione |
| 6333 | 1 luglio 2026 10:29:32 | 11 giugno 2026 | 29 giugno 2026 | Ubicazione virtuale/Produzione |
| 14814 | 1 luglio 2026 10:32:36 | - | 20 giugno 2026 | Ubicazione virtuale/Produzione |
| 15047 | 1 luglio 2026 13:57:01 | 4 settembre 2026 | 16 giugno 2026 | Ubicazione virtuale/Produzione |
| 21394 | 1 luglio 2026 14:00:27 | 11 settembre 2026 | 29 giugno 2026 | Ubicazione virtuale/Produzione |
| 6567 | 1 luglio 2026 14:54:03 | 3 settembre 2026 | 26 maggio 2026 | Ubicazione virtuale/Produzione |
| 20050 | 1 luglio 2026 18:43:22 | 31 luglio 2026 | 3 giugno 2026 | Ubicazione virtuale/Produzione |
| 3553 | 2 luglio 2026 00:00:00 | - | 2 luglio 2026 | Ubicazione virtuale/Produzione |
| 20553 | 2 luglio 2026 00:00:00 | 5 ottobre 2026 | 2 luglio 2026 | Ubicazione virtuale/Produzione |
| 3616 | 2 luglio 2026 00:00:00 | 11 settembre 2026 | 2 luglio 2026 | Ubicazione virtuale/Produzione |
| 20316 | 2 luglio 2026 06:58:32 | 6 luglio 2026 | 24 aprile 2026 | Ubicazione virtuale/Produzione |
| 10628 | 2 luglio 2026 07:18:03 | 28 febbraio 2027 | 14 giugno 2026 | Ubicazione virtuale/Produzione |
| 3890 | 2 luglio 2026 08:10:39 | 5 settembre 2026 | 24 giugno 2026 | Ubicazione virtuale/Produzione |
| 10143 | 2 luglio 2026 11:02:02 | - | 30 aprile 2026 | Ubicazione virtuale/Produzione |
| 6073 | 2 luglio 2026 11:55:07 | 22 giugno 2026 | 27 aprile 2026 | Ubicazione virtuale/Produzione |
| 7232 | 2 luglio 2026 14:03:25 | 28 luglio 2026 | 11 giugno 2026 | Ubicazione virtuale/Produzione |
| 11039 | 2 luglio 2026 14:43:38 | 15 settembre 2026 | 15 giugno 2026 | Ubicazione virtuale/Produzione |
| 9649 | 2 luglio 2026 14:45:55 | 20 giugno 2026 | 4 giugno 2026 | Ubicazione virtuale/Produzione |
| 15516 | 3 luglio 2026 00:00:00 | 11 settembre 2026 | 3 luglio 2026 | Ubicazione virtuale/Produzione |
| 3896 | 3 luglio 2026 00:00:00 | 18 settembre 2026 | 3 luglio 2026 | Ubicazione virtuale/Produzione |
| 18022 | 3 luglio 2026 00:00:00 | 18 settembre 2026 | 3 luglio 2026 | Ubicazione virtuale/Produzione |
| 3555 | 3 luglio 2026 00:00:00 | 25 luglio 2026 | 3 luglio 2026 | Ubicazione virtuale/Produzione |
| 5458 | 3 luglio 2026 07:38:18 | 25 luglio 2026 | 30 maggio 2026 | Ubicazione virtuale/Produzione |
| 14047 | 3 luglio 2026 13:01:35 | - | 29 aprile 2026 | Ubicazione virtuale/Produzione |
| 21764 | 4 luglio 2026 00:00:00 | 20 luglio 2026 | 4 luglio 2026 | Ubicazione virtuale/Produzione |
| 3617 | 4 luglio 2026 00:00:00 | 20 luglio 2026 | 4 luglio 2026 | Ubicazione virtuale/Produzione |
| 14324 | 4 luglio 2026 00:00:00 | 20 luglio 2026 | 4 luglio 2026 | Ubicazione virtuale/Produzione |
| 3609 | 4 luglio 2026 06:20:27 | 24 luglio 2026 | 9 giugno 2026 | Ubicazione virtuale/Produzione |
| 3898 | 6 luglio 2026 00:00:00 | - | 6 luglio 2026 | Ubicazione virtuale/Produzione |
| 13083 | 6 luglio 2026 00:00:00 | 18 settembre 2026 | 6 luglio 2026 | Ubicazione virtuale/Produzione |
| 19299 | 6 luglio 2026 00:00:00 | 18 settembre 2026 | 6 luglio 2026 | Ubicazione virtuale/Produzione |
| 3897 | 6 luglio 2026 00:00:00 | 18 settembre 2026 | 6 luglio 2026 | Ubicazione virtuale/Produzione |
| 3619 | 6 luglio 2026 00:00:00 | 18 settembre 2026 | 6 luglio 2026 | Ubicazione virtuale/Produzione |
| 3556 | 6 luglio 2026 00:00:00 | 3 ottobre 2026 | 6 luglio 2026 | Ubicazione virtuale/Produzione |
| 19298 | 6 luglio 2026 00:00:00 | 18 settembre 2026 | 6 luglio 2026 | Ubicazione virtuale/Produzione |
| 6113 | 6 luglio 2026 07:00:12 | 15 giugno 2026 | 26 marzo 2026 | Ubicazione virtuale/Produzione |
| 15679 | 6 luglio 2026 08:07:28 | 18 settembre 2026 | 3 luglio 2026 | Ubicazione virtuale/Produzione |
| 14320 | 6 luglio 2026 09:29:04 | 8 ottobre 2026 | 29 maggio 2026 | Ubicazione virtuale/Produzione |
| 8029 | 6 luglio 2026 10:26:13 | 15 giugno 2026 | 14 giugno 2026 | Ubicazione virtuale/Produzione |
| 3554 | 6 luglio 2026 14:07:44 | 8 luglio 2026 | 3 luglio 2026 | Ubicazione virtuale/Produzione |
| 17161 | 6 luglio 2026 14:16:17 | 24 luglio 2026 | 26 maggio 2026 | Ubicazione virtuale/Produzione |
| 16875 | 6 luglio 2026 18:16:29 | 17 luglio 2026 | 18 maggio 2026 | Ubicazione virtuale/Produzione |
| 12048 | 6 luglio 2026 18:59:26 | 15 giugno 2026 | 27 aprile 2026 | Ubicazione virtuale/Produzione |
| 3557 | 7 luglio 2026 00:00:00 | 25 settembre 2026 | 7 luglio 2026 | Ubicazione virtuale/Produzione |
| 3558 | 7 luglio 2026 00:00:00 | 25 settembre 2026 | 7 luglio 2026 | Ubicazione virtuale/Produzione |
| 16772 | 7 luglio 2026 00:00:00 | 15 ottobre 2026 | 7 luglio 2026 | Ubicazione virtuale/Produzione |
| 3899 | 7 luglio 2026 00:00:00 | 15 ottobre 2026 | 7 luglio 2026 | Ubicazione virtuale/Produzione |

**Nota:** Sono stati trovati 177 ordini di produzione in totale per il mese di luglio 2026. I primi 50 ordini sono mostrati sopra. Gli ordini sono distribuiti in tutta la prima metà di luglio, con alcune date di consegna che si estendono fino ad agosto e settembre 2026.

===== GRAPH RESULT =====
MESSAGES: 1
CURRENT REQUEST: Mostrami tutti gli ordini di produzione del mese di luglio
SUB_REQUESTS: ['Mostrami tutti gli ordini di produzione del mese di luglio']
SCOPE ALLOWED: True

===== PLAN =====
MODEL: mrp.production
METHOD: search_read
DOMAIN: None
FIELDS: None
ORDER: None
LIMIT: None

===== ODOO RESULTS SUMMARY =====
QUERIES: 1
--------------------------------------------
INDEX: 1
SUCCESS: True
MODEL: mrp.production
METHOD: search_read
DOMAIN: [['date_planned_start', '>=', '2026-07-01 00:00:00'], ['date_planned_start', '<', '2026-08-01 00:00:00']]
RESULT TYPE: records
TOTAL: 177
RETURNED: 177
LIMIT: 0
PAGES: 1
HAS MORE: False
FIRST RECORD: {'id': 16771, 'origin': False, 'siint_date_order': '2026-07-01', 'date_planned_deadline': False, 'date_planned_start': '2026-07-01 00:00:00', 'delivery_date': '2026-07-01', 'order_line_id': False, 'activity_state': False, 'production_location_id': [7, 'Ubicazione virtuale/Produzione']}
SECOND RECORD: {'id': 7915, 'origin': False, 'siint_date_order': '2026-06-11', 'date_planned_deadline': False, 'date_planned_start': '2026-07-01 06:29:54', 'delivery_date': '2026-07-17', 'order_line_id': False, 'activity_state': False, 'production_location_id': [7, 'Ubicazione virtuale/Produzione']}

===== RESPONSE =====
STATUS: GENERATED
LENGTH: 5613
PREVIEW: ## Ordini di produzione - luglio 2026  Ho trovato 177 ordini di produzione pianificati nel mese di luglio 2026. Ti mostro i primi 50 ordini:  | ID | Data di inizio pianificata | Data di consegna | Data ordine | Ubicazione di produzione | |----|------------------|------------|-----------|------------...

===== CHART ANALYZER =====
SHOULD RENDER: False

===== CHAT REQUEST =====
MESSAGE: Mostrami gli ultimi 10 ordini di produzione di luglio
CONVERSATION: <redacted>

===== ODOO SESSION =====
STATUS: ACTIVE

===== CARICAMENTO MEMORIA PORTANT =====
USER ID: 1
DATABASE: DM-26CPT001_TEST_IMPORT_20260724
CONVERSATION ID: 4bf89d51-9df3-4137-9101-3b0ca60094fa
MESSAGES LOADED: 0
MEMORY LOAD: nessun messaggio

===== REQUEST SPLITTER NODE =====
INPUT: Mostrami gli ultimi 10 ordini di produzione di luglio

===== REQUEST SPLITTER =====
INPUT: Mostrami gli ultimi 10 ordini di produzione di luglio

===== SEMANTIC SCOPE =====
SCOPE: IN_SCOPE
CONFIDENCE: 0.95
CONTINUATION: False
INTENT FAMILY: richiesta dati produzione
CONCEPTS: ['ordini di produzione', 'periodi temporali', 'quantità e valori']
REASON: Richiesta di mostrare gli ultimi 10 ordini di produzione per il mese di luglio, che rientra nei dati aziendali di Portant.

===== SCOPE DECISION =====
SCOPE: IN_SCOPE
IN SCOPE: True
CONTINUATION: False
CONCEPTS: ['ordini di produzione', 'periodi temporali', 'quantità e valori']
REQUEST COUNT: 1
REQUEST 1: Mostrami gli ultimi 10 ordini di produzione di luglio

===== SCOPE DECISION =====
SCOPE: IN_SCOPE
IN SCOPE: True
CONFIDENCE: 0.95
CONTINUATION: False
INTENT FAMILY: richiesta dati produzione
CONCEPTS: ['ordini di produzione', 'periodi temporali', 'quantità e valori']
REQUEST COUNT: 1
REASON: Richiesta di mostrare gli ultimi 10 ordini di produzione per il mese di luglio, che rientra nei dati aziendali di Portant.
EVIDENCE: ["La richiesta contiene 'ordini di produzione' (produzione) e 'luglio' (periodo temporale)", "L'espressione 'ultimi 10' indica una richiesta di quantità"]
REQUEST 1: Mostrami gli ultimi 10 ordini di produzione di luglio

===== GRAPH ROUTE SCOPE =====
SCOPE: IN_SCOPE

===== PLANNER SEMANTIC CONTEXT =====
CONCEPTS: []

===== PLANNER GLOBAL ATTEMPT STATE =====
ATTEMPTS ALREADY CONSUMED: 0
EXECUTION FEEDBACK: []

===== PLANNER PREVIOUS RETRY CONTEXT =====
RETRY HISTORY: []

===== PLANNER TEMPORAL CONTEXT =====
CURRENT DATETIME: 2026-09-18T11:01:28+02:00
CURRENT DATE: 2026-09-18
CURRENT TIME: 11:01:28
TIMEZONE: Europe/Rome
UTC OFFSET: +0200

===== CHIAMATA PORTANT (call_kw) =====
URL: http://10.100.12.145:91/web/dataset/call_kw/ir.model/search_read
MODELLO: ir.model
METHOD: search_read
ARGS: [[]]
KWARGS: {'fields': ['id', 'model', 'name', 'state'], 'limit': 0, 'order': 'model asc'}

===== RISPOSTA PORTANT (call_kw) =====
HTTP STATUS: 200

===== MODEL SEARCH INDEX =====
QUERY: Mostrami gli ultimi 10 ordini di produzione di luglio
MODELS LOADED: 518
MATCHED MODELS: 8

===== SEMANTIC QUERY EXPANSION =====
INPUT: Mostrami gli ultimi 10 ordini di produzione di luglio
QUERIES: ['production order', 'production orders', 'manufacturing order', 'manufacturing orders', 'july', 'july month', 'last', 'limit', 'top 10', 'date']
CONCEPTS: [{'concept': 'production order', 'queries': ['production order', 'production orders', 'manufacturing order', 'manufacturing orders']}, {'concept': 'july', 'queries': ['july', 'july month']}]

===== MODEL SEARCH INDEX =====
QUERY: production order
MODELS LOADED: 518
MATCHED MODELS: 67

===== MODEL SEARCH INDEX =====
QUERY: production orders
MODELS LOADED: 518
MATCHED MODELS: 62

===== MODEL SEARCH INDEX =====
QUERY: manufacturing order
MODELS LOADED: 518
MATCHED MODELS: 25

===== MODEL SEARCH INDEX =====
QUERY: manufacturing orders
MODELS LOADED: 518
MATCHED MODELS: 18

===== MODEL SEARCH INDEX =====
QUERY: july
MODELS LOADED: 518
MATCHED MODELS: 0

===== MODEL SEARCH INDEX =====
QUERY: july month
MODELS LOADED: 518
MATCHED MODELS: 0

===== MODEL SEARCH INDEX =====
QUERY: last
MODELS LOADED: 518
MATCHED MODELS: 0

===== MODEL SEARCH INDEX =====
QUERY: limit
MODELS LOADED: 518
MATCHED MODELS: 0

===== MODEL SEARCH INDEX =====
QUERY: top 10
MODELS LOADED: 518
MATCHED MODELS: 0

===== MODEL SEARCH INDEX =====
QUERY: date
MODELS LOADED: 518
MATCHED MODELS: 10

===== SEMANTIC MODEL CONTEXT =====
REQUEST SEMANTIC CONCEPTS: [{'concept': 'production order', 'queries': ['production order', 'production orders', 'manufacturing order', 'manufacturing orders']}, {'concept': 'july', 'queries': ['july', 'july month']}]
MODEL: date.range
SEMANTIC QUERIES: ['date']
SEMANTIC CONCEPTS: []
REQUEST CONCEPTS: [{'concept': 'production order', 'queries': ['production order', 'production orders', 'manufacturing order', 'manufacturing orders']}, {'concept': 'july', 'queries': ['july', 'july month']}]
MODEL: date.range.generator
SEMANTIC QUERIES: ['date']
SEMANTIC CONCEPTS: []
REQUEST CONCEPTS: [{'concept': 'production order', 'queries': ['production order', 'production orders', 'manufacturing order', 'manufacturing orders']}, {'concept': 'july', 'queries': ['july', 'july month']}]
MODEL: date.range.type
SEMANTIC QUERIES: ['date']
SEMANTIC CONCEPTS: []
REQUEST CONCEPTS: [{'concept': 'production order', 'queries': ['production order', 'production orders', 'manufacturing order', 'manufacturing orders']}, {'concept': 'july', 'queries': ['july', 'july month']}]
MODEL: ir.qweb.field.date
SEMANTIC QUERIES: ['date']
SEMANTIC CONCEPTS: []
REQUEST CONCEPTS: [{'concept': 'production order', 'queries': ['production order', 'production orders', 'manufacturing order', 'manufacturing orders']}, {'concept': 'july', 'queries': ['july', 'july month']}]
MODEL: ir.sequence.date_range
SEMANTIC QUERIES: ['date']
SEMANTIC CONCEPTS: []
REQUEST CONCEPTS: [{'concept': 'production order', 'queries': ['production order', 'production orders', 'manufacturing order', 'manufacturing orders']}, {'concept': 'july', 'queries': ['july', 'july month']}]
MODEL: mrp.split.wizard
SEMANTIC QUERIES: ['manufacturing order', 'manufacturing orders']
SEMANTIC CONCEPTS: [{'concept': 'production order', 'queries': ['production order', 'production orders', 'manufacturing order', 'manufacturing orders']}]
REQUEST CONCEPTS: [{'concept': 'production order', 'queries': ['production order', 'production orders', 'manufacturing order', 'manufacturing orders']}, {'concept': 'july', 'queries': ['july', 'july month']}]
MODEL: base.update.translations
SEMANTIC QUERIES: ['date']
SEMANTIC CONCEPTS: []
REQUEST CONCEPTS: [{'concept': 'production order', 'queries': ['production order', 'production orders', 'manufacturing order', 'manufacturing orders']}, {'concept': 'july', 'queries': ['july', 'july month']}]
MODEL: ir.qweb.field.datetime
SEMANTIC QUERIES: ['date']
SEMANTIC CONCEPTS: []
REQUEST CONCEPTS: [{'concept': 'production order', 'queries': ['production order', 'production orders', 'manufacturing order', 'manufacturing orders']}, {'concept': 'july', 'queries': ['july', 'july month']}]

===== SEMANTIC MODEL RESULTS =====
INPUT: Mostrami gli ultimi 10 ordini di produzione di luglio
 - date.range | Date Range | score: 24.0
 - date.range.generator | Date Range Generator | score: 24.0
 - date.range.type | Date Range Type | score: 24.0
 - ir.qweb.field.date | ir.qweb.field.date | score: 24.0
 - ir.sequence.date_range | ir.sequence.date_range | score: 24.0
 - mrp.split.wizard | Split Manufacturing Order Wizard | score: 18.0
 - base.update.translations | base.update.translations | score: 17.5
 - ir.qweb.field.datetime | ir.qweb.field.datetime | score: 17.5

===== DYNAMIC MODEL DISCOVERY =====
QUERY: Mostrami gli ultimi 10 ordini di produzione di luglio
REQUEST SEMANTIC CONCEPTS: []
CANDIDATES:
 - date.range | Date Range | score: 24.0
   semantic concepts: []
   request concepts: [{'concept': 'production order', 'queries': ['production order', 'production orders', 'manufacturing order', 'manufacturing orders']}, {'concept': 'july', 'queries': ['july', 'july month']}]
 - date.range.generator | Date Range Generator | score: 24.0
   semantic concepts: []
   request concepts: [{'concept': 'production order', 'queries': ['production order', 'production orders', 'manufacturing order', 'manufacturing orders']}, {'concept': 'july', 'queries': ['july', 'july month']}]
 - date.range.type | Date Range Type | score: 24.0
   semantic concepts: []
   request concepts: [{'concept': 'production order', 'queries': ['production order', 'production orders', 'manufacturing order', 'manufacturing orders']}, {'concept': 'july', 'queries': ['july', 'july month']}]
 - ir.qweb.field.date | ir.qweb.field.date | score: 24.0
   semantic concepts: []
   request concepts: [{'concept': 'production order', 'queries': ['production order', 'production orders', 'manufacturing order', 'manufacturing orders']}, {'concept': 'july', 'queries': ['july', 'july month']}]
 - ir.sequence.date_range | ir.sequence.date_range | score: 24.0
   semantic concepts: []
   request concepts: [{'concept': 'production order', 'queries': ['production order', 'production orders', 'manufacturing order', 'manufacturing orders']}, {'concept': 'july', 'queries': ['july', 'july month']}]
 - mrp.split.wizard | Split Manufacturing Order Wizard | score: 18.0
   semantic concepts: [{'concept': 'production order', 'queries': ['production order', 'production orders', 'manufacturing order', 'manufacturing orders']}]
   request concepts: [{'concept': 'production order', 'queries': ['production order', 'production orders', 'manufacturing order', 'manufacturing orders']}, {'concept': 'july', 'queries': ['july', 'july month']}]
 - base.update.translations | base.update.translations | score: 17.5
   semantic concepts: []
   request concepts: [{'concept': 'production order', 'queries': ['production order', 'production orders', 'manufacturing order', 'manufacturing orders']}, {'concept': 'july', 'queries': ['july', 'july month']}]
 - ir.qweb.field.datetime | ir.qweb.field.datetime | score: 17.5
   semantic concepts: []
   request concepts: [{'concept': 'production order', 'queries': ['production order', 'production orders', 'manufacturing order', 'manufacturing orders']}, {'concept': 'july', 'queries': ['july', 'july month']}]

===== PLANNER ATTEMPT =====
ATTEMPT: 1 / 4

===== DYNAMIC MODEL CANDIDATES AVAILABLE =====
 - date.range | Date Range | score: 24.0 | concepts: [] | request concepts: [{'concept': 'production order', 'queries': ['production order', 'production orders', 'manufacturing order', 'manufacturing orders']}, {'concept': 'july', 'queries': ['july', 'july month']}]
 - date.range.generator | Date Range Generator | score: 24.0 | concepts: [] | request concepts: [{'concept': 'production order', 'queries': ['production order', 'production orders', 'manufacturing order', 'manufacturing orders']}, {'concept': 'july', 'queries': ['july', 'july month']}]
 - date.range.type | Date Range Type | score: 24.0 | concepts: [] | request concepts: [{'concept': 'production order', 'queries': ['production order', 'production orders', 'manufacturing order', 'manufacturing orders']}, {'concept': 'july', 'queries': ['july', 'july month']}]
 - ir.qweb.field.date | ir.qweb.field.date | score: 24.0 | concepts: [] | request concepts: [{'concept': 'production order', 'queries': ['production order', 'production orders', 'manufacturing order', 'manufacturing orders']}, {'concept': 'july', 'queries': ['july', 'july month']}]
 - ir.sequence.date_range | ir.sequence.date_range | score: 24.0 | concepts: [] | request concepts: [{'concept': 'production order', 'queries': ['production order', 'production orders', 'manufacturing order', 'manufacturing orders']}, {'concept': 'july', 'queries': ['july', 'july month']}]
 - mrp.split.wizard | Split Manufacturing Order Wizard | score: 18.0 | concepts: [{'concept': 'production order', 'queries': ['production order', 'production orders', 'manufacturing order', 'manufacturing orders']}] | request concepts: [{'concept': 'production order', 'queries': ['production order', 'production orders', 'manufacturing order', 'manufacturing orders']}, {'concept': 'july', 'queries': ['july', 'july month']}]
 - base.update.translations | base.update.translations | score: 17.5 | concepts: [] | request concepts: [{'concept': 'production order', 'queries': ['production order', 'production orders', 'manufacturing order', 'manufacturing orders']}, {'concept': 'july', 'queries': ['july', 'july month']}]
 - ir.qweb.field.datetime | ir.qweb.field.datetime | score: 17.5 | concepts: [] | request concepts: [{'concept': 'production order', 'queries': ['production order', 'production orders', 'manufacturing order', 'manufacturing orders']}, {'concept': 'july', 'queries': ['july', 'july month']}]

===== QUERY NORMALIZATION =====
CURRENT REQUEST: Mostrami gli ultimi 10 ordini di produzione di luglio
AGGREGATION: {'is_aggregation': False, 'grouping_field': None, 'has_explicit_grouping': False, 'has_ranking': False, 'aggregation_hits': 0, 'detail_hits': 0}
TOTAL COUNT REQUEST: False
USE READ_GROUP: False
EXPLICIT MODEL: None
MODEL: mrp.production
METHOD: search_read
EXPLICIT LIMIT: 10
FINAL DOMAIN: [['create_date', '>=', '2026-07-01 00:00:00'], ['create_date', '<', '2026-08-01 00:00:00']]
FINAL PARAMS: {'domain': [['create_date', '>=', '2026-07-01 00:00:00'], ['create_date', '<', '2026-08-01 00:00:00']], 'fields': [], 'limit': 10, 'order': 'create_date desc'}

===== CHIAMATA PORTANT (call_kw) =====
URL: http://10.100.12.145:91/web/dataset/call_kw/mrp.production/fields_view_get
MODELLO: mrp.production
METHOD: fields_view_get
ARGS: []
KWARGS: {'view_type': 'tree', 'toolbar': False, 'submenu': False}

===== RISPOSTA PORTANT (call_kw) =====
HTTP STATUS: 200

===== ODOO TREE VIEW DISCOVERED =====
MODEL: mrp.production
VIEW ID: 635
VIEW STRING: Manufacturing Orders
DEFAULT ORDER: date_planned_start desc
VIEW FIELDS: ['message_needaction', 'name', 'date_planned_start', 'date_planned_finished', 'product_id', 'product_qty', 'product_uom_id', 'availability', 'routing_id', 'time_cycle', 'origin', 'state']
VISIBLE FIELDS: ['name', 'date_planned_start', 'date_planned_finished', 'product_id', 'product_qty', 'product_uom_id', 'availability', 'routing_id', 'time_cycle', 'state']

===== PLANNER PROPOSAL ACCEPTED =====
ATTEMPT: 1

===== GRAPH ROUTE PLANNER =====
SINGLE PLAN FOUND
PLAN: {'agent': 'odoo', 'action': 'odoo_api_tool', 'domain': None, 'parameters': {'model': 'mrp.production', 'method': 'search_read', 'params': {'domain': [['create_date', '>=', '2026-07-01 00:00:00'], ['create_date', '<', '2026-08-01 00:00:00']], 'fields': [], 'limit': 10, 'order': 'create_date desc'}}}
ROUTE: odoo

===== MULTI ODOO PLAN FALLBACK =====
Nessun 'plans' disponibile.
Uso state['plan'] come singola query.

===== PLANNER EXECUTION ATTEMPT =====
CURRENT ATTEMPT: 1

===== MULTI Portant EXECUTION =====
TOTAL PLANS: 1

============================================
===== Portant QUERY 1 =====
REQUEST: Mostrami gli ultimi 10 ordini di produzione di luglio
MODEL: mrp.production
METHOD: search_read
Portant DYNAMIC AGENT ESEGUITO

===== ODOO AGENT SEMANTIC CONTEXT =====
DYNAMIC MODEL CANDIDATES: 8
SEMANTIC CONCEPTS: [{'concept': 'production order', 'queries': ['production order', 'production orders', 'manufacturing order', 'manufacturing orders']}, {'concept': 'july', 'queries': ['july', 'july month']}]

===== Portant PLAN =====
{'agent': 'odoo', 'action': 'odoo_api_tool', 'domain': [['create_date', '>=', '2026-07-01 00:00:00'], ['create_date', '<', '2026-08-01 00:00:00']], 'parameters': {'model': 'mrp.production', 'method': 'search_read', 'params': {'domain': [['create_date', '>=', '2026-07-01 00:00:00'], ['create_date', '<', '2026-08-01 00:00:00']], 'fields': [], 'limit': 10, 'order': 'create_date desc'}}}

===== MODEL DISCOVERY =====
MODEL: mrp.production
MODEL FOUND IN STATIC CATALOG
STATIC CATALOG USED ONLY AS MODEL POLICY
LOADING REAL ODOO FIELD METADATA...

===== CHIAMATA PORTANT (call_kw) =====
URL: http://10.100.12.145:91/web/dataset/call_kw/mrp.production/fields_view_get
MODELLO: mrp.production
METHOD: fields_view_get
ARGS: []
KWARGS: {'view_type': 'tree', 'toolbar': False, 'submenu': False}

===== RISPOSTA PORTANT (call_kw) =====
HTTP STATUS: 200

===== ODOO TREE VIEW DISCOVERED =====
MODEL: mrp.production
VIEW ID: 635
VIEW STRING: Manufacturing Orders
DEFAULT ORDER: date_planned_start desc
VIEW FIELDS: ['message_needaction', 'name', 'date_planned_start', 'date_planned_finished', 'product_id', 'product_qty', 'product_uom_id', 'availability', 'routing_id', 'time_cycle', 'origin', 'state']
VISIBLE FIELDS: ['name', 'date_planned_start', 'date_planned_finished', 'product_id', 'product_qty', 'product_uom_id', 'availability', 'routing_id', 'time_cycle', 'state']

===== ODOO FIELD METADATA LOADED =====
MODEL: mrp.production
FIELDS: 119

===== DYNAMIC RELATION FIELDS =====
 - activity_type_id | Next Activity Type | relation: mail.activity.type
 - activity_user_id | Responsible | relation: res.users
 - bom_id | Bill of Material | relation: mrp.bom
 - bom_version_id | Bom Version | relation: mrp.bom.versioning
 - company_id | Company | relation: res.company
 - create_uid | Created by | relation: res.users
 - final_lot_id | Lotto/Numero Seriale | relation: stock.production.lot
 - location_dest_id | Finished Products Location | relation: stock.location
 - location_src_id | Raw Materials Location | relation: stock.location
 - material_used | Material Used | relation: stock.move
 - order_line_id | Order Line | relation: sale.order.line
 - parent_production_id | Production that has generated the demand | relation: mrp.production
 - picking_type_id | Operation Type | relation: stock.picking.type
 - procurement_group_id | Procurement Group | relation: procurement.group
 - product_id | Product | relation: product.product
 - product_tmpl_id | Product Template | relation: product.template
 - product_uom_id | Product Unit of Measure | relation: product.uom
 - production_location_id | Production Location | relation: stock.location
 - routing_id | Routing | relation: mrp.routing
 - routing_tmpl_id | Template | relation: mrp.routing.template
 - sale_order_id | Order Reference | relation: sale.order
 - user_id | Responsible | relation: res.users
 - workcenter_id | Workcenter | relation: mrp.workcenter
 - write_uid | Last Updated by | relation: res.users

===== SEMANTIC FIELD ACCEPTED =====
SOURCE FIELD: production order
SELECTED FIELD: origin
SELECTED TYPE: char
SELECTED RELATION: None
SELECTED LABEL: Source
DIRECT SOURCE TOKENS: 2
SOURCE COVERAGE: 1.0
SCORE: 290.0

===== SEMANTIC FIELD ACCEPTED =====
SOURCE FIELD: production orders
SELECTED FIELD: production_location_id
SELECTED TYPE: many2one
SELECTED RELATION: stock.location
SELECTED LABEL: Production Location
DIRECT SOURCE TOKENS: 2
SOURCE COVERAGE: 1.0
SCORE: 340.0

===== SEMANTIC FIELD REJECTED =====
SOURCE FIELD: manufacturing order
REASON: no field contains sufficient direct metadata evidence

===== SEMANTIC FIELD ACCEPTED =====
SOURCE FIELD: manufacturing orders
SELECTED FIELD: production_location_id
SELECTED TYPE: many2one
SELECTED RELATION: stock.location
SELECTED LABEL: Production Location
DIRECT SOURCE TOKENS: 2
SOURCE COVERAGE: 1.0
SCORE: 310.0

===== SEMANTIC FIELD REJECTED =====
SOURCE FIELD: july
REASON: no field contains sufficient direct metadata evidence

===== SEMANTIC FIELD REJECTED =====
SOURCE FIELD: july month
REASON: no field contains sufficient direct metadata evidence

===== SEMANTIC CONCEPT KEPT AS CONTEXT =====
CONCEPT: july
REASON: no sufficient metadata-backed field evidence; treated as entity/context concept

===== DYNAMIC MODEL COMPATIBILITY PASSED =====
REQUIRED SEMANTIC CONCEPTS: [{'concept': 'production order', 'queries': ['production order', 'production orders', 'manufacturing order', 'manufacturing orders']}, {'concept': 'july', 'queries': ['july', 'july month']}]
REQUIRED FIELD HINTS: []
RESOLVED FIELDS: {'production order': 'production_location_id'}

===== DYNAMIC HUMAN FIELDS FROM ODOO TREE VIEW =====
TREE VIEW: 635
TREE VIEW STRING: Manufacturing Orders
TREE VIEW FIELDS: ['name', 'date_planned_start', 'date_planned_finished', 'product_id', 'product_qty', 'product_uom_id', 'availability', 'routing_id', 'time_cycle', 'state']

===== DYNAMIC HUMAN FIELD RESOLUTION =====
AUTO HUMAN FIELDS: ['name', 'date_planned_start', 'date_planned_finished', 'product_id', 'product_qty', 'product_uom_id', 'availability', 'routing_id', 'time_cycle', 'state']
USER MESSAGE: Mostrami gli ultimi 10 ordini di produzione di luglio
GROUPBY: []
ORDERBY: None

===== FINAL GROUPBY =====
GROUPBY: []

===== ODOO PARAMETERS RESOLVED =====
FIELDS: ['name', 'date_planned_start', 'date_planned_finished', 'product_id', 'product_qty', 'product_uom_id', 'availability', 'routing_id', 'time_cycle', 'state']
GROUPBY: []
ORDERBY: None
ORDER: create_date desc
DOMAIN: [['create_date', '>=', '2026-07-01 00:00:00'], ['create_date', '<', '2026-08-01 00:00:00']]

===== VALIDATING Portant PARAMETERS =====

===== VALIDATED PARAMETERS =====
{'model': 'mrp.production', 'method': 'search_read', 'params': {'domain': [['create_date', '>=', '2026-07-01 00:00:00'], ['create_date', '<', '2026-08-01 00:00:00']], 'fields': ['name', 'date_planned_start', 'date_planned_finished', 'product_id', 'product_qty', 'product_uom_id', 'availability', 'routing_id', 'time_cycle', 'state'], 'limit': 10, 'order': 'create_date desc', 'groupby': []}}

===== FINAL ODOO PARAMETERS =====
MODEL: mrp.production
METHOD: search_read
FIELDS: ['name', 'date_planned_start', 'date_planned_finished', 'product_id', 'product_qty', 'product_uom_id', 'availability', 'routing_id', 'time_cycle', 'state']
GROUPBY: []
ORDERBY: None
DOMAIN: [['create_date', '>=', '2026-07-01 00:00:00'], ['create_date', '<', '2026-08-01 00:00:00']]

===== Portant REQUEST =====
URL: http://10.100.12.145:91/api/mrp.production/search_read
BODY: {'domain': [['create_date', '>=', '2026-07-01 00:00:00'], ['create_date', '<', '2026-08-01 00:00:00']], 'fields': ['name', 'date_planned_start', 'date_planned_finished', 'product_id', 'product_qty', 'product_uom_id', 'availability', 'routing_id', 'time_cycle', 'state'], 'limit': 10, 'order': 'create_date desc', 'groupby': []}

===== RICHIESTA PORTANT =====
URL: http://10.100.12.145:91/api/mrp.production/search_read
METHOD: POST
BODY: {'domain': [['create_date', '>=', '2026-07-01 00:00:00'], ['create_date', '<', '2026-08-01 00:00:00']], 'fields': ['name', 'date_planned_start', 'date_planned_finished', 'product_id', 'product_qty', 'product_uom_id', 'availability', 'routing_id', 'time_cycle', 'state'], 'limit': 10, 'order': 'create_date desc', 'groupby': []}

===== RISPOSTA PORTANT =====
HTTP STATUS: 200

===== Portant NORMALIZED RESULT =====
TYPE: records
COUNT: 0
TOTAL RECORDS: 0
RETURNED RECORDS: 0
LIMIT: 10
OFFSET: 0
PAGES: 0
HAS MORE: False

===== EXPERIENCE MEMORY =====
STATUS: SUCCESS
REQUEST: Mostrami gli ultimi 10 ordini di produzione di luglio
MODEL: mrp.production
METHOD: search_read

===== MULTI Portant COMPLETE =====
RESULTS: 1
SUCCESS: 1
FAILED: 0

===== ODOO EXECUTION SUCCESS =====
PLANNER ATTEMPT: 1

===== GRAPH ROUTE ODOO =====
EXECUTION FAILED: False
ROUTE: response

===== RESPONSE AGENT =====

===== MULTI QUERY RESPONSE DATA =====
TOTAL REQUESTS: 1
SUCCESS: 1
FAILED: 0
RECORDS AVAILABLE FROM ODOO: 0
RECORDS SENT TO RESPONSE LLM: 0

===== RESPONSE RESULT =====
## 1. Ultimi ordini di produzione di luglio

Non sono stati trovati ordini di produzione per il mese di luglio (2026). I criteri di ricerca non hanno restituito risultati corrispondenti.

===== SALVATAGGIO MEMORIA PORTANT =====
USER ID: 1
DATABASE: DM-26CPT001_TEST_IMPORT_20260724
CONVERSATION ID: 4bf89d51-9df3-4137-9101-3b0ca60094fa
RECORD LINKS: []
CHART PAYLOAD: None
USER MESSAGE: Mostrami gli ultimi 10 ordini di produzione di luglio
ASSISTANT MESSAGE: ## 1. Ultimi ordini di produzione di luglio

Non sono stati trovati ordini di produzione per il mese di luglio (2026). I criteri di ricerca non hanno restituito risultati corrispondenti.
USER MESSAGE SAVED
ASSISTANT MESSAGE SAVED
CONVERSATION TITLE UPDATED: Mostrami gli ultimi 10 ordini di produzione di luglio
MESSAGES CURRENTLY IN DB: 2
 - user : Mostrami gli ultimi 10 ordini di produzione di luglio
 - assistant : ## 1. Ultimi ordini di produzione di luglio

Non sono stati trovati ordini di produzione per il mese di luglio (2026). I criteri di ricerca non hanno restituito risultati corrispondenti.

===== GRAPH RESULT =====
MESSAGES: 1
CURRENT REQUEST: Mostrami gli ultimi 10 ordini di produzione di luglio
SUB_REQUESTS: ['Mostrami gli ultimi 10 ordini di produzione di luglio']
SCOPE ALLOWED: True

===== PLAN =====
MODEL: mrp.production
METHOD: search_read
DOMAIN: [['create_date', '>=', '2026-07-01 00:00:00'], ['create_date', '<', '2026-08-01 00:00:00']]
FIELDS: ['name', 'date_planned_start', 'date_planned_finished', 'product_id', 'product_qty', 'product_uom_id', 'availability', 'routing_id', 'time_cycle', 'state']
ORDER: create_date desc
LIMIT: 10

===== ODOO RESULTS SUMMARY =====
QUERIES: 1
--------------------------------------------
INDEX: 1
SUCCESS: True
MODEL: mrp.production
METHOD: search_read
DOMAIN: [['create_date', '>=', '2026-07-01 00:00:00'], ['create_date', '<', '2026-08-01 00:00:00']]
RESULT TYPE: records
TOTAL: 0
RETURNED: 0
LIMIT: 10
PAGES: 0
HAS MORE: False

===== RESPONSE =====
STATUS: GENERATED
LENGTH: 186
PREVIEW: ## 1. Ultimi ordini di produzione di luglio  Non sono stati trovati ordini di produzione per il mese di luglio (2026). I criteri di ricerca non hanno restituito risultati corrispondenti.

===== CHART ANALYZER =====
SHOULD RENDER: False

===== CHAT REQUEST =====
MESSAGE: Mostrami gli ultimi 10 ordini di produzione di luglio
CONVERSATION: <redacted>

===== ODOO SESSION =====
STATUS: ACTIVE

===== CARICAMENTO MEMORIA PORTANT =====
USER ID: 1
DATABASE: DM-26CPT001_TEST_IMPORT_20260724
CONVERSATION ID: 4bf89d51-9df3-4137-9101-3b0ca60094fa
MESSAGES LOADED: 2
FIRST MESSAGE: {'role': 'user', 'content': 'Mostrami gli ultimi 10 ordini di produzione di luglio'}
LAST MESSAGE: {'role': 'assistant', 'content': '## 1. Ultimi ordini di produzione di luglio\n\nNon sono stati trovati ordini di produzione per il mese di luglio (2026). I criteri di ricerca non hanno restituito risultati corrispondenti.'}

===== REQUEST SPLITTER NODE =====
INPUT: Mostrami gli ultimi 10 ordini di produzione di luglio

===== REQUEST SPLITTER =====
INPUT: Mostrami gli ultimi 10 ordini di produzione di luglio

===== SEMANTIC SCOPE =====
SCOPE: IN_SCOPE
CONFIDENCE: 0.95
CONTINUATION: True
INTENT FAMILY: richiesta dati su ordini di produzione
CONCEPTS: ['produzione', 'ordini di produzione', 'periodi temporali', 'quantità e valori', 'filtri e selezioni']
REASON: Richiesta di dati su ordini di produzione per luglio, filtrati per gli ultimi 10 record.

===== SCOPE DECISION =====
SCOPE: IN_SCOPE
IN SCOPE: True
CONTINUATION: True
CONCEPTS: ['produzione', 'ordini di produzione', 'periodi temporali', 'quantità e valori', 'filtri e selezioni']
REQUEST COUNT: 1
REQUEST 1: Mostrami gli ultimi 10 ordini di produzione di luglio

===== SCOPE DECISION =====
SCOPE: IN_SCOPE
IN SCOPE: True
CONFIDENCE: 0.95
CONTINUATION: True
INTENT FAMILY: richiesta dati su ordini di produzione
CONCEPTS: ['produzione', 'ordini di produzione', 'periodi temporali', 'quantità e valori', 'filtri e selezioni']
REQUEST COUNT: 1
REASON: Richiesta di dati su ordini di produzione per luglio, filtrati per gli ultimi 10 record.
EVIDENCE: ["'ordini di produzione' menzionato", "'luglio' indica un periodo temporale", "'ultimi 10' indica un filtro di quantità"]
REQUEST 1: Mostrami gli ultimi 10 ordini di produzione di luglio

===== GRAPH ROUTE SCOPE =====
SCOPE: IN_SCOPE

===== PLANNER SEMANTIC CONTEXT =====
CONCEPTS: []

===== PLANNER GLOBAL ATTEMPT STATE =====
ATTEMPTS ALREADY CONSUMED: 0
EXECUTION FEEDBACK: []

===== PLANNER PREVIOUS RETRY CONTEXT =====
RETRY HISTORY: []

===== PLANNER TEMPORAL CONTEXT =====
CURRENT DATETIME: 2026-09-18T11:03:19+02:00
CURRENT DATE: 2026-09-18
CURRENT TIME: 11:03:19
TIMEZONE: Europe/Rome
UTC OFFSET: +0200

===== CHIAMATA PORTANT (call_kw) =====
URL: http://10.100.12.145:91/web/dataset/call_kw/ir.model/search_read
MODELLO: ir.model
METHOD: search_read
ARGS: [[]]
KWARGS: {'fields': ['id', 'model', 'name', 'state'], 'limit': 0, 'order': 'model asc'}

===== RISPOSTA PORTANT (call_kw) =====
HTTP STATUS: 200

===== MODEL SEARCH INDEX =====
QUERY: Mostrami gli ultimi 10 ordini di produzione di luglio
MODELS LOADED: 518
MATCHED MODELS: 8

===== SEMANTIC QUERY EXPANSION =====
INPUT: Mostrami gli ultimi 10 ordini di produzione di luglio
QUERIES: ['production order', 'production orders', 'order', 'orders', 'july', 'july month', 'date', 'limit', 'last 10', '10']
CONCEPTS: [{'concept': 'production order', 'queries': ['production order', 'production orders', 'order', 'orders']}, {'concept': 'date', 'queries': ['date', 'july', 'july month']}, {'concept': 'limit', 'queries': ['limit', 'last 10', '10']}]

===== MODEL SEARCH INDEX =====
QUERY: production order
MODELS LOADED: 518
MATCHED MODELS: 67

===== MODEL SEARCH INDEX =====
QUERY: production orders
MODELS LOADED: 518
MATCHED MODELS: 62

===== MODEL SEARCH INDEX =====
QUERY: order
MODELS LOADED: 518
MATCHED MODELS: 21

===== MODEL SEARCH INDEX =====
QUERY: orders
MODELS LOADED: 518
MATCHED MODELS: 14

===== MODEL SEARCH INDEX =====
QUERY: july
MODELS LOADED: 518
MATCHED MODELS: 0

===== MODEL SEARCH INDEX =====
QUERY: july month
MODELS LOADED: 518
MATCHED MODELS: 0

===== MODEL SEARCH INDEX =====
QUERY: date
MODELS LOADED: 518
MATCHED MODELS: 10

===== MODEL SEARCH INDEX =====
QUERY: limit
MODELS LOADED: 518
MATCHED MODELS: 0

===== MODEL SEARCH INDEX =====
QUERY: last 10
MODELS LOADED: 518
MATCHED MODELS: 0

===== MODEL SEARCH INDEX =====
QUERY: 10
MODELS LOADED: 518
MATCHED MODELS: 0

===== SEMANTIC MODEL CONTEXT =====
REQUEST SEMANTIC CONCEPTS: [{'concept': 'production order', 'queries': ['production order', 'production orders', 'order', 'orders']}, {'concept': 'date', 'queries': ['date', 'july', 'july month']}, {'concept': 'limit', 'queries': ['limit', 'last 10', '10']}]
MODEL: date.range
SEMANTIC QUERIES: ['date']
SEMANTIC CONCEPTS: [{'concept': 'date', 'queries': ['date', 'july', 'july month']}]
REQUEST CONCEPTS: [{'concept': 'production order', 'queries': ['production order', 'production orders', 'order', 'orders']}, {'concept': 'date', 'queries': ['date', 'july', 'july month']}, {'concept': 'limit', 'queries': ['limit', 'last 10', '10']}]
MODEL: date.range.generator
SEMANTIC QUERIES: ['date']
SEMANTIC CONCEPTS: [{'concept': 'date', 'queries': ['date', 'july', 'july month']}]
REQUEST CONCEPTS: [{'concept': 'production order', 'queries': ['production order', 'production orders', 'order', 'orders']}, {'concept': 'date', 'queries': ['date', 'july', 'july month']}, {'concept': 'limit', 'queries': ['limit', 'last 10', '10']}]
MODEL: date.range.type
SEMANTIC QUERIES: ['date']
SEMANTIC CONCEPTS: [{'concept': 'date', 'queries': ['date', 'july', 'july month']}]
REQUEST CONCEPTS: [{'concept': 'production order', 'queries': ['production order', 'production orders', 'order', 'orders']}, {'concept': 'date', 'queries': ['date', 'july', 'july month']}, {'concept': 'limit', 'queries': ['limit', 'last 10', '10']}]
MODEL: interrogate.order.wizard
SEMANTIC QUERIES: ['production order', 'order', 'orders']
SEMANTIC CONCEPTS: [{'concept': 'production order', 'queries': ['production order', 'production orders', 'order', 'orders']}]
REQUEST CONCEPTS: [{'concept': 'production order', 'queries': ['production order', 'production orders', 'order', 'orders']}, {'concept': 'date', 'queries': ['date', 'july', 'july month']}, {'concept': 'limit', 'queries': ['limit', 'last 10', '10']}]
MODEL: ir.qweb.field.date
SEMANTIC QUERIES: ['date']
SEMANTIC CONCEPTS: [{'concept': 'date', 'queries': ['date', 'july', 'july month']}]
REQUEST CONCEPTS: [{'concept': 'production order', 'queries': ['production order', 'production orders', 'order', 'orders']}, {'concept': 'date', 'queries': ['date', 'july', 'july month']}, {'concept': 'limit', 'queries': ['limit', 'last 10', '10']}]
MODEL: ir.sequence.date_range
SEMANTIC QUERIES: ['date']
SEMANTIC CONCEPTS: [{'concept': 'date', 'queries': ['date', 'july', 'july month']}]
REQUEST CONCEPTS: [{'concept': 'production order', 'queries': ['production order', 'production orders', 'order', 'orders']}, {'concept': 'date', 'queries': ['date', 'july', 'july month']}, {'concept': 'limit', 'queries': ['limit', 'last 10', '10']}]
MODEL: purchase.order
SEMANTIC QUERIES: ['order', 'orders']
SEMANTIC CONCEPTS: [{'concept': 'production order', 'queries': ['production order', 'production orders', 'order', 'orders']}]
REQUEST CONCEPTS: [{'concept': 'production order', 'queries': ['production order', 'production orders', 'order', 'orders']}, {'concept': 'date', 'queries': ['date', 'july', 'july month']}, {'concept': 'limit', 'queries': ['limit', 'last 10', '10']}]
MODEL: purchase.order.line
SEMANTIC QUERIES: ['order', 'orders']
SEMANTIC CONCEPTS: [{'concept': 'production order', 'queries': ['production order', 'production orders', 'order', 'orders']}]
REQUEST CONCEPTS: [{'concept': 'production order', 'queries': ['production order', 'production orders', 'order', 'orders']}, {'concept': 'date', 'queries': ['date', 'july', 'july month']}, {'concept': 'limit', 'queries': ['limit', 'last 10', '10']}]

===== SEMANTIC MODEL RESULTS =====
INPUT: Mostrami gli ultimi 10 ordini di produzione di luglio
 - date.range | Date Range | score: 24.0
 - date.range.generator | Date Range Generator | score: 24.0
 - date.range.type | Date Range Type | score: 24.0
 - interrogate.order.wizard | Interrogate Order Wizard | score: 24.0
 - ir.qweb.field.date | ir.qweb.field.date | score: 24.0
 - ir.sequence.date_range | ir.sequence.date_range | score: 24.0
 - purchase.order | Purchase Order | score: 24.0
 - purchase.order.line | Purchase Order Line | score: 24.0

===== DYNAMIC MODEL DISCOVERY =====
QUERY: Mostrami gli ultimi 10 ordini di produzione di luglio
REQUEST SEMANTIC CONCEPTS: []
CANDIDATES:
 - date.range | Date Range | score: 24.0
   semantic concepts: [{'concept': 'date', 'queries': ['date', 'july', 'july month']}]
   request concepts: [{'concept': 'production order', 'queries': ['production order', 'production orders', 'order', 'orders']}, {'concept': 'date', 'queries': ['date', 'july', 'july month']}, {'concept': 'limit', 'queries': ['limit', 'last 10', '10']}]
 - date.range.generator | Date Range Generator | score: 24.0
   semantic concepts: [{'concept': 'date', 'queries': ['date', 'july', 'july month']}]
   request concepts: [{'concept': 'production order', 'queries': ['production order', 'production orders', 'order', 'orders']}, {'concept': 'date', 'queries': ['date', 'july', 'july month']}, {'concept': 'limit', 'queries': ['limit', 'last 10', '10']}]
 - date.range.type | Date Range Type | score: 24.0
   semantic concepts: [{'concept': 'date', 'queries': ['date', 'july', 'july month']}]
   request concepts: [{'concept': 'production order', 'queries': ['production order', 'production orders', 'order', 'orders']}, {'concept': 'date', 'queries': ['date', 'july', 'july month']}, {'concept': 'limit', 'queries': ['limit', 'last 10', '10']}]
 - interrogate.order.wizard | Interrogate Order Wizard | score: 24.0
   semantic concepts: [{'concept': 'production order', 'queries': ['production order', 'production orders', 'order', 'orders']}]
   request concepts: [{'concept': 'production order', 'queries': ['production order', 'production orders', 'order', 'orders']}, {'concept': 'date', 'queries': ['date', 'july', 'july month']}, {'concept': 'limit', 'queries': ['limit', 'last 10', '10']}]
 - ir.qweb.field.date | ir.qweb.field.date | score: 24.0
   semantic concepts: [{'concept': 'date', 'queries': ['date', 'july', 'july month']}]
   request concepts: [{'concept': 'production order', 'queries': ['production order', 'production orders', 'order', 'orders']}, {'concept': 'date', 'queries': ['date', 'july', 'july month']}, {'concept': 'limit', 'queries': ['limit', 'last 10', '10']}]
 - ir.sequence.date_range | ir.sequence.date_range | score: 24.0
   semantic concepts: [{'concept': 'date', 'queries': ['date', 'july', 'july month']}]
   request concepts: [{'concept': 'production order', 'queries': ['production order', 'production orders', 'order', 'orders']}, {'concept': 'date', 'queries': ['date', 'july', 'july month']}, {'concept': 'limit', 'queries': ['limit', 'last 10', '10']}]
 - purchase.order | Purchase Order | score: 24.0
   semantic concepts: [{'concept': 'production order', 'queries': ['production order', 'production orders', 'order', 'orders']}]
   request concepts: [{'concept': 'production order', 'queries': ['production order', 'production orders', 'order', 'orders']}, {'concept': 'date', 'queries': ['date', 'july', 'july month']}, {'concept': 'limit', 'queries': ['limit', 'last 10', '10']}]
 - purchase.order.line | Purchase Order Line | score: 24.0
   semantic concepts: [{'concept': 'production order', 'queries': ['production order', 'production orders', 'order', 'orders']}]
   request concepts: [{'concept': 'production order', 'queries': ['production order', 'production orders', 'order', 'orders']}, {'concept': 'date', 'queries': ['date', 'july', 'july month']}, {'concept': 'limit', 'queries': ['limit', 'last 10', '10']}]

===== PLANNER ATTEMPT =====
ATTEMPT: 1 / 4

===== DYNAMIC MODEL CANDIDATES AVAILABLE =====
 - date.range | Date Range | score: 24.0 | concepts: [{'concept': 'date', 'queries': ['date', 'july', 'july month']}] | request concepts: [{'concept': 'production order', 'queries': ['production order', 'production orders', 'order', 'orders']}, {'concept': 'date', 'queries': ['date', 'july', 'july month']}, {'concept': 'limit', 'queries': ['limit', 'last 10', '10']}]
 - date.range.generator | Date Range Generator | score: 24.0 | concepts: [{'concept': 'date', 'queries': ['date', 'july', 'july month']}] | request concepts: [{'concept': 'production order', 'queries': ['production order', 'production orders', 'order', 'orders']}, {'concept': 'date', 'queries': ['date', 'july', 'july month']}, {'concept': 'limit', 'queries': ['limit', 'last 10', '10']}]
 - date.range.type | Date Range Type | score: 24.0 | concepts: [{'concept': 'date', 'queries': ['date', 'july', 'july month']}] | request concepts: [{'concept': 'production order', 'queries': ['production order', 'production orders', 'order', 'orders']}, {'concept': 'date', 'queries': ['date', 'july', 'july month']}, {'concept': 'limit', 'queries': ['limit', 'last 10', '10']}]
 - interrogate.order.wizard | Interrogate Order Wizard | score: 24.0 | concepts: [{'concept': 'production order', 'queries': ['production order', 'production orders', 'order', 'orders']}] | request concepts: [{'concept': 'production order', 'queries': ['production order', 'production orders', 'order', 'orders']}, {'concept': 'date', 'queries': ['date', 'july', 'july month']}, {'concept': 'limit', 'queries': ['limit', 'last 10', '10']}]
 - ir.qweb.field.date | ir.qweb.field.date | score: 24.0 | concepts: [{'concept': 'date', 'queries': ['date', 'july', 'july month']}] | request concepts: [{'concept': 'production order', 'queries': ['production order', 'production orders', 'order', 'orders']}, {'concept': 'date', 'queries': ['date', 'july', 'july month']}, {'concept': 'limit', 'queries': ['limit', 'last 10', '10']}]
 - ir.sequence.date_range | ir.sequence.date_range | score: 24.0 | concepts: [{'concept': 'date', 'queries': ['date', 'july', 'july month']}] | request concepts: [{'concept': 'production order', 'queries': ['production order', 'production orders', 'order', 'orders']}, {'concept': 'date', 'queries': ['date', 'july', 'july month']}, {'concept': 'limit', 'queries': ['limit', 'last 10', '10']}]
 - purchase.order | Purchase Order | score: 24.0 | concepts: [{'concept': 'production order', 'queries': ['production order', 'production orders', 'order', 'orders']}] | request concepts: [{'concept': 'production order', 'queries': ['production order', 'production orders', 'order', 'orders']}, {'concept': 'date', 'queries': ['date', 'july', 'july month']}, {'concept': 'limit', 'queries': ['limit', 'last 10', '10']}]
 - purchase.order.line | Purchase Order Line | score: 24.0 | concepts: [{'concept': 'production order', 'queries': ['production order', 'production orders', 'order', 'orders']}] | request concepts: [{'concept': 'production order', 'queries': ['production order', 'production orders', 'order', 'orders']}, {'concept': 'date', 'queries': ['date', 'july', 'july month']}, {'concept': 'limit', 'queries': ['limit', 'last 10', '10']}]

===== QUERY NORMALIZATION =====
CURRENT REQUEST: Mostrami gli ultimi 10 ordini di produzione di luglio
AGGREGATION: {'is_aggregation': False, 'grouping_field': None, 'has_explicit_grouping': False, 'has_ranking': False, 'aggregation_hits': 0, 'detail_hits': 0}
TOTAL COUNT REQUEST: False
USE READ_GROUP: False
EXPLICIT MODEL: None
MODEL: mrp.production
METHOD: search_read
EXPLICIT LIMIT: 10
FINAL DOMAIN: [['date_planned_start', '>=', '2026-07-01 00:00:00'], ['date_planned_start', '<', '2026-08-01 00:00:00']]
FINAL PARAMS: {'domain': [['date_planned_start', '>=', '2026-07-01 00:00:00'], ['date_planned_start', '<', '2026-08-01 00:00:00']], 'fields': [], 'limit': 10, 'order': 'date_planned_start desc'}

===== CHIAMATA PORTANT (call_kw) =====
URL: http://10.100.12.145:91/web/dataset/call_kw/mrp.production/fields_view_get
MODELLO: mrp.production
METHOD: fields_view_get
ARGS: []
KWARGS: {'view_type': 'tree', 'toolbar': False, 'submenu': False}

===== RISPOSTA PORTANT (call_kw) =====
HTTP STATUS: 200

===== ODOO TREE VIEW DISCOVERED =====
MODEL: mrp.production
VIEW ID: 635
VIEW STRING: Manufacturing Orders
DEFAULT ORDER: date_planned_start desc
VIEW FIELDS: ['message_needaction', 'name', 'date_planned_start', 'date_planned_finished', 'product_id', 'product_qty', 'product_uom_id', 'availability', 'routing_id', 'time_cycle', 'origin', 'state']
VISIBLE FIELDS: ['name', 'date_planned_start', 'date_planned_finished', 'product_id', 'product_qty', 'product_uom_id', 'availability', 'routing_id', 'time_cycle', 'state']

===== PLANNER PROPOSAL ACCEPTED =====
ATTEMPT: 1

===== GRAPH ROUTE PLANNER =====
SINGLE PLAN FOUND
PLAN: {'agent': 'odoo', 'action': 'odoo_api_tool', 'domain': None, 'parameters': {'model': 'mrp.production', 'method': 'search_read', 'params': {'domain': [['date_planned_start', '>=', '2026-07-01 00:00:00'], ['date_planned_start', '<', '2026-08-01 00:00:00']], 'fields': [], 'limit': 10, 'order': 'date_planned_start desc'}}}
ROUTE: odoo

===== MULTI ODOO PLAN FALLBACK =====
Nessun 'plans' disponibile.
Uso state['plan'] come singola query.

===== PLANNER EXECUTION ATTEMPT =====
CURRENT ATTEMPT: 1

===== MULTI Portant EXECUTION =====
TOTAL PLANS: 1

============================================
===== Portant QUERY 1 =====
REQUEST: Mostrami gli ultimi 10 ordini di produzione di luglio
MODEL: mrp.production
METHOD: search_read
Portant DYNAMIC AGENT ESEGUITO

===== ODOO AGENT SEMANTIC CONTEXT =====
DYNAMIC MODEL CANDIDATES: 8
SEMANTIC CONCEPTS: [{'concept': 'production order', 'queries': ['production order', 'production orders', 'order', 'orders']}, {'concept': 'date', 'queries': ['date', 'july', 'july month']}, {'concept': 'limit', 'queries': ['limit', 'last 10', '10']}]

===== Portant PLAN =====
{'agent': 'odoo', 'action': 'odoo_api_tool', 'domain': [['date_planned_start', '>=', '2026-07-01 00:00:00'], ['date_planned_start', '<', '2026-08-01 00:00:00']], 'parameters': {'model': 'mrp.production', 'method': 'search_read', 'params': {'domain': [['date_planned_start', '>=', '2026-07-01 00:00:00'], ['date_planned_start', '<', '2026-08-01 00:00:00']], 'fields': [], 'limit': 10, 'order': 'date_planned_start desc'}}}

===== MODEL DISCOVERY =====
MODEL: mrp.production
MODEL FOUND IN STATIC CATALOG
STATIC CATALOG USED ONLY AS MODEL POLICY
LOADING REAL ODOO FIELD METADATA...

===== CHIAMATA PORTANT (call_kw) =====
URL: http://10.100.12.145:91/web/dataset/call_kw/mrp.production/fields_view_get
MODELLO: mrp.production
METHOD: fields_view_get
ARGS: []
KWARGS: {'view_type': 'tree', 'toolbar': False, 'submenu': False}

===== RISPOSTA PORTANT (call_kw) =====
HTTP STATUS: 200

===== ODOO TREE VIEW DISCOVERED =====
MODEL: mrp.production
VIEW ID: 635
VIEW STRING: Manufacturing Orders
DEFAULT ORDER: date_planned_start desc
VIEW FIELDS: ['message_needaction', 'name', 'date_planned_start', 'date_planned_finished', 'product_id', 'product_qty', 'product_uom_id', 'availability', 'routing_id', 'time_cycle', 'origin', 'state']
VISIBLE FIELDS: ['name', 'date_planned_start', 'date_planned_finished', 'product_id', 'product_qty', 'product_uom_id', 'availability', 'routing_id', 'time_cycle', 'state']

===== ODOO FIELD METADATA LOADED =====
MODEL: mrp.production
FIELDS: 119

===== DYNAMIC RELATION FIELDS =====
 - activity_type_id | Next Activity Type | relation: mail.activity.type
 - activity_user_id | Responsible | relation: res.users
 - bom_id | Bill of Material | relation: mrp.bom
 - bom_version_id | Bom Version | relation: mrp.bom.versioning
 - company_id | Company | relation: res.company
 - create_uid | Created by | relation: res.users
 - final_lot_id | Lotto/Numero Seriale | relation: stock.production.lot
 - location_dest_id | Finished Products Location | relation: stock.location
 - location_src_id | Raw Materials Location | relation: stock.location
 - material_used | Material Used | relation: stock.move
 - order_line_id | Order Line | relation: sale.order.line
 - parent_production_id | Production that has generated the demand | relation: mrp.production
 - picking_type_id | Operation Type | relation: stock.picking.type
 - procurement_group_id | Procurement Group | relation: procurement.group
 - product_id | Product | relation: product.product
 - product_tmpl_id | Product Template | relation: product.template
 - product_uom_id | Product Unit of Measure | relation: product.uom
 - production_location_id | Production Location | relation: stock.location
 - routing_id | Routing | relation: mrp.routing
 - routing_tmpl_id | Template | relation: mrp.routing.template
 - sale_order_id | Order Reference | relation: sale.order
 - user_id | Responsible | relation: res.users
 - workcenter_id | Workcenter | relation: mrp.workcenter
 - write_uid | Last Updated by | relation: res.users

===== SEMANTIC FIELD ACCEPTED =====
SOURCE FIELD: production order
SELECTED FIELD: origin
SELECTED TYPE: char
SELECTED RELATION: None
SELECTED LABEL: Source
DIRECT SOURCE TOKENS: 2
SOURCE COVERAGE: 1.0
SCORE: 290.0

===== SEMANTIC FIELD ACCEPTED =====
SOURCE FIELD: production orders
SELECTED FIELD: production_location_id
SELECTED TYPE: many2one
SELECTED RELATION: stock.location
SELECTED LABEL: Production Location
DIRECT SOURCE TOKENS: 2
SOURCE COVERAGE: 1.0
SCORE: 340.0

===== SEMANTIC FIELD REJECTED =====
SOURCE FIELD: order
BEST CANDIDATE: order_line_id
BEST SCORE: 370.0
SECOND SCORE: 370.0
MARGIN: 0.0
REASON: ambiguous metadata-backed semantic resolution

===== SEMANTIC FIELD REJECTED =====
SOURCE FIELD: orders
BEST CANDIDATE: split_mo_count
BEST SCORE: 265.0
SECOND SCORE: 265.0
MARGIN: 0.0
REASON: ambiguous metadata-backed semantic resolution

===== SEMANTIC FIELD ACCEPTED =====
SOURCE FIELD: date
SELECTED FIELD: date_date_planned_start
SELECTED TYPE: date
SELECTED RELATION: None
SELECTED LABEL: start date
DIRECT SOURCE TOKENS: 1
SOURCE COVERAGE: 1.0
SCORE: 435.0

===== SEMANTIC FIELD REJECTED =====
SOURCE FIELD: july
REASON: no field contains sufficient direct metadata evidence

===== SEMANTIC FIELD REJECTED =====
SOURCE FIELD: july month
REASON: no field contains sufficient direct metadata evidence

===== SEMANTIC FIELD REJECTED =====
SOURCE FIELD: limit
REASON: no field contains sufficient direct metadata evidence

===== SEMANTIC FIELD REJECTED =====
SOURCE FIELD: last 10
REASON: no field contains sufficient direct metadata evidence

===== SEMANTIC FIELD REJECTED =====
SOURCE FIELD: 10
REASON: no field contains sufficient direct metadata evidence

===== SEMANTIC CONCEPT KEPT AS CONTEXT =====
CONCEPT: limit
REASON: no sufficient metadata-backed field evidence; treated as entity/context concept

===== DYNAMIC MODEL COMPATIBILITY PASSED =====
REQUIRED SEMANTIC CONCEPTS: [{'concept': 'production order', 'queries': ['production order', 'production orders', 'order', 'orders']}, {'concept': 'date', 'queries': ['date', 'july', 'july month']}, {'concept': 'limit', 'queries': ['limit', 'last 10', '10']}]
REQUIRED FIELD HINTS: []
RESOLVED FIELDS: {'production order': 'production_location_id', 'date': 'date_date_planned_start'}

===== DYNAMIC HUMAN FIELDS FROM ODOO TREE VIEW =====
TREE VIEW: 635
TREE VIEW STRING: Manufacturing Orders
TREE VIEW FIELDS: ['name', 'date_planned_start', 'date_planned_finished', 'product_id', 'product_qty', 'product_uom_id', 'availability', 'routing_id', 'time_cycle', 'state']

===== DYNAMIC HUMAN FIELD RESOLUTION =====
AUTO HUMAN FIELDS: ['name', 'date_planned_start', 'date_planned_finished', 'product_id', 'product_qty', 'product_uom_id', 'availability', 'routing_id', 'time_cycle', 'state']
USER MESSAGE: Mostrami gli ultimi 10 ordini di produzione di luglio
GROUPBY: []
ORDERBY: None

===== FINAL GROUPBY =====
GROUPBY: []

===== ODOO PARAMETERS RESOLVED =====
FIELDS: ['name', 'date_planned_start', 'date_planned_finished', 'product_id', 'product_qty', 'product_uom_id', 'availability', 'routing_id', 'time_cycle', 'state']
GROUPBY: []
ORDERBY: None
ORDER: date_planned_start desc
DOMAIN: [['date_planned_start', '>=', '2026-07-01 00:00:00'], ['date_planned_start', '<', '2026-08-01 00:00:00']]

===== VALIDATING Portant PARAMETERS =====

===== VALIDATED PARAMETERS =====
{'model': 'mrp.production', 'method': 'search_read', 'params': {'domain': [['date_planned_start', '>=', '2026-07-01 00:00:00'], ['date_planned_start', '<', '2026-08-01 00:00:00']], 'fields': ['name', 'date_planned_start', 'date_planned_finished', 'product_id', 'product_qty', 'product_uom_id', 'availability', 'routing_id', 'time_cycle', 'state'], 'limit': 10, 'order': 'date_planned_start desc', 'groupby': []}}

===== FINAL ODOO PARAMETERS =====
MODEL: mrp.production
METHOD: search_read
FIELDS: ['name', 'date_planned_start', 'date_planned_finished', 'product_id', 'product_qty', 'product_uom_id', 'availability', 'routing_id', 'time_cycle', 'state']
GROUPBY: []
ORDERBY: None
DOMAIN: [['date_planned_start', '>=', '2026-07-01 00:00:00'], ['date_planned_start', '<', '2026-08-01 00:00:00']]

===== Portant REQUEST =====
URL: http://10.100.12.145:91/api/mrp.production/search_read
BODY: {'domain': [['date_planned_start', '>=', '2026-07-01 00:00:00'], ['date_planned_start', '<', '2026-08-01 00:00:00']], 'fields': ['name', 'date_planned_start', 'date_planned_finished', 'product_id', 'product_qty', 'product_uom_id', 'availability', 'routing_id', 'time_cycle', 'state'], 'limit': 10, 'order': 'date_planned_start desc', 'groupby': []}

===== RICHIESTA PORTANT =====
URL: http://10.100.12.145:91/api/mrp.production/search_read
METHOD: POST
BODY: {'domain': [['date_planned_start', '>=', '2026-07-01 00:00:00'], ['date_planned_start', '<', '2026-08-01 00:00:00']], 'fields': ['name', 'date_planned_start', 'date_planned_finished', 'product_id', 'product_qty', 'product_uom_id', 'availability', 'routing_id', 'time_cycle', 'state'], 'limit': 10, 'order': 'date_planned_start desc', 'groupby': []}

===== RISPOSTA PORTANT =====
HTTP STATUS: 200

===== Portant NORMALIZED RESULT =====
TYPE: records
COUNT: 177
TOTAL RECORDS: 177
RETURNED RECORDS: 10
LIMIT: 10
OFFSET: 0
PAGES: 18
HAS MORE: True

===== EXPERIENCE MEMORY =====
STATUS: SUCCESS
REQUEST: Mostrami gli ultimi 10 ordini di produzione di luglio
MODEL: mrp.production
METHOD: search_read

===== MULTI Portant COMPLETE =====
RESULTS: 1
SUCCESS: 1
FAILED: 0

===== ODOO EXECUTION SUCCESS =====
PLANNER ATTEMPT: 1

===== GRAPH ROUTE ODOO =====
EXECUTION FAILED: False
ROUTE: response

===== RESPONSE AGENT =====

===== MULTI QUERY RESPONSE DATA =====
TOTAL REQUESTS: 1
SUCCESS: 1
FAILED: 0
RECORDS AVAILABLE FROM ODOO: 10
RECORDS SENT TO RESPONSE LLM: 10

===== RESPONSE RESULT =====
## Ultimi 10 ordini di produzione di luglio

Trovati 177 ordini di produzione pianificati nel mese di luglio. Di seguito sono riportati i 10 più recenti.

| # | Ordine | Data pianificata | Prodotto | Quantità | Unità | Disponibilità | Routing | Ciclo (ore) | Stato |
|---|--------|----------------|---------|----------|-------|--------------|---------|-------------|-------|
| 1 | 26001368 | 21 luglio 2026 | [PAVZTO16X81M12] PERNI AVZ Ø 16X81 M12 | 1.000,0 | PZ | in attesa | routing PERNI AVZ Ø 16X81 M12 | 54,0 | pianificato |
| 2 | 26001559 | 21 luglio 2026 | [PAES41X46M40X1.5ZB] PERNI AVP CH41X46 M40X1.5 ZB | 200,0 | PZ | non disponibile | routing PERNI AVP CH41X46 M40X1.5 ZB | 171,0 | pianificato |
| 3 | 26001538 | 21 luglio 2026 | [BAI304TO15X4.75F5.2] BOCCOLE AISI 304 Ø 15X4.75 FORO 5.2 | 2.000,0 | PZ | in attesa | routing BOCCOLE AISI 304 Ø 15X4.75 FORO 5.2 | 22,0 | pianificato |
| 4 | 26001087 | 20 luglio 2026 | [BAI304TO14X12F4.25] BOCCOLE AISI 304 Ø 14X12 FORO 4.25 | 40.000,0 | PZ | in attesa | routing BOCCOLE AISI 304 Ø 14X12 FORO 4.25 | 18,0 | pianificato |
| 5 | 26001076 | 20 luglio 2026 | [PFE37TO12X21F2.5ZB] PERNI FE37 Ø 12X21 FORO 2.5 ZB 8µm | 15.000,0 | PZ | in attesa | routing PERNI FE37 Ø 12X21 FORO 2.5 ZB 8µm | 16,0 | pianificato |
| 6 | 26001132 | 20 luglio 2026 | [PAI304ES12X47M8] PERNI AISI 304 CH 12X47 M8 | 3.000,0 | PZ | in attesa | routing PERNI AISI 304 CH 12X47 M8 | 28,0 | pianificato |
| 7 | 26001552 | 20 luglio 2026 | [DPR805/16UNFCH13X5] DADI PR80 5/16 UNF CH 13 X 5 | 5.000,0 | PZ | in attesa | routing DADI PR80 5/16 UNF CH 13 X 5 | 10,0 | pianificato |
| 8 | 26001525 | 20 luglio 2026 | [BPOMTO20X6.2F8.45] BOCCOLE POM NERO Ø 20X6.2 FORO 8.45 | 2.000,0 | PZ | in attesa | routing BOCCOLE POM NERO Ø 20X6.2 FORO 8.45 | 22,0 | pianificato |
| 9 | 26001543 | 20 luglio 2026 | [DAM65588ZB] DADI AVP M65588 ZINCATI BIANCHI | 15.000,0 | MM | non disponibile | routing DADI AVP M65588 ZINCATI BIANCHI | 6,0 | pianificato |
| 10 | 26000934 | 20 luglio 2026 | [BAI304TO2.9X0.9F1.65] BOCCOLA AISI 304 Ø 2.9X0.9 FORO 1.65 | 60.000,0 | PZ | in attesa | routing BOCCOLA AISI 304 Ø 2.9X0.9 FORO 1.65 | 16,0 | pianificato |

===== SALVATAGGIO MEMORIA PORTANT =====
USER ID: 1
DATABASE: DM-26CPT001_TEST_IMPORT_20260724
CONVERSATION ID: 4bf89d51-9df3-4137-9101-3b0ca60094fa
RECORD LINKS: [{'id': 3545, 'model': 'mrp.production', 'label': '26001368', 'url': 'http://10.100.12.145:91/web#id=3545&model=mrp.production&view_type=form'}, {'id': 3568, 'model': 'mrp.production', 'label': '26001559', 'url': 'http://10.100.12.145:91/web#id=3568&model=mrp.production&view_type=form'}, {'id': 15048, 'model': 'mrp.production', 'label': '26001538', 'url': 'http://10.100.12.145:91/web#id=15048&model=mrp.production&view_type=form'}, {'id': 14040, 'model': 'mrp.production', 'label': '26001087', 'url': 'http://10.100.12.145:91/web#id=14040&model=mrp.production&view_type=form'}, {'id': 3523, 'model': 'mrp.production', 'label': '26001076', 'url': 'http://10.100.12.145:91/web#id=3523&model=mrp.production&view_type=form'}, {'id': 19958, 'model': 'mrp.production', 'label': '26001132', 'url': 'http://10.100.12.145:91/web#id=19958&model=mrp.production&view_type=form'}, {'id': 18027, 'model': 'mrp.production', 'label': '26001552', 'url': 'http://10.100.12.145:91/web#id=18027&model=mrp.production&view_type=form'}, {'id': 4305, 'model': 'mrp.production', 'label': '26001525', 'url': 'http://10.100.12.145:91/web#id=4305&model=mrp.production&view_type=form'}, {'id': 20555, 'model': 'mrp.production', 'label': '26001543', 'url': 'http://10.100.12.145:91/web#id=20555&model=mrp.production&view_type=form'}, {'id': 9033, 'model': 'mrp.production', 'label': '26000934', 'url': 'http://10.100.12.145:91/web#id=9033&model=mrp.production&view_type=form'}]
CHART PAYLOAD: None
USER MESSAGE: Mostrami gli ultimi 10 ordini di produzione di luglio
ASSISTANT MESSAGE: ## Ultimi 10 ordini di produzione di luglio

Trovati 177 ordini di produzione pianificati nel mese di luglio. Di seguito sono riportati i 10 più recenti.

| # | Ordine | Data pianificata | Prodotto | Quantità | Unità | Disponibilità | Routing | Ciclo (ore) | Stato |
|---|--------|----------------|---------|----------|-------|--------------|---------|-------------|-------|
| 1 | 26001368 | 21 luglio 2026 | [PAVZTO16X81M12] PERNI AVZ Ø 16X81 M12 | 1.000,0 | PZ | in attesa | routing PERNI AVZ Ø 16X81 M12 | 54,0 | pianificato |
| 2 | 26001559 | 21 luglio 2026 | [PAES41X46M40X1.5ZB] PERNI AVP CH41X46 M40X1.5 ZB | 200,0 | PZ | non disponibile | routing PERNI AVP CH41X46 M40X1.5 ZB | 171,0 | pianificato |
| 3 | 26001538 | 21 luglio 2026 | [BAI304TO15X4.75F5.2] BOCCOLE AISI 304 Ø 15X4.75 FORO 5.2 | 2.000,0 | PZ | in attesa | routing BOCCOLE AISI 304 Ø 15X4.75 FORO 5.2 | 22,0 | pianificato |
| 4 | 26001087 | 20 luglio 2026 | [BAI304TO14X12F4.25] BOCCOLE AISI 304 Ø 14X12 FORO 4.25 | 40.000,0 | PZ | in attesa | routing BOCCOLE AISI 304 Ø 14X12 FORO 4.25 | 18,0 | pianificato |
| 5 | 26001076 | 20 luglio 2026 | [PFE37TO12X21F2.5ZB] PERNI FE37 Ø 12X21 FORO 2.5 ZB 8µm | 15.000,0 | PZ | in attesa | routing PERNI FE37 Ø 12X21 FORO 2.5 ZB 8µm | 16,0 | pianificato |
| 6 | 26001132 | 20 luglio 2026 | [PAI304ES12X47M8] PERNI AISI 304 CH 12X47 M8 | 3.000,0 | PZ | in attesa | routing PERNI AISI 304 CH 12X47 M8 | 28,0 | pianificato |
| 7 | 26001552 | 20 luglio 2026 | [DPR805/16UNFCH13X5] DADI PR80 5/16 UNF CH 13 X 5 | 5.000,0 | PZ | in attesa | routing DADI PR80 5/16 UNF CH 13 X 5 | 10,0 | pianificato |
| 8 | 26001525 | 20 luglio 2026 | [BPOMTO20X6.2F8.45] BOCCOLE POM NERO Ø 20X6.2 FORO 8.45 | 2.000,0 | PZ | in attesa | routing BOCCOLE POM NERO Ø 20X6.2 FORO 8.45 | 22,0 | pianificato |
| 9 | 26001543 | 20 luglio 2026 | [DAM65588ZB] DADI AVP M65588 ZINCATI BIANCHI | 15.000,0 | MM | non disponibile | routing DADI AVP M65588 ZINCATI BIANCHI | 6,0 | pianificato |
| 10 | 26000934 | 20 luglio 2026 | [BAI304TO2.9X0.9F1.65] BOCCOLA AISI 304 Ø 2.9X0.9 FORO 1.65 | 60.000,0 | PZ | in attesa | routing BOCCOLA AISI 304 Ø 2.9X0.9 FORO 1.65 | 16,0 | pianificato |
USER MESSAGE SAVED
ASSISTANT MESSAGE SAVED
MESSAGES CURRENTLY IN DB: 4
 - user : Mostrami gli ultimi 10 ordini di produzione di luglio
 - assistant : ## 1. Ultimi ordini di produzione di luglio

Non sono stati trovati ordini di produzione per il mese di luglio (2026). I criteri di ricerca non hanno restituito risultati corrispondenti.
 - user : Mostrami gli ultimi 10 ordini di produzione di luglio
 - assistant : ## Ultimi 10 ordini di produzione di luglio

Trovati 177 ordini di produzione pianificati nel mese di luglio. Di seguito sono riportati i 10 più recenti.

| # | Ordine | Data pianificata | Prodotto | Quantità | Unità | Disponibilità | Routing | Ciclo (ore) | Stato |
|---|--------|----------------|---------|----------|-------|--------------|---------|-------------|-------|
| 1 | 26001368 | 21 luglio 2026 | [PAVZTO16X81M12] PERNI AVZ Ø 16X81 M12 | 1.000,0 | PZ | in attesa | routing PERNI AVZ Ø 16X81 M12 | 54,0 | pianificato |
| 2 | 26001559 | 21 luglio 2026 | [PAES41X46M40X1.5ZB] PERNI AVP CH41X46 M40X1.5 ZB | 200,0 | PZ | non disponibile | routing PERNI AVP CH41X46 M40X1.5 ZB | 171,0 | pianificato |
| 3 | 26001538 | 21 luglio 2026 | [BAI304TO15X4.75F5.2] BOCCOLE AISI 304 Ø 15X4.75 FORO 5.2 | 2.000,0 | PZ | in attesa | routing BOCCOLE AISI 304 Ø 15X4.75 FORO 5.2 | 22,0 | pianificato |
| 4 | 26001087 | 20 luglio 2026 | [BAI304TO14X12F4.25] BOCCOLE AISI 304 Ø 14X12 FORO 4.25 | 40.000,0 | PZ | in attesa | routing BOCCOLE AISI 304 Ø 14X12 FORO 4.25 | 18,0 | pianificato |
| 5 | 26001076 | 20 luglio 2026 | [PFE37TO12X21F2.5ZB] PERNI FE37 Ø 12X21 FORO 2.5 ZB 8µm | 15.000,0 | PZ | in attesa | routing PERNI FE37 Ø 12X21 FORO 2.5 ZB 8µm | 16,0 | pianificato |
| 6 | 26001132 | 20 luglio 2026 | [PAI304ES12X47M8] PERNI AISI 304 CH 12X47 M8 | 3.000,0 | PZ | in attesa | routing PERNI AISI 304 CH 12X47 M8 | 28,0 | pianificato |
| 7 | 26001552 | 20 luglio 2026 | [DPR805/16UNFCH13X5] DADI PR80 5/16 UNF CH 13 X 5 | 5.000,0 | PZ | in attesa | routing DADI PR80 5/16 UNF CH 13 X 5 | 10,0 | pianificato |
| 8 | 26001525 | 20 luglio 2026 | [BPOMTO20X6.2F8.45] BOCCOLE POM NERO Ø 20X6.2 FORO 8.45 | 2.000,0 | PZ | in attesa | routing BOCCOLE POM NERO Ø 20X6.2 FORO 8.45 | 22,0 | pianificato |
| 9 | 26001543 | 20 luglio 2026 | [DAM65588ZB] DADI AVP M65588 ZINCATI BIANCHI | 15.000,0 | MM | non disponibile | routing DADI AVP M65588 ZINCATI BIANCHI | 6,0 | pianificato |
| 10 | 26000934 | 20 luglio 2026 | [BAI304TO2.9X0.9F1.65] BOCCOLA AISI 304 Ø 2.9X0.9 FORO 1.65 | 60.000,0 | PZ | in attesa | routing BOCCOLA AISI 304 Ø 2.9X0.9 FORO 1.65 | 16,0 | pianificato |

===== GRAPH RESULT =====
MESSAGES: 1
CURRENT REQUEST: Mostrami gli ultimi 10 ordini di produzione di luglio
SUB_REQUESTS: ['Mostrami gli ultimi 10 ordini di produzione di luglio']
SCOPE ALLOWED: True

===== PLAN =====
MODEL: mrp.production
METHOD: search_read
DOMAIN: [['date_planned_start', '>=', '2026-07-01 00:00:00'], ['date_planned_start', '<', '2026-08-01 00:00:00']]
FIELDS: ['name', 'date_planned_start', 'date_planned_finished', 'product_id', 'product_qty', 'product_uom_id', 'availability', 'routing_id', 'time_cycle', 'state']
ORDER: date_planned_start desc
LIMIT: 10

===== ODOO RESULTS SUMMARY =====
QUERIES: 1
--------------------------------------------
INDEX: 1
SUCCESS: True
MODEL: mrp.production
METHOD: search_read
DOMAIN: [['date_planned_start', '>=', '2026-07-01 00:00:00'], ['date_planned_start', '<', '2026-08-01 00:00:00']]
RESULT TYPE: records
TOTAL: 177
RETURNED: 10
LIMIT: 10
PAGES: 18
HAS MORE: True
FIRST RECORD: {'id': 3545, 'name': '26001368', 'date_planned_start': '2026-07-21 09:12:31', 'date_planned_finished': False, 'product_id': [44661, '[PAVZTO16X81M12] PERNI AVZ Ø 16X81 M12'], 'product_qty': 1000.0, 'product_uom_id': [68, 'PZ  '], 'availability': 'waiting', 'routing_id': [17308, 'routing PERNI AVZ Ø 16X81 M12'], 'time_cycle': 54.0, 'state': 'planned'}
SECOND RECORD: {'id': 3568, 'name': '26001559', 'date_planned_start': '2026-07-21 09:02:10', 'date_planned_finished': False, 'product_id': [24079, '[PAES41X46M40X1.5ZB] PERNI AVP CH41X46 M40X1.5 ZB'], 'product_qty': 200.0, 'product_uom_id': [68, 'PZ  '], 'availability': 'none', 'routing_id': [10424, 'routing PERNI AVP CH41X46 M40X1.5 ZB'], 'time_cycle': 171.0, 'state': 'planned'}

===== RESPONSE =====
STATUS: GENERATED
LENGTH: 2162
PREVIEW: ## Ultimi 10 ordini di produzione di luglio  Trovati 177 ordini di produzione pianificati nel mese di luglio. Di seguito sono riportati i 10 più recenti.  | # | Ordine | Data pianificata | Prodotto | Quantità | Unità | Disponibilità | Routing | Ciclo (ore) | Stato | |---|--------|----------------|--...

===== CHART ANALYZER =====
SHOULD RENDER: False
