
============================================================
===== BACKEND CONSOLE LOG =====
START: 2026-09-22T14:09:58
============================================================

===== LOGIN REQUEST =====
STATUS: START

===== AUTENTICAZIONE PORTANT =====
URL: http://10.100.12.131:6969/web/session/authenticate
DATABASE: DM-PLF001-TIPREGO
LOGIN: info@digimarksrl.com
HTTP STATUS: 200

===== RISPOSTA AUTENTICAZIONE =====
TYPE: dict

===== LOGIN PORTANT =====
UID: 1
USERNAME: info@digimarksrl.com
NAME: Administrator
DATABASE: DM-PLF001-TIPREGO
SESSIONE: OK

===== SESSIONE CREATA =====
ODOO UID: 1
DATABASE: DM-PLF001-TIPREGO
SESSIONE: OK

===== LOGIN RESULT =====
STATUS: SUCCESS
ODOO UID: 1
USERNAME: <redacted>
SESSION: CREATED

===== CHAT REQUEST =====
MESSAGE: Mostrami gli ultimi 10 ordini di produzione
CONVERSATION: <redacted>

===== ODOO SESSION =====
STATUS: ACTIVE

===== CARICAMENTO MEMORIA PORTANT =====
USER ID: 1
DATABASE: DM-PLF001-TIPREGO
CONVERSATION ID: 60f48c79-9124-458a-9e96-f07f4add063e
MESSAGES LOADED: 0
OPERATIONAL CONTEXTS LOADED: 0
MEMORY LOAD: nessun messaggio

===== REQUEST SPLITTER NODE =====
INPUT: Mostrami gli ultimi 10 ordini di produzione

===== REQUEST SPLITTER =====
INPUT: Mostrami gli ultimi 10 ordini di produzione

===== SEMANTIC SCOPE =====
SCOPE: IN_SCOPE
CONFIDENCE: 0.9
CONTINUATION: False
INTENT FAMILY: recupero dati operativi
CONCEPTS: ['ordini di produzione', 'ultimi 10']
REASON: Richiesta di visualizzare record recenti di 'ordini di produzione', struttura linguistica tipica di recupero dati. Il dominio 'produzione' è presente nella knowledge base, anche se la frase esatta non è elencata. Assenza di elementi estranei.

===== SCOPE DECISION =====
SCOPE: IN_SCOPE
IN SCOPE: True
CONTINUATION: False
CONCEPTS: ['ordini di produzione', 'ultimi 10']
REQUEST COUNT: 1
REQUEST 1: Mostrami gli ultimi 10 ordini di produzione

===== SCOPE DECISION =====
SCOPE: IN_SCOPE
IN SCOPE: True
CONFIDENCE: 0.9
CONTINUATION: False
INTENT FAMILY: recupero dati operativi
CONCEPTS: ['ordini di produzione', 'ultimi 10']
REQUEST COUNT: 1
REASON: Richiesta di visualizzare record recenti di 'ordini di produzione', struttura linguistica tipica di recupero dati. Il dominio 'produzione' è presente nella knowledge base, anche se la frase esatta non è elencata. Assenza di elementi estranei.
EVIDENCE: ["Struttura: 'Mostrami... ordini' corrisponde a 'mostrare dati' (riconoscimento richieste dati)", "Concetto 'produzione' presente in in_scope_concepts (alias per 'ordini di produzione' implicito nel dominio)", 'Nessun indicatore di analisi generica o ambito esterno a Portant']
REQUEST 1: Mostrami gli ultimi 10 ordini di produzione

===== GRAPH ROUTE SCOPE =====
SCOPE: IN_SCOPE
INTENT FAMILY: recupero dati operativi
CONVERSATIONAL INTENT: False
ROUTE: planner

===== PLANNER SEMANTIC CONTEXT =====
CONCEPTS: [{'concept': 'ordini di produzione', 'queries': []}, {'concept': 'ultimi 10', 'queries': []}]

===== PLANNER ACTIVE OPERATIONAL CONTEXT =====
CONTINUATION: False
CONTEXT MODELS: []
CONTEXT HISTORY SIZE: 0

===== PLANNER GLOBAL ATTEMPT STATE =====
ATTEMPTS ALREADY CONSUMED: 0
EXECUTION FEEDBACK: []

===== PLANNER PREVIOUS RETRY CONTEXT =====
RETRY HISTORY: []

===== PLANNER TEMPORAL CONTEXT =====
CURRENT DATETIME: 2026-09-22T14:10:29+02:00
CURRENT DATE: 2026-09-22
CURRENT TIME: 14:10:29
TIMEZONE: Europe/Rome
UTC OFFSET: +0200

===== PLANNER OPERATIONAL CONTEXT =====
CONTINUATION: False
CONTEXT MODELS: []
CONTEXT GROUNDED IDS: {}

===== CHIAMATA PORTANT (call_kw) =====
URL: http://10.100.12.131:6969/web/dataset/call_kw/ir.model/search_read
MODELLO: ir.model
METHOD: search_read
ARGS: [[]]
KWARGS: {'fields': ['id', 'model', 'name', 'state'], 'limit': 0, 'order': 'model asc'}

===== RISPOSTA PORTANT (call_kw) =====
HTTP STATUS: 200

===== MODEL SEARCH INDEX =====
QUERY: Mostrami gli ultimi 10 ordini di produzione
MODELS LOADED: 475
MATCHED MODELS: 11

===== SEMANTIC QUERY EXPANSION =====
INPUT: Mostrami gli ultimi 10 ordini di produzione
QUERIES: ['ordini di produzione', 'ultimi 10']
CONCEPTS: [{'concept': 'ordini di produzione', 'queries': ['ordini di produzione']}, {'concept': 'ultimi 10', 'queries': ['ultimi 10']}]

===== MODEL SEARCH INDEX =====
QUERY: ordini di produzione
MODELS LOADED: 475
MATCHED MODELS: 9

===== MODEL SEARCH INDEX =====
QUERY: ultimi 10
MODELS LOADED: 475
MATCHED MODELS: 0

===== SEMANTIC MODEL CONTEXT =====
REQUEST SEMANTIC CONCEPTS: [{'concept': 'ordini di produzione', 'queries': ['ordini di produzione']}, {'concept': 'ultimi 10', 'queries': ['ultimi 10']}]
MODEL: mrp.workcenter.alarm
SEMANTIC QUERIES: ['ordini di produzione']
SEMANTIC CONCEPTS: [{'concept': 'ordini di produzione', 'queries': ['ordini di produzione']}]
REQUEST CONCEPTS: [{'concept': 'ordini di produzione', 'queries': ['ordini di produzione']}, {'concept': 'ultimi 10', 'queries': ['ultimi 10']}]
MODEL: mrp.oee.history
SEMANTIC QUERIES: ['ordini di produzione']
SEMANTIC CONCEPTS: [{'concept': 'ordini di produzione', 'queries': ['ordini di produzione']}]
REQUEST CONCEPTS: [{'concept': 'ordini di produzione', 'queries': ['ordini di produzione']}, {'concept': 'ultimi 10', 'queries': ['ultimi 10']}]
MODEL: res.portant.kill.switch
SEMANTIC QUERIES: ['ordini di produzione']
SEMANTIC CONCEPTS: [{'concept': 'ordini di produzione', 'queries': ['ordini di produzione']}]
REQUEST CONCEPTS: [{'concept': 'ordini di produzione', 'queries': ['ordini di produzione']}, {'concept': 'ultimi 10', 'queries': ['ultimi 10']}]
MODEL: res.bc.down
SEMANTIC QUERIES: ['ordini di produzione']
SEMANTIC CONCEPTS: [{'concept': 'ordini di produzione', 'queries': ['ordini di produzione']}]
REQUEST CONCEPTS: [{'concept': 'ordini di produzione', 'queries': ['ordini di produzione']}, {'concept': 'ultimi 10', 'queries': ['ultimi 10']}]
MODEL: mrp.config.setting.wizard
SEMANTIC QUERIES: ['ordini di produzione']
SEMANTIC CONCEPTS: [{'concept': 'ordini di produzione', 'queries': ['ordini di produzione']}]
REQUEST CONCEPTS: [{'concept': 'ordini di produzione', 'queries': ['ordini di produzione']}, {'concept': 'ultimi 10', 'queries': ['ultimi 10']}]
MODEL: mrp.workcenter.employee.journal
SEMANTIC QUERIES: ['ordini di produzione']
SEMANTIC CONCEPTS: [{'concept': 'ordini di produzione', 'queries': ['ordini di produzione']}]
REQUEST CONCEPTS: [{'concept': 'ordini di produzione', 'queries': ['ordini di produzione']}, {'concept': 'ultimi 10', 'queries': ['ultimi 10']}]
MODEL: mrp.workcenter.setup.employee.journal
SEMANTIC QUERIES: ['ordini di produzione']
SEMANTIC CONCEPTS: [{'concept': 'ordini di produzione', 'queries': ['ordini di produzione']}]
REQUEST CONCEPTS: [{'concept': 'ordini di produzione', 'queries': ['ordini di produzione']}, {'concept': 'ultimi 10', 'queries': ['ultimi 10']}]
MODEL: mrp.workorder.less.production
SEMANTIC QUERIES: ['ordini di produzione']
SEMANTIC CONCEPTS: [{'concept': 'ordini di produzione', 'queries': ['ordini di produzione']}]
REQUEST CONCEPTS: [{'concept': 'ordini di produzione', 'queries': ['ordini di produzione']}, {'concept': 'ultimi 10', 'queries': ['ultimi 10']}]

===== SEMANTIC MODEL RESULTS =====
INPUT: Mostrami gli ultimi 10 ordini di produzione
 - mrp.workcenter.alarm | Modello che gestisce gli allarmi del centro di lavoro | score: 10.0
 - mrp.oee.history | Storico dell'OEE di un ordine di lavoro / centro di lavoro | score: 8.5
 - res.portant.kill.switch | Flag di selezione per ignorare le chiamate di una linea con Portant | score: 5.0
 - res.bc.down | Flag di selezione per indicare che BC non è collegato | score: 5.0
 - mrp.config.setting.wizard | Impostazioni di configurazione linee | score: 5.0
 - mrp.workcenter.employee.journal | Modello che gestisce lo storico ore di un dipendente in un determinato centro di lavoro | score: 5.0
 - mrp.workcenter.setup.employee.journal | Modello che gestisce lo storico ore di un dipendente per un setup | score: 5.0
 - mrp.workorder.less.production | Termina produzione | score: 5.0

===== DYNAMIC MODEL DISCOVERY =====
QUERY: Mostrami gli ultimi 10 ordini di produzione
REQUEST SEMANTIC CONCEPTS: [{'concept': 'ordini di produzione', 'queries': []}, {'concept': 'ultimi 10', 'queries': []}]
CANDIDATES:
 - mrp.workcenter.alarm | Modello che gestisce gli allarmi del centro di lavoro | score: 10.0
   semantic concepts: [{'concept': 'ordini di produzione', 'queries': ['ordini di produzione']}]
   request concepts: [{'concept': 'ordini di produzione', 'queries': ['ordini di produzione']}, {'concept': 'ultimi 10', 'queries': ['ultimi 10']}]
 - mrp.oee.history | Storico dell'OEE di un ordine di lavoro / centro di lavoro | score: 8.5
   semantic concepts: [{'concept': 'ordini di produzione', 'queries': ['ordini di produzione']}]
   request concepts: [{'concept': 'ordini di produzione', 'queries': ['ordini di produzione']}, {'concept': 'ultimi 10', 'queries': ['ultimi 10']}]
 - res.portant.kill.switch | Flag di selezione per ignorare le chiamate di una linea con Portant | score: 5.0
   semantic concepts: [{'concept': 'ordini di produzione', 'queries': ['ordini di produzione']}]
   request concepts: [{'concept': 'ordini di produzione', 'queries': ['ordini di produzione']}, {'concept': 'ultimi 10', 'queries': ['ultimi 10']}]
 - res.bc.down | Flag di selezione per indicare che BC non è collegato | score: 5.0
   semantic concepts: [{'concept': 'ordini di produzione', 'queries': ['ordini di produzione']}]
   request concepts: [{'concept': 'ordini di produzione', 'queries': ['ordini di produzione']}, {'concept': 'ultimi 10', 'queries': ['ultimi 10']}]
 - mrp.config.setting.wizard | Impostazioni di configurazione linee | score: 5.0
   semantic concepts: [{'concept': 'ordini di produzione', 'queries': ['ordini di produzione']}]
   request concepts: [{'concept': 'ordini di produzione', 'queries': ['ordini di produzione']}, {'concept': 'ultimi 10', 'queries': ['ultimi 10']}]
 - mrp.workcenter.employee.journal | Modello che gestisce lo storico ore di un dipendente in un determinato centro di lavoro | score: 5.0
   semantic concepts: [{'concept': 'ordini di produzione', 'queries': ['ordini di produzione']}]
   request concepts: [{'concept': 'ordini di produzione', 'queries': ['ordini di produzione']}, {'concept': 'ultimi 10', 'queries': ['ultimi 10']}]
 - mrp.workcenter.setup.employee.journal | Modello che gestisce lo storico ore di un dipendente per un setup | score: 5.0
   semantic concepts: [{'concept': 'ordini di produzione', 'queries': ['ordini di produzione']}]
   request concepts: [{'concept': 'ordini di produzione', 'queries': ['ordini di produzione']}, {'concept': 'ultimi 10', 'queries': ['ultimi 10']}]
 - mrp.workorder.less.production | Termina produzione | score: 5.0
   semantic concepts: [{'concept': 'ordini di produzione', 'queries': ['ordini di produzione']}]
   request concepts: [{'concept': 'ordini di produzione', 'queries': ['ordini di produzione']}, {'concept': 'ultimi 10', 'queries': ['ultimi 10']}]

===== PLANNER ATTEMPT =====
ATTEMPT: 1 / 4

===== DYNAMIC MODEL CANDIDATES AVAILABLE =====
 - mrp.workcenter.alarm | Modello che gestisce gli allarmi del centro di lavoro | score: 10.0 | concepts: [{'concept': 'ordini di produzione', 'queries': ['ordini di produzione']}] | request concepts: [{'concept': 'ordini di produzione', 'queries': ['ordini di produzione']}, {'concept': 'ultimi 10', 'queries': ['ultimi 10']}]
 - mrp.oee.history | Storico dell'OEE di un ordine di lavoro / centro di lavoro | score: 8.5 | concepts: [{'concept': 'ordini di produzione', 'queries': ['ordini di produzione']}] | request concepts: [{'concept': 'ordini di produzione', 'queries': ['ordini di produzione']}, {'concept': 'ultimi 10', 'queries': ['ultimi 10']}]
 - res.portant.kill.switch | Flag di selezione per ignorare le chiamate di una linea con Portant | score: 5.0 | concepts: [{'concept': 'ordini di produzione', 'queries': ['ordini di produzione']}] | request concepts: [{'concept': 'ordini di produzione', 'queries': ['ordini di produzione']}, {'concept': 'ultimi 10', 'queries': ['ultimi 10']}]
 - res.bc.down | Flag di selezione per indicare che BC non è collegato | score: 5.0 | concepts: [{'concept': 'ordini di produzione', 'queries': ['ordini di produzione']}] | request concepts: [{'concept': 'ordini di produzione', 'queries': ['ordini di produzione']}, {'concept': 'ultimi 10', 'queries': ['ultimi 10']}]
 - mrp.config.setting.wizard | Impostazioni di configurazione linee | score: 5.0 | concepts: [{'concept': 'ordini di produzione', 'queries': ['ordini di produzione']}] | request concepts: [{'concept': 'ordini di produzione', 'queries': ['ordini di produzione']}, {'concept': 'ultimi 10', 'queries': ['ultimi 10']}]
 - mrp.workcenter.employee.journal | Modello che gestisce lo storico ore di un dipendente in un determinato centro di lavoro | score: 5.0 | concepts: [{'concept': 'ordini di produzione', 'queries': ['ordini di produzione']}] | request concepts: [{'concept': 'ordini di produzione', 'queries': ['ordini di produzione']}, {'concept': 'ultimi 10', 'queries': ['ultimi 10']}]
 - mrp.workcenter.setup.employee.journal | Modello che gestisce lo storico ore di un dipendente per un setup | score: 5.0 | concepts: [{'concept': 'ordini di produzione', 'queries': ['ordini di produzione']}] | request concepts: [{'concept': 'ordini di produzione', 'queries': ['ordini di produzione']}, {'concept': 'ultimi 10', 'queries': ['ultimi 10']}]
 - mrp.workorder.less.production | Termina produzione | score: 5.0 | concepts: [{'concept': 'ordini di produzione', 'queries': ['ordini di produzione']}] | request concepts: [{'concept': 'ordini di produzione', 'queries': ['ordini di produzione']}, {'concept': 'ultimi 10', 'queries': ['ultimi 10']}]

===== QUERY NORMALIZATION =====
CURRENT REQUEST: Mostrami gli ultimi 10 ordini di produzione
AGGREGATION: {'is_aggregation': False, 'grouping_field': None, 'has_explicit_grouping': False, 'has_ranking': False, 'aggregation_hits': 0, 'detail_hits': 0}
TOTAL COUNT REQUEST: False
USE READ_GROUP: False
EXPLICIT MODEL: None
OPERATIONAL CONTEXT MODELS: []
CONTEXTUAL FOLLOW-UP: False
MODEL: mrp.production
METHOD: search_read
EXPLICIT LIMIT: 10
FINAL DOMAIN: []
FINAL PARAMS: {'domain': [], 'limit': 10, 'order': 'date_start DESC'}

===== CHIAMATA PORTANT (call_kw) =====
URL: http://10.100.12.131:6969/web/dataset/call_kw/mrp.production/fields_view_get
MODELLO: mrp.production
METHOD: fields_view_get
ARGS: []
KWARGS: {'view_type': 'tree', 'toolbar': False, 'submenu': False}

===== RISPOSTA PORTANT (call_kw) =====
HTTP STATUS: 200

===== ODOO TREE VIEW DISCOVERED =====
MODEL: mrp.production
VIEW ID: 706
VIEW STRING: Manufacturing Orders
DEFAULT ORDER: date_planned_start desc
VIEW FIELDS: ['message_needaction', 'name', 'date_planned_start', 'date_planned_finished', 'product_id', 'product_qty', 'product_uom_id', 'availability', 'routing_id', 'origin', 'state']
VISIBLE FIELDS: ['name', 'date_planned_start', 'date_planned_finished', 'product_id', 'product_qty', 'product_uom_id', 'availability', 'routing_id', 'state']

===== PLANNER PROPOSAL REJECTED =====
{
  "attempt": 1,
  "status": "REJECTED",
  "reason": "semantic_model_mismatch",
  "proposal": {
    "model": "mrp.production",
    "method": "search_read",
    "params": {
      "domain": [],
      "limit": 10,
      "order": "date_start DESC"
    }
  },
  "details": {
    "reason": "semantic_model_mismatch",
    "model": "mrp.production",
    "required_concepts": [
      "ordini di produzione",
      "ultimi 10"
    ],
    "selected_model_concepts": [],
    "compatible_candidates": [
      "mrp.workcenter.alarm",
      "mrp.oee.history",
      "res.portant.kill.switch",
      "res.bc.down",
      "mrp.config.setting.wizard",
      "mrp.workcenter.employee.journal",
      "mrp.workcenter.setup.employee.journal",
      "mrp.workorder.less.production"
    ]
  }
}

===== PLANNER ATTEMPT =====
ATTEMPT: 2 / 4

===== DYNAMIC MODEL CANDIDATES AVAILABLE =====
 - mrp.workcenter.alarm | Modello che gestisce gli allarmi del centro di lavoro | score: 10.0 | concepts: [{'concept': 'ordini di produzione', 'queries': ['ordini di produzione']}] | request concepts: [{'concept': 'ordini di produzione', 'queries': ['ordini di produzione']}, {'concept': 'ultimi 10', 'queries': ['ultimi 10']}]
 - mrp.oee.history | Storico dell'OEE di un ordine di lavoro / centro di lavoro | score: 8.5 | concepts: [{'concept': 'ordini di produzione', 'queries': ['ordini di produzione']}] | request concepts: [{'concept': 'ordini di produzione', 'queries': ['ordini di produzione']}, {'concept': 'ultimi 10', 'queries': ['ultimi 10']}]
 - res.portant.kill.switch | Flag di selezione per ignorare le chiamate di una linea con Portant | score: 5.0 | concepts: [{'concept': 'ordini di produzione', 'queries': ['ordini di produzione']}] | request concepts: [{'concept': 'ordini di produzione', 'queries': ['ordini di produzione']}, {'concept': 'ultimi 10', 'queries': ['ultimi 10']}]
 - res.bc.down | Flag di selezione per indicare che BC non è collegato | score: 5.0 | concepts: [{'concept': 'ordini di produzione', 'queries': ['ordini di produzione']}] | request concepts: [{'concept': 'ordini di produzione', 'queries': ['ordini di produzione']}, {'concept': 'ultimi 10', 'queries': ['ultimi 10']}]
 - mrp.config.setting.wizard | Impostazioni di configurazione linee | score: 5.0 | concepts: [{'concept': 'ordini di produzione', 'queries': ['ordini di produzione']}] | request concepts: [{'concept': 'ordini di produzione', 'queries': ['ordini di produzione']}, {'concept': 'ultimi 10', 'queries': ['ultimi 10']}]
 - mrp.workcenter.employee.journal | Modello che gestisce lo storico ore di un dipendente in un determinato centro di lavoro | score: 5.0 | concepts: [{'concept': 'ordini di produzione', 'queries': ['ordini di produzione']}] | request concepts: [{'concept': 'ordini di produzione', 'queries': ['ordini di produzione']}, {'concept': 'ultimi 10', 'queries': ['ultimi 10']}]
 - mrp.workcenter.setup.employee.journal | Modello che gestisce lo storico ore di un dipendente per un setup | score: 5.0 | concepts: [{'concept': 'ordini di produzione', 'queries': ['ordini di produzione']}] | request concepts: [{'concept': 'ordini di produzione', 'queries': ['ordini di produzione']}, {'concept': 'ultimi 10', 'queries': ['ultimi 10']}]
 - mrp.workorder.less.production | Termina produzione | score: 5.0 | concepts: [{'concept': 'ordini di produzione', 'queries': ['ordini di produzione']}] | request concepts: [{'concept': 'ordini di produzione', 'queries': ['ordini di produzione']}, {'concept': 'ultimi 10', 'queries': ['ultimi 10']}]

===== QUERY NORMALIZATION =====
CURRENT REQUEST: Mostrami gli ultimi 10 ordini di produzione
AGGREGATION: {'is_aggregation': False, 'grouping_field': None, 'has_explicit_grouping': False, 'has_ranking': False, 'aggregation_hits': 0, 'detail_hits': 0}
TOTAL COUNT REQUEST: False
USE READ_GROUP: False
EXPLICIT MODEL: None
OPERATIONAL CONTEXT MODELS: []
CONTEXTUAL FOLLOW-UP: False
MODEL: mrp.production
METHOD: search_read
EXPLICIT LIMIT: 10
FINAL DOMAIN: []
FINAL PARAMS: {'domain': [], 'limit': 10, 'order': 'create_date DESC'}

===== CHIAMATA PORTANT (call_kw) =====
URL: http://10.100.12.131:6969/web/dataset/call_kw/mrp.production/fields_view_get
MODELLO: mrp.production
METHOD: fields_view_get
ARGS: []
KWARGS: {'view_type': 'tree', 'toolbar': False, 'submenu': False}

===== RISPOSTA PORTANT (call_kw) =====
HTTP STATUS: 200

===== ODOO TREE VIEW DISCOVERED =====
MODEL: mrp.production
VIEW ID: 706
VIEW STRING: Manufacturing Orders
DEFAULT ORDER: date_planned_start desc
VIEW FIELDS: ['message_needaction', 'name', 'date_planned_start', 'date_planned_finished', 'product_id', 'product_qty', 'product_uom_id', 'availability', 'routing_id', 'origin', 'state']
VISIBLE FIELDS: ['name', 'date_planned_start', 'date_planned_finished', 'product_id', 'product_qty', 'product_uom_id', 'availability', 'routing_id', 'state']

===== PLANNER PROPOSAL REJECTED =====
{
  "attempt": 2,
  "status": "REJECTED",
  "reason": "semantic_model_mismatch",
  "proposal": {
    "model": "mrp.production",
    "method": "search_read",
    "params": {
      "domain": [],
      "limit": 10,
      "order": "create_date DESC"
    }
  },
  "details": {
    "reason": "semantic_model_mismatch",
    "model": "mrp.production",
    "required_concepts": [
      "ordini di produzione",
      "ultimi 10"
    ],
    "selected_model_concepts": [],
    "compatible_candidates": [
      "mrp.workcenter.alarm",
      "mrp.oee.history",
      "res.portant.kill.switch",
      "res.bc.down",
      "mrp.config.setting.wizard",
      "mrp.workcenter.employee.journal",
      "mrp.workcenter.setup.employee.journal",
      "mrp.workorder.less.production"
    ]
  }
}

===== PLANNER ATTEMPT =====
ATTEMPT: 3 / 4

===== DYNAMIC MODEL CANDIDATES AVAILABLE =====
 - mrp.workcenter.alarm | Modello che gestisce gli allarmi del centro di lavoro | score: 10.0 | concepts: [{'concept': 'ordini di produzione', 'queries': ['ordini di produzione']}] | request concepts: [{'concept': 'ordini di produzione', 'queries': ['ordini di produzione']}, {'concept': 'ultimi 10', 'queries': ['ultimi 10']}]
 - mrp.oee.history | Storico dell'OEE di un ordine di lavoro / centro di lavoro | score: 8.5 | concepts: [{'concept': 'ordini di produzione', 'queries': ['ordini di produzione']}] | request concepts: [{'concept': 'ordini di produzione', 'queries': ['ordini di produzione']}, {'concept': 'ultimi 10', 'queries': ['ultimi 10']}]
 - res.portant.kill.switch | Flag di selezione per ignorare le chiamate di una linea con Portant | score: 5.0 | concepts: [{'concept': 'ordini di produzione', 'queries': ['ordini di produzione']}] | request concepts: [{'concept': 'ordini di produzione', 'queries': ['ordini di produzione']}, {'concept': 'ultimi 10', 'queries': ['ultimi 10']}]
 - res.bc.down | Flag di selezione per indicare che BC non è collegato | score: 5.0 | concepts: [{'concept': 'ordini di produzione', 'queries': ['ordini di produzione']}] | request concepts: [{'concept': 'ordini di produzione', 'queries': ['ordini di produzione']}, {'concept': 'ultimi 10', 'queries': ['ultimi 10']}]
 - mrp.config.setting.wizard | Impostazioni di configurazione linee | score: 5.0 | concepts: [{'concept': 'ordini di produzione', 'queries': ['ordini di produzione']}] | request concepts: [{'concept': 'ordini di produzione', 'queries': ['ordini di produzione']}, {'concept': 'ultimi 10', 'queries': ['ultimi 10']}]
 - mrp.workcenter.employee.journal | Modello che gestisce lo storico ore di un dipendente in un determinato centro di lavoro | score: 5.0 | concepts: [{'concept': 'ordini di produzione', 'queries': ['ordini di produzione']}] | request concepts: [{'concept': 'ordini di produzione', 'queries': ['ordini di produzione']}, {'concept': 'ultimi 10', 'queries': ['ultimi 10']}]
 - mrp.workcenter.setup.employee.journal | Modello che gestisce lo storico ore di un dipendente per un setup | score: 5.0 | concepts: [{'concept': 'ordini di produzione', 'queries': ['ordini di produzione']}] | request concepts: [{'concept': 'ordini di produzione', 'queries': ['ordini di produzione']}, {'concept': 'ultimi 10', 'queries': ['ultimi 10']}]
 - mrp.workorder.less.production | Termina produzione | score: 5.0 | concepts: [{'concept': 'ordini di produzione', 'queries': ['ordini di produzione']}] | request concepts: [{'concept': 'ordini di produzione', 'queries': ['ordini di produzione']}, {'concept': 'ultimi 10', 'queries': ['ultimi 10']}]

===== QUERY NORMALIZATION =====
CURRENT REQUEST: Mostrami gli ultimi 10 ordini di produzione
AGGREGATION: {'is_aggregation': False, 'grouping_field': None, 'has_explicit_grouping': False, 'has_ranking': False, 'aggregation_hits': 0, 'detail_hits': 0}
TOTAL COUNT REQUEST: False
USE READ_GROUP: False
EXPLICIT MODEL: None
OPERATIONAL CONTEXT MODELS: []
CONTEXTUAL FOLLOW-UP: False
MODEL: mrp.production
METHOD: search_read
EXPLICIT LIMIT: 10
FINAL DOMAIN: []
FINAL PARAMS: {'domain': [], 'limit': 10, 'order': 'create_date DESC'}

===== CHIAMATA PORTANT (call_kw) =====
URL: http://10.100.12.131:6969/web/dataset/call_kw/mrp.production/fields_view_get
MODELLO: mrp.production
METHOD: fields_view_get
ARGS: []
KWARGS: {'view_type': 'tree', 'toolbar': False, 'submenu': False}

===== RISPOSTA PORTANT (call_kw) =====
HTTP STATUS: 200

===== ODOO TREE VIEW DISCOVERED =====
MODEL: mrp.production
VIEW ID: 706
VIEW STRING: Manufacturing Orders
DEFAULT ORDER: date_planned_start desc
VIEW FIELDS: ['message_needaction', 'name', 'date_planned_start', 'date_planned_finished', 'product_id', 'product_qty', 'product_uom_id', 'availability', 'routing_id', 'origin', 'state']
VISIBLE FIELDS: ['name', 'date_planned_start', 'date_planned_finished', 'product_id', 'product_qty', 'product_uom_id', 'availability', 'routing_id', 'state']

===== PLANNER PROPOSAL REJECTED =====
{
  "attempt": 3,
  "status": "REJECTED",
  "reason": "semantic_model_mismatch",
  "proposal": {
    "model": "mrp.production",
    "method": "search_read",
    "params": {
      "domain": [],
      "limit": 10,
      "order": "create_date DESC"
    }
  },
  "details": {
    "reason": "semantic_model_mismatch",
    "model": "mrp.production",
    "required_concepts": [
      "ordini di produzione",
      "ultimi 10"
    ],
    "selected_model_concepts": [],
    "compatible_candidates": [
      "mrp.workcenter.alarm",
      "mrp.oee.history",
      "res.portant.kill.switch",
      "res.bc.down",
      "mrp.config.setting.wizard",
      "mrp.workcenter.employee.journal",
      "mrp.workcenter.setup.employee.journal",
      "mrp.workorder.less.production"
    ]
  }
}

===== PLANNER ATTEMPT =====
ATTEMPT: 4 / 4

===== DYNAMIC MODEL CANDIDATES AVAILABLE =====
 - mrp.workcenter.alarm | Modello che gestisce gli allarmi del centro di lavoro | score: 10.0 | concepts: [{'concept': 'ordini di produzione', 'queries': ['ordini di produzione']}] | request concepts: [{'concept': 'ordini di produzione', 'queries': ['ordini di produzione']}, {'concept': 'ultimi 10', 'queries': ['ultimi 10']}]
 - mrp.oee.history | Storico dell'OEE di un ordine di lavoro / centro di lavoro | score: 8.5 | concepts: [{'concept': 'ordini di produzione', 'queries': ['ordini di produzione']}] | request concepts: [{'concept': 'ordini di produzione', 'queries': ['ordini di produzione']}, {'concept': 'ultimi 10', 'queries': ['ultimi 10']}]
 - res.portant.kill.switch | Flag di selezione per ignorare le chiamate di una linea con Portant | score: 5.0 | concepts: [{'concept': 'ordini di produzione', 'queries': ['ordini di produzione']}] | request concepts: [{'concept': 'ordini di produzione', 'queries': ['ordini di produzione']}, {'concept': 'ultimi 10', 'queries': ['ultimi 10']}]
 - res.bc.down | Flag di selezione per indicare che BC non è collegato | score: 5.0 | concepts: [{'concept': 'ordini di produzione', 'queries': ['ordini di produzione']}] | request concepts: [{'concept': 'ordini di produzione', 'queries': ['ordini di produzione']}, {'concept': 'ultimi 10', 'queries': ['ultimi 10']}]
 - mrp.config.setting.wizard | Impostazioni di configurazione linee | score: 5.0 | concepts: [{'concept': 'ordini di produzione', 'queries': ['ordini di produzione']}] | request concepts: [{'concept': 'ordini di produzione', 'queries': ['ordini di produzione']}, {'concept': 'ultimi 10', 'queries': ['ultimi 10']}]
 - mrp.workcenter.employee.journal | Modello che gestisce lo storico ore di un dipendente in un determinato centro di lavoro | score: 5.0 | concepts: [{'concept': 'ordini di produzione', 'queries': ['ordini di produzione']}] | request concepts: [{'concept': 'ordini di produzione', 'queries': ['ordini di produzione']}, {'concept': 'ultimi 10', 'queries': ['ultimi 10']}]
 - mrp.workcenter.setup.employee.journal | Modello che gestisce lo storico ore di un dipendente per un setup | score: 5.0 | concepts: [{'concept': 'ordini di produzione', 'queries': ['ordini di produzione']}] | request concepts: [{'concept': 'ordini di produzione', 'queries': ['ordini di produzione']}, {'concept': 'ultimi 10', 'queries': ['ultimi 10']}]
 - mrp.workorder.less.production | Termina produzione | score: 5.0 | concepts: [{'concept': 'ordini di produzione', 'queries': ['ordini di produzione']}] | request concepts: [{'concept': 'ordini di produzione', 'queries': ['ordini di produzione']}, {'concept': 'ultimi 10', 'queries': ['ultimi 10']}]

===== QUERY NORMALIZATION =====
CURRENT REQUEST: Mostrami gli ultimi 10 ordini di produzione
AGGREGATION: {'is_aggregation': False, 'grouping_field': None, 'has_explicit_grouping': False, 'has_ranking': False, 'aggregation_hits': 0, 'detail_hits': 0}
TOTAL COUNT REQUEST: False
USE READ_GROUP: False
EXPLICIT MODEL: None
OPERATIONAL CONTEXT MODELS: []
CONTEXTUAL FOLLOW-UP: False
MODEL: mrp.production
METHOD: search_read
EXPLICIT LIMIT: 10
FINAL DOMAIN: []
FINAL PARAMS: {'domain': [], 'limit': 10, 'order': 'create_date DESC'}

===== CHIAMATA PORTANT (call_kw) =====
URL: http://10.100.12.131:6969/web/dataset/call_kw/mrp.production/fields_view_get
MODELLO: mrp.production
METHOD: fields_view_get
ARGS: []
KWARGS: {'view_type': 'tree', 'toolbar': False, 'submenu': False}

===== RISPOSTA PORTANT (call_kw) =====
HTTP STATUS: 200

===== ODOO TREE VIEW DISCOVERED =====
MODEL: mrp.production
VIEW ID: 706
VIEW STRING: Manufacturing Orders
DEFAULT ORDER: date_planned_start desc
VIEW FIELDS: ['message_needaction', 'name', 'date_planned_start', 'date_planned_finished', 'product_id', 'product_qty', 'product_uom_id', 'availability', 'routing_id', 'origin', 'state']
VISIBLE FIELDS: ['name', 'date_planned_start', 'date_planned_finished', 'product_id', 'product_qty', 'product_uom_id', 'availability', 'routing_id', 'state']

===== PLANNER PROPOSAL REJECTED =====
{
  "attempt": 4,
  "status": "REJECTED",
  "reason": "semantic_model_mismatch",
  "proposal": {
    "model": "mrp.production",
    "method": "search_read",
    "params": {
      "domain": [],
      "limit": 10,
      "order": "create_date DESC"
    }
  },
  "details": {
    "reason": "semantic_model_mismatch",
    "model": "mrp.production",
    "required_concepts": [
      "ordini di produzione",
      "ultimi 10"
    ],
    "selected_model_concepts": [],
    "compatible_candidates": [
      "mrp.workcenter.alarm",
      "mrp.oee.history",
      "res.portant.kill.switch",
      "res.bc.down",
      "mrp.config.setting.wizard",
      "mrp.workcenter.employee.journal",
      "mrp.workcenter.setup.employee.journal",
      "mrp.workorder.less.production"
    ]
  }
}

===== PLANNER ATTEMPTS EXHAUSTED =====
MAX ATTEMPTS: 4
EXPERIENCE MEMORY FALLBACK REQUIRED

===== PLANNER EXHAUSTED =====
EXPERIENCE MEMORY FALLBACK REQUIRED

===== GRAPH ROUTE PLANNER =====
PLANNER EXHAUSTED: True
ROUTE: experience_memory

===== EXPERIENCE MEMORY FALLBACK =====
REQUEST: Mostrami gli ultimi 10 ordini di produzione
SEMANTIC CONCEPTS: ['ordini di produzione', 'ultimi 10']
EXPERIENCES FOUND: 7

===== EXPERIENCE CANDIDATE =====
INDEX: 1
EXPERIENCE ID: exp_dc65eea9649e4e3997ffa3a8896db086
STATUS: success
MODEL: mrp.production
METHOD: search_read

===== CHIAMATA PORTANT (call_kw) =====
URL: http://10.100.12.131:6969/web/dataset/call_kw/mrp.production/fields_view_get
MODELLO: mrp.production
METHOD: fields_view_get
ARGS: []
KWARGS: {'view_type': 'tree', 'toolbar': False, 'submenu': False}

===== RISPOSTA PORTANT (call_kw) =====
HTTP STATUS: 200

===== ODOO TREE VIEW DISCOVERED =====
MODEL: mrp.production
VIEW ID: 706
VIEW STRING: Manufacturing Orders
DEFAULT ORDER: date_planned_start desc
VIEW FIELDS: ['message_needaction', 'name', 'date_planned_start', 'date_planned_finished', 'product_id', 'product_qty', 'product_uom_id', 'availability', 'routing_id', 'origin', 'state']
VISIBLE FIELDS: ['name', 'date_planned_start', 'date_planned_finished', 'product_id', 'product_qty', 'product_uom_id', 'availability', 'routing_id', 'state']

===== CHIAMATA PORTANT (call_kw) =====
URL: http://10.100.12.131:6969/web/dataset/call_kw/mrp.production/fields_view_get
MODELLO: mrp.production
METHOD: fields_view_get
ARGS: []
KWARGS: {'view_type': 'tree', 'toolbar': False, 'submenu': False}

===== RISPOSTA PORTANT (call_kw) =====
HTTP STATUS: 200

===== ODOO TREE VIEW DISCOVERED =====
MODEL: mrp.production
VIEW ID: 706
VIEW STRING: Manufacturing Orders
DEFAULT ORDER: date_planned_start desc
VIEW FIELDS: ['message_needaction', 'name', 'date_planned_start', 'date_planned_finished', 'product_id', 'product_qty', 'product_uom_id', 'availability', 'routing_id', 'origin', 'state']
VISIBLE FIELDS: ['name', 'date_planned_start', 'date_planned_finished', 'product_id', 'product_qty', 'product_uom_id', 'availability', 'routing_id', 'state']

===== EXPERIENCE CANDIDATE ACCEPTED =====
EXPERIENCE ID: exp_dc65eea9649e4e3997ffa3a8896db086
MODEL: mrp.production
METHOD: search_read
REASON: historical solution compatible with current Odoo metadata

===== GRAPH ROUTE EXPERIENCE MEMORY =====
VALID HISTORICAL PLAN FOUND
ROUTE: odoo

===== PLANNER EXECUTION ATTEMPT =====
CURRENT ATTEMPT: 4

===== MULTI Portant EXECUTION =====
TOTAL PLANS: 1

============================================
===== Portant QUERY 1 =====
REQUEST: Mostrami gli ultimi 10 ordini di produzione
MODEL: mrp.production
METHOD: search_read
Portant DYNAMIC AGENT ESEGUITO

===== ODOO AGENT SEMANTIC CONTEXT =====
DYNAMIC MODEL CANDIDATES: 8
SEMANTIC CONCEPTS: [{'concept': 'ordini di produzione', 'queries': ['ordini di produzione']}, {'concept': 'ultimi 10', 'queries': ['ultimi 10']}]

===== Portant PLAN =====
{'agent': None, 'action': None, 'domain': [], 'parameters': {'model': 'mrp.production', 'method': 'search_read', 'params': {'fields': ['name', 'date_planned_start', 'date_planned_finished', 'product_id', 'product_qty', 'product_uom_id', 'availability', 'routing_id', 'state'], 'groupby': [], 'domain': [], 'orderby': None, 'order': 'date_start desc'}}}

===== MODEL DISCOVERY =====
MODEL: mrp.production
MODEL FOUND IN STATIC CATALOG
STATIC CATALOG USED ONLY AS MODEL POLICY
LOADING REAL ODOO FIELD METADATA...

===== CHIAMATA PORTANT (call_kw) =====
URL: http://10.100.12.131:6969/web/dataset/call_kw/mrp.production/fields_view_get
MODELLO: mrp.production
METHOD: fields_view_get
ARGS: []
KWARGS: {'view_type': 'tree', 'toolbar': False, 'submenu': False}

===== RISPOSTA PORTANT (call_kw) =====
HTTP STATUS: 200

===== ODOO TREE VIEW DISCOVERED =====
MODEL: mrp.production
VIEW ID: 706
VIEW STRING: Manufacturing Orders
DEFAULT ORDER: date_planned_start desc
VIEW FIELDS: ['message_needaction', 'name', 'date_planned_start', 'date_planned_finished', 'product_id', 'product_qty', 'product_uom_id', 'availability', 'routing_id', 'origin', 'state']
VISIBLE FIELDS: ['name', 'date_planned_start', 'date_planned_finished', 'product_id', 'product_qty', 'product_uom_id', 'availability', 'routing_id', 'state']

===== ODOO FIELD METADATA LOADED =====
MODEL: mrp.production
FIELDS: 119

===== DYNAMIC RELATION FIELDS =====
 - activity_type_id | Next Activity Type | relation: mail.activity.type
 - activity_user_id | Responsible | relation: res.users
 - bom_id | Bill of Material | relation: mrp.bom
 - bom_version_id | Bom Version | relation: mrp.bom.versioning
 - company_id | Company | relation: res.company
 - create_uid | Created by | relation: res.users
 - final_lot_id | Lotto/Numero Seriale | relation: stock.production.lot
 - location_dest_id | Finished Products Location | relation: stock.location
 - location_src_id | Raw Materials Location | relation: stock.location
 - material_used | Material Used | relation: stock.move
 - order_line_id | Order Line | relation: sale.order.line
 - parent_production_id | Production that has generated the demand | relation: mrp.production
 - picking_type_id | Operation Type | relation: stock.picking.type
 - procurement_group_id | Procurement Group | relation: procurement.group
 - product_id | Product | relation: product.product
 - product_tmpl_id | Product Template | relation: product.template
 - product_uom_id | Product Unit of Measure | relation: product.uom
 - production_location_id | Production Location | relation: stock.location
 - routing_id | Routing | relation: mrp.routing
 - routing_tmpl_id | Template | relation: mrp.routing.template
 - sale_order_id | Order Reference | relation: sale.order
 - user_id | Responsible | relation: res.users
 - workcenter_id | Workcenter | relation: mrp.workcenter
 - write_uid | Last Updated by | relation: res.users

===== SEMANTIC FIELD REJECTED =====
SOURCE FIELD: ordini di produzione
REASON: no field contains sufficient direct metadata evidence

===== SEMANTIC CONCEPT KEPT AS CONTEXT =====
CONCEPT: ordini di produzione
REASON: no sufficient metadata-backed field evidence; treated as entity/context concept

===== SEMANTIC FIELD REJECTED =====
SOURCE FIELD: ultimi 10
REASON: no field contains sufficient direct metadata evidence

===== SEMANTIC CONCEPT KEPT AS CONTEXT =====
CONCEPT: ultimi 10
REASON: no sufficient metadata-backed field evidence; treated as entity/context concept
FIELD COMPATIBLE: name -> name | exact technical match
FIELD COMPATIBLE: date_planned_start -> date_planned_start | exact technical match
FIELD COMPATIBLE: date_planned_finished -> date_planned_finished | exact technical match
FIELD COMPATIBLE: product_id -> product_id | exact technical match
FIELD COMPATIBLE: product_qty -> product_qty | exact technical match
FIELD COMPATIBLE: product_uom_id -> product_uom_id | exact technical match
FIELD COMPATIBLE: availability -> availability | exact technical match
FIELD COMPATIBLE: routing_id -> routing_id | exact technical match
FIELD COMPATIBLE: state -> state | exact technical match

===== DYNAMIC MODEL COMPATIBILITY PASSED =====
REQUIRED SEMANTIC CONCEPTS: [{'concept': 'ordini di produzione', 'queries': ['ordini di produzione']}, {'concept': 'ultimi 10', 'queries': ['ultimi 10']}]
REQUIRED FIELD HINTS: ['name', 'date_planned_start', 'date_planned_finished', 'product_id', 'product_qty', 'product_uom_id', 'availability', 'routing_id', 'state']
RESOLVED FIELDS: {'name': 'name', 'date_planned_start': 'date_planned_start', 'date_planned_finished': 'date_planned_finished', 'product_id': 'product_id', 'product_qty': 'product_qty', 'product_uom_id': 'product_uom_id', 'availability': 'availability', 'routing_id': 'routing_id', 'state': 'state'}

===== DYNAMIC HUMAN FIELDS FROM ODOO TREE VIEW =====
TREE VIEW: 706
TREE VIEW STRING: Manufacturing Orders
TREE VIEW FIELDS: ['name', 'date_planned_start', 'date_planned_finished', 'product_id', 'product_qty', 'product_uom_id', 'availability', 'routing_id', 'state']

===== ODOO TREE VIEW PRESENTATION PRIORITY =====
PRESENTATION SOURCE: ODOO TREE VIEW
FIELDS: ['name', 'date_planned_start', 'date_planned_finished', 'product_id', 'product_qty', 'product_uom_id', 'availability', 'routing_id', 'state']

===== FINAL GROUPBY =====
GROUPBY: []

===== ODOO PARAMETERS RESOLVED =====
FIELDS: ['name', 'date_planned_start', 'date_planned_finished', 'product_id', 'product_qty', 'product_uom_id', 'availability', 'routing_id', 'state']
GROUPBY: []
ORDERBY: None
ORDER: date_start desc
DOMAIN: []

===== VALIDATING Portant PARAMETERS =====

===== VALIDATED PARAMETERS =====
{'model': 'mrp.production', 'method': 'search_read', 'params': {'fields': ['name', 'date_planned_start', 'date_planned_finished', 'product_id', 'product_qty', 'product_uom_id', 'availability', 'routing_id', 'state'], 'groupby': [], 'domain': [], 'orderby': None, 'order': 'date_start desc'}}

===== FINAL ODOO PARAMETERS =====
MODEL: mrp.production
METHOD: search_read
FIELDS: ['name', 'date_planned_start', 'date_planned_finished', 'product_id', 'product_qty', 'product_uom_id', 'availability', 'routing_id', 'state']
GROUPBY: []
ORDERBY: None
DOMAIN: []

===== Portant REQUEST =====
URL: http://10.100.12.131:6969/api/mrp.production/search_read
BODY: {'fields': ['name', 'date_planned_start', 'date_planned_finished', 'product_id', 'product_qty', 'product_uom_id', 'availability', 'routing_id', 'state'], 'groupby': [], 'domain': [], 'orderby': None, 'order': 'date_start desc'}

===== RICHIESTA PORTANT =====
URL: http://10.100.12.131:6969/api/mrp.production/search_read
METHOD: POST
BODY: {'fields': ['name', 'date_planned_start', 'date_planned_finished', 'product_id', 'product_qty', 'product_uom_id', 'availability', 'routing_id', 'state'], 'groupby': [], 'domain': [], 'orderby': None, 'order': 'date_start desc'}

===== RISPOSTA PORTANT =====
HTTP STATUS: 200

===== Portant NORMALIZED RESULT =====
TYPE: records
COUNT: 367
TOTAL RECORDS: 367
RETURNED RECORDS: 367
LIMIT: 0
OFFSET: 0
PAGES: 1
HAS MORE: False

===== EXPERIENCE MEMORY =====
STATUS: SUCCESS
REQUEST: Mostrami gli ultimi 10 ordini di produzione
MODEL: mrp.production
METHOD: search_read

===== MULTI Portant COMPLETE =====
RESULTS: 1
SUCCESS: 1
FAILED: 0

===== ODOO EXECUTION SUCCESS =====
PLANNER ATTEMPT: 4

===== GRAPH ROUTE ODOO =====
EXECUTION FAILED: False
ROUTE: response

===== RESPONSE AGENT =====

===== MULTI QUERY RESPONSE DATA =====
TOTAL REQUESTS: 1
SUCCESS: 1
FAILED: 0
RECORDS AVAILABLE FROM ODOO: 367
RECORDS SENT TO RESPONSE LLM: 50

===== RESPONSE RESULT =====
Ho trovato 367 ordini di produzione. Ecco gli ultimi 10 in base alla data di conclusione pianificata:

| Nome | Prodotto | Quantità | Unità di misura | Data di inizio pianificata | Data di conclusione pianificata |
| --- | --- | ---: | --- | --- | --- |
| MO/2602601 | [S165005412] PF 564 CP/80 'LARSON INTERNATIONAL III' | 35.640 | MQ | 28 marzo 2026 | 28 marzo 2026 |
| MO/2602600 | [S131005294] PF 564 CP 'LASER' COMBI | 5.240 | MQ | 27 marzo 2026 | 28 marzo 2026 |
| MO/2602594 | [S135005464] PF 564 CP 'LASER' COMBI | 32.400 | MQ | 27 marzo 2026 | 27 marzo 2026 |
| MO/2602542 | [S257005057] PF 12/4 WP PV3 MP TRANSPARENT | 92.520 | MQ | 20 marzo 2026 | 20 marzo 2026 |
| MO/2602546 | [S257002304] PF 32/3/70 WP PV2 TRANSP | 15.420 | MQ | 20 marzo 2026 | 20 marzo 2026 |
| MO/2602545 | [S257002304] PF 32/3/70 WP PV2 TRANSP | 15.420 | MQ | 20 marzo 2026 | 20 marzo 2026 |
| MO/2602538 | [S257005507] PF 32/3/70 WP PV2 MP TRANSP | 19.275 | MQ | 20 marzo 2026 | 20 marzo 2026 |
| MO/2602536 | [S257004906] PF 12/4 WP PV3 TRANSPARENT | 30.840 | MQ | 20 marzo 2026 | 20 marzo 2026 |
| MO/2602065 | [S135005630] PF 14 CP/N/60/PLK TRANSP | 270 | MQ | 22 febbraio 2026 | 22 febbraio 2026 |
| MO/2602063 | [S135004459] PFT 14 CP/N/60 V2 PLK 'FENIX DOPPIA FRECCIA' | 27.000 | MQ | 22 febbraio 2026 | 22 febbraio 2026 |

===== SALVATAGGIO MEMORIA PORTANT =====
USER ID: 1
DATABASE: DM-PLF001-TIPREGO
CONVERSATION ID: 60f48c79-9124-458a-9e96-f07f4add063e
RECORD LINKS: [{'id': 385, 'model': 'mrp.production', 'label': 'MO/2600134', 'url': 'http://10.100.12.131:6969/web#id=385&model=mrp.production&view_type=form'}, {'id': 388, 'model': 'mrp.production', 'label': 'MO/2600137', 'url': 'http://10.100.12.131:6969/web#id=388&model=mrp.production&view_type=form'}, {'id': 2279, 'model': 'mrp.production', 'label': 'MO/2602028', 'url': 'http://10.100.12.131:6969/web#id=2279&model=mrp.production&view_type=form'}, {'id': 475, 'model': 'mrp.production', 'label': 'MO/2600224', 'url': 'http://10.100.12.131:6969/web#id=475&model=mrp.production&view_type=form'}, {'id': 476, 'model': 'mrp.production', 'label': 'MO/2600225', 'url': 'http://10.100.12.131:6969/web#id=476&model=mrp.production&view_type=form'}, {'id': 489, 'model': 'mrp.production', 'label': 'MO/2600238', 'url': 'http://10.100.12.131:6969/web#id=489&model=mrp.production&view_type=form'}, {'id': 490, 'model': 'mrp.production', 'label': 'MO/2600239', 'url': 'http://10.100.12.131:6969/web#id=490&model=mrp.production&view_type=form'}, {'id': 503, 'model': 'mrp.production', 'label': 'MO/2600252', 'url': 'http://10.100.12.131:6969/web#id=503&model=mrp.production&view_type=form'}, {'id': 504, 'model': 'mrp.production', 'label': 'MO/2600253', 'url': 'http://10.100.12.131:6969/web#id=504&model=mrp.production&view_type=form'}, {'id': 517, 'model': 'mrp.production', 'label': 'MO/2600266', 'url': 'http://10.100.12.131:6969/web#id=517&model=mrp.production&view_type=form'}, {'id': 518, 'model': 'mrp.production', 'label': 'MO/2600267', 'url': 'http://10.100.12.131:6969/web#id=518&model=mrp.production&view_type=form'}, {'id': 530, 'model': 'mrp.production', 'label': 'MO/2600279', 'url': 'http://10.100.12.131:6969/web#id=530&model=mrp.production&view_type=form'}, {'id': 531, 'model': 'mrp.production', 'label': 'MO/2600280', 'url': 'http://10.100.12.131:6969/web#id=531&model=mrp.production&view_type=form'}, {'id': 543, 'model': 'mrp.production', 'label': 'MO/2600292', 'url': 'http://10.100.12.131:6969/web#id=543&model=mrp.production&view_type=form'}, {'id': 544, 'model': 'mrp.production', 'label': 'MO/2600293', 'url': 'http://10.100.12.131:6969/web#id=544&model=mrp.production&view_type=form'}, {'id': 684, 'model': 'mrp.production', 'label': 'MO/2600433', 'url': 'http://10.100.12.131:6969/web#id=684&model=mrp.production&view_type=form'}, {'id': 2302, 'model': 'mrp.production', 'label': 'MO/2602051', 'url': 'http://10.100.12.131:6969/web#id=2302&model=mrp.production&view_type=form'}, {'id': 1043, 'model': 'mrp.production', 'label': 'MO/2600792', 'url': 'http://10.100.12.131:6969/web#id=1043&model=mrp.production&view_type=form'}, {'id': 1033, 'model': 'mrp.production', 'label': 'MO/2600782', 'url': 'http://10.100.12.131:6969/web#id=1033&model=mrp.production&view_type=form'}, {'id': 1122, 'model': 'mrp.production', 'label': 'MO/2600871', 'url': 'http://10.100.12.131:6969/web#id=1122&model=mrp.production&view_type=form'}, {'id': 1123, 'model': 'mrp.production', 'label': 'MO/2600872', 'url': 'http://10.100.12.131:6969/web#id=1123&model=mrp.production&view_type=form'}, {'id': 1125, 'model': 'mrp.production', 'label': 'MO/2600874', 'url': 'http://10.100.12.131:6969/web#id=1125&model=mrp.production&view_type=form'}, {'id': 1126, 'model': 'mrp.production', 'label': 'MO/2600875', 'url': 'http://10.100.12.131:6969/web#id=1126&model=mrp.production&view_type=form'}, {'id': 1127, 'model': 'mrp.production', 'label': 'MO/2600876', 'url': 'http://10.100.12.131:6969/web#id=1127&model=mrp.production&view_type=form'}, {'id': 1128, 'model': 'mrp.production', 'label': 'MO/2600877', 'url': 'http://10.100.12.131:6969/web#id=1128&model=mrp.production&view_type=form'}, {'id': 1129, 'model': 'mrp.production', 'label': 'MO/2600878', 'url': 'http://10.100.12.131:6969/web#id=1129&model=mrp.production&view_type=form'}, {'id': 1130, 'model': 'mrp.production', 'label': 'MO/2600879', 'url': 'http://10.100.12.131:6969/web#id=1130&model=mrp.production&view_type=form'}, {'id': 1131, 'model': 'mrp.production', 'label': 'MO/2600880', 'url': 'http://10.100.12.131:6969/web#id=1131&model=mrp.production&view_type=form'}, {'id': 1132, 'model': 'mrp.production', 'label': 'MO/2600881', 'url': 'http://10.100.12.131:6969/web#id=1132&model=mrp.production&view_type=form'}, {'id': 1133, 'model': 'mrp.production', 'label': 'MO/2600882', 'url': 'http://10.100.12.131:6969/web#id=1133&model=mrp.production&view_type=form'}, {'id': 1134, 'model': 'mrp.production', 'label': 'MO/2600883', 'url': 'http://10.100.12.131:6969/web#id=1134&model=mrp.production&view_type=form'}, {'id': 1135, 'model': 'mrp.production', 'label': 'MO/2600884', 'url': 'http://10.100.12.131:6969/web#id=1135&model=mrp.production&view_type=form'}, {'id': 1136, 'model': 'mrp.production', 'label': 'MO/2600885', 'url': 'http://10.100.12.131:6969/web#id=1136&model=mrp.production&view_type=form'}, {'id': 1138, 'model': 'mrp.production', 'label': 'MO/2600887', 'url': 'http://10.100.12.131:6969/web#id=1138&model=mrp.production&view_type=form'}, {'id': 2306, 'model': 'mrp.production', 'label': 'MO/2602055', 'url': 'http://10.100.12.131:6969/web#id=2306&model=mrp.production&view_type=form'}, {'id': 2848, 'model': 'mrp.production', 'label': 'MO/2602536', 'url': 'http://10.100.12.131:6969/web#id=2848&model=mrp.production&view_type=form'}, {'id': 2307, 'model': 'mrp.production', 'label': 'MO/2602056', 'url': 'http://10.100.12.131:6969/web#id=2307&model=mrp.production&view_type=form'}, {'id': 2308, 'model': 'mrp.production', 'label': 'MO/2602057', 'url': 'http://10.100.12.131:6969/web#id=2308&model=mrp.production&view_type=form'}, {'id': 2314, 'model': 'mrp.production', 'label': 'MO/2602063', 'url': 'http://10.100.12.131:6969/web#id=2314&model=mrp.production&view_type=form'}, {'id': 2316, 'model': 'mrp.production', 'label': 'MO/2602065', 'url': 'http://10.100.12.131:6969/web#id=2316&model=mrp.production&view_type=form'}, {'id': 2850, 'model': 'mrp.production', 'label': 'MO/2602538', 'url': 'http://10.100.12.131:6969/web#id=2850&model=mrp.production&view_type=form'}, {'id': 2906, 'model': 'mrp.production', 'label': 'MO/2602594', 'url': 'http://10.100.12.131:6969/web#id=2906&model=mrp.production&view_type=form'}, {'id': 2851, 'model': 'mrp.production', 'label': 'MO/2602539', 'url': 'http://10.100.12.131:6969/web#id=2851&model=mrp.production&view_type=form'}, {'id': 2854, 'model': 'mrp.production', 'label': 'MO/2602542', 'url': 'http://10.100.12.131:6969/web#id=2854&model=mrp.production&view_type=form'}, {'id': 2855, 'model': 'mrp.production', 'label': 'MO/2602543', 'url': 'http://10.100.12.131:6969/web#id=2855&model=mrp.production&view_type=form'}, {'id': 2856, 'model': 'mrp.production', 'label': 'MO/2602544', 'url': 'http://10.100.12.131:6969/web#id=2856&model=mrp.production&view_type=form'}, {'id': 2857, 'model': 'mrp.production', 'label': 'MO/2602545', 'url': 'http://10.100.12.131:6969/web#id=2857&model=mrp.production&view_type=form'}, {'id': 2912, 'model': 'mrp.production', 'label': 'MO/2602600', 'url': 'http://10.100.12.131:6969/web#id=2912&model=mrp.production&view_type=form'}, {'id': 2913, 'model': 'mrp.production', 'label': 'MO/2602601', 'url': 'http://10.100.12.131:6969/web#id=2913&model=mrp.production&view_type=form'}, {'id': 2858, 'model': 'mrp.production', 'label': 'MO/2602546', 'url': 'http://10.100.12.131:6969/web#id=2858&model=mrp.production&view_type=form'}, {'id': 2914, 'model': 'mrp.production', 'label': 'MO/2602602', 'url': 'http://10.100.12.131:6969/web#id=2914&model=mrp.production&view_type=form'}, {'id': 2859, 'model': 'mrp.production', 'label': 'MO/2602547', 'url': 'http://10.100.12.131:6969/web#id=2859&model=mrp.production&view_type=form'}, {'id': 2915, 'model': 'mrp.production', 'label': 'MO/2602603', 'url': 'http://10.100.12.131:6969/web#id=2915&model=mrp.production&view_type=form'}, {'id': 2916, 'model': 'mrp.production', 'label': 'MO/2602604', 'url': 'http://10.100.12.131:6969/web#id=2916&model=mrp.production&view_type=form'}, {'id': 2865, 'model': 'mrp.production', 'label': 'MO/2602553', 'url': 'http://10.100.12.131:6969/web#id=2865&model=mrp.production&view_type=form'}, {'id': 2917, 'model': 'mrp.production', 'label': 'MO/2602605', 'url': 'http://10.100.12.131:6969/web#id=2917&model=mrp.production&view_type=form'}, {'id': 2910, 'model': 'mrp.production', 'label': 'MO/2602598', 'url': 'http://10.100.12.131:6969/web#id=2910&model=mrp.production&view_type=form'}, {'id': 2909, 'model': 'mrp.production', 'label': 'MO/2602597', 'url': 'http://10.100.12.131:6969/web#id=2909&model=mrp.production&view_type=form'}, {'id': 2911, 'model': 'mrp.production', 'label': 'MO/2602599', 'url': 'http://10.100.12.131:6969/web#id=2911&model=mrp.production&view_type=form'}, {'id': 2908, 'model': 'mrp.production', 'label': 'MO/2602596', 'url': 'http://10.100.12.131:6969/web#id=2908&model=mrp.production&view_type=form'}, {'id': 2907, 'model': 'mrp.production', 'label': 'MO/2602595', 'url': 'http://10.100.12.131:6969/web#id=2907&model=mrp.production&view_type=form'}, {'id': 2897, 'model': 'mrp.production', 'label': 'MO/2602585', 'url': 'http://10.100.12.131:6969/web#id=2897&model=mrp.production&view_type=form'}, {'id': 2894, 'model': 'mrp.production', 'label': 'MO/2602582', 'url': 'http://10.100.12.131:6969/web#id=2894&model=mrp.production&view_type=form'}, {'id': 2895, 'model': 'mrp.production', 'label': 'MO/2602583', 'url': 'http://10.100.12.131:6969/web#id=2895&model=mrp.production&view_type=form'}, {'id': 2893, 'model': 'mrp.production', 'label': 'MO/2602581', 'url': 'http://10.100.12.131:6969/web#id=2893&model=mrp.production&view_type=form'}, {'id': 2892, 'model': 'mrp.production', 'label': 'MO/2602580', 'url': 'http://10.100.12.131:6969/web#id=2892&model=mrp.production&view_type=form'}, {'id': 2901, 'model': 'mrp.production', 'label': 'MO/2602589', 'url': 'http://10.100.12.131:6969/web#id=2901&model=mrp.production&view_type=form'}, {'id': 2899, 'model': 'mrp.production', 'label': 'MO/2602587', 'url': 'http://10.100.12.131:6969/web#id=2899&model=mrp.production&view_type=form'}, {'id': 2904, 'model': 'mrp.production', 'label': 'MO/2602592', 'url': 'http://10.100.12.131:6969/web#id=2904&model=mrp.production&view_type=form'}, {'id': 2889, 'model': 'mrp.production', 'label': 'MO/2602577', 'url': 'http://10.100.12.131:6969/web#id=2889&model=mrp.production&view_type=form'}, {'id': 2886, 'model': 'mrp.production', 'label': 'MO/2602574', 'url': 'http://10.100.12.131:6969/web#id=2886&model=mrp.production&view_type=form'}, {'id': 2888, 'model': 'mrp.production', 'label': 'MO/2602576', 'url': 'http://10.100.12.131:6969/web#id=2888&model=mrp.production&view_type=form'}, {'id': 2870, 'model': 'mrp.production', 'label': 'MO/2602558', 'url': 'http://10.100.12.131:6969/web#id=2870&model=mrp.production&view_type=form'}, {'id': 2869, 'model': 'mrp.production', 'label': 'MO/2602557', 'url': 'http://10.100.12.131:6969/web#id=2869&model=mrp.production&view_type=form'}, {'id': 2868, 'model': 'mrp.production', 'label': 'MO/2602556', 'url': 'http://10.100.12.131:6969/web#id=2868&model=mrp.production&view_type=form'}, {'id': 2878, 'model': 'mrp.production', 'label': 'MO/2602566', 'url': 'http://10.100.12.131:6969/web#id=2878&model=mrp.production&view_type=form'}, {'id': 2877, 'model': 'mrp.production', 'label': 'MO/2602565', 'url': 'http://10.100.12.131:6969/web#id=2877&model=mrp.production&view_type=form'}, {'id': 2873, 'model': 'mrp.production', 'label': 'MO/2602561', 'url': 'http://10.100.12.131:6969/web#id=2873&model=mrp.production&view_type=form'}, {'id': 2867, 'model': 'mrp.production', 'label': 'MO/2602555', 'url': 'http://10.100.12.131:6969/web#id=2867&model=mrp.production&view_type=form'}, {'id': 2882, 'model': 'mrp.production', 'label': 'MO/2602570', 'url': 'http://10.100.12.131:6969/web#id=2882&model=mrp.production&view_type=form'}, {'id': 2881, 'model': 'mrp.production', 'label': 'MO/2602569', 'url': 'http://10.100.12.131:6969/web#id=2881&model=mrp.production&view_type=form'}, {'id': 2871, 'model': 'mrp.production', 'label': 'MO/2602559', 'url': 'http://10.100.12.131:6969/web#id=2871&model=mrp.production&view_type=form'}, {'id': 2880, 'model': 'mrp.production', 'label': 'MO/2602568', 'url': 'http://10.100.12.131:6969/web#id=2880&model=mrp.production&view_type=form'}, {'id': 2879, 'model': 'mrp.production', 'label': 'MO/2602567', 'url': 'http://10.100.12.131:6969/web#id=2879&model=mrp.production&view_type=form'}, {'id': 2814, 'model': 'mrp.production', 'label': 'MO/2602502', 'url': 'http://10.100.12.131:6969/web#id=2814&model=mrp.production&view_type=form'}, {'id': 2806, 'model': 'mrp.production', 'label': 'MO/2602494', 'url': 'http://10.100.12.131:6969/web#id=2806&model=mrp.production&view_type=form'}, {'id': 2809, 'model': 'mrp.production', 'label': 'MO/2602497', 'url': 'http://10.100.12.131:6969/web#id=2809&model=mrp.production&view_type=form'}, {'id': 2808, 'model': 'mrp.production', 'label': 'MO/2602496', 'url': 'http://10.100.12.131:6969/web#id=2808&model=mrp.production&view_type=form'}, {'id': 2812, 'model': 'mrp.production', 'label': 'MO/2602500', 'url': 'http://10.100.12.131:6969/web#id=2812&model=mrp.production&view_type=form'}, {'id': 2804, 'model': 'mrp.production', 'label': 'MO/2602492', 'url': 'http://10.100.12.131:6969/web#id=2804&model=mrp.production&view_type=form'}, {'id': 2853, 'model': 'mrp.production', 'label': 'MO/2602541', 'url': 'http://10.100.12.131:6969/web#id=2853&model=mrp.production&view_type=form'}, {'id': 2800, 'model': 'mrp.production', 'label': 'MO/2602488', 'url': 'http://10.100.12.131:6969/web#id=2800&model=mrp.production&view_type=form'}, {'id': 2852, 'model': 'mrp.production', 'label': 'MO/2602540', 'url': 'http://10.100.12.131:6969/web#id=2852&model=mrp.production&view_type=form'}, {'id': 2863, 'model': 'mrp.production', 'label': 'MO/2602551', 'url': 'http://10.100.12.131:6969/web#id=2863&model=mrp.production&view_type=form'}, {'id': 2797, 'model': 'mrp.production', 'label': 'MO/2602485', 'url': 'http://10.100.12.131:6969/web#id=2797&model=mrp.production&view_type=form'}, {'id': 2862, 'model': 'mrp.production', 'label': 'MO/2602550', 'url': 'http://10.100.12.131:6969/web#id=2862&model=mrp.production&view_type=form'}, {'id': 2795, 'model': 'mrp.production', 'label': 'MO/2602483', 'url': 'http://10.100.12.131:6969/web#id=2795&model=mrp.production&view_type=form'}, {'id': 2860, 'model': 'mrp.production', 'label': 'MO/2602548', 'url': 'http://10.100.12.131:6969/web#id=2860&model=mrp.production&view_type=form'}, {'id': 2861, 'model': 'mrp.production', 'label': 'MO/2602549', 'url': 'http://10.100.12.131:6969/web#id=2861&model=mrp.production&view_type=form'}, {'id': 2794, 'model': 'mrp.production', 'label': 'MO/2602482', 'url': 'http://10.100.12.131:6969/web#id=2794&model=mrp.production&view_type=form'}, {'id': 2849, 'model': 'mrp.production', 'label': 'MO/2602537', 'url': 'http://10.100.12.131:6969/web#id=2849&model=mrp.production&view_type=form'}, {'id': 2864, 'model': 'mrp.production', 'label': 'MO/2602552', 'url': 'http://10.100.12.131:6969/web#id=2864&model=mrp.production&view_type=form'}, {'id': 2866, 'model': 'mrp.production', 'label': 'MO/2602554', 'url': 'http://10.100.12.131:6969/web#id=2866&model=mrp.production&view_type=form'}, {'id': 2835, 'model': 'mrp.production', 'label': 'MO/2602523', 'url': 'http://10.100.12.131:6969/web#id=2835&model=mrp.production&view_type=form'}, {'id': 2793, 'model': 'mrp.production', 'label': 'MO/2602481', 'url': 'http://10.100.12.131:6969/web#id=2793&model=mrp.production&view_type=form'}, {'id': 2802, 'model': 'mrp.production', 'label': 'MO/2602490', 'url': 'http://10.100.12.131:6969/web#id=2802&model=mrp.production&view_type=form'}, {'id': 2803, 'model': 'mrp.production', 'label': 'MO/2602491', 'url': 'http://10.100.12.131:6969/web#id=2803&model=mrp.production&view_type=form'}, {'id': 2801, 'model': 'mrp.production', 'label': 'MO/2602489', 'url': 'http://10.100.12.131:6969/web#id=2801&model=mrp.production&view_type=form'}, {'id': 2834, 'model': 'mrp.production', 'label': 'MO/2602522', 'url': 'http://10.100.12.131:6969/web#id=2834&model=mrp.production&view_type=form'}, {'id': 2837, 'model': 'mrp.production', 'label': 'MO/2602525', 'url': 'http://10.100.12.131:6969/web#id=2837&model=mrp.production&view_type=form'}, {'id': 2844, 'model': 'mrp.production', 'label': 'MO/2602532', 'url': 'http://10.100.12.131:6969/web#id=2844&model=mrp.production&view_type=form'}, {'id': 2796, 'model': 'mrp.production', 'label': 'MO/2602484', 'url': 'http://10.100.12.131:6969/web#id=2796&model=mrp.production&view_type=form'}, {'id': 2845, 'model': 'mrp.production', 'label': 'MO/2602533', 'url': 'http://10.100.12.131:6969/web#id=2845&model=mrp.production&view_type=form'}, {'id': 2772, 'model': 'mrp.production', 'label': 'MO/2602460', 'url': 'http://10.100.12.131:6969/web#id=2772&model=mrp.production&view_type=form'}, {'id': 2773, 'model': 'mrp.production', 'label': 'MO/2602461', 'url': 'http://10.100.12.131:6969/web#id=2773&model=mrp.production&view_type=form'}, {'id': 2775, 'model': 'mrp.production', 'label': 'MO/2602463', 'url': 'http://10.100.12.131:6969/web#id=2775&model=mrp.production&view_type=form'}, {'id': 2733, 'model': 'mrp.production', 'label': 'MO/2602421', 'url': 'http://10.100.12.131:6969/web#id=2733&model=mrp.production&view_type=form'}, {'id': 2774, 'model': 'mrp.production', 'label': 'MO/2602462', 'url': 'http://10.100.12.131:6969/web#id=2774&model=mrp.production&view_type=form'}, {'id': 2750, 'model': 'mrp.production', 'label': 'MO/2602438', 'url': 'http://10.100.12.131:6969/web#id=2750&model=mrp.production&view_type=form'}, {'id': 2765, 'model': 'mrp.production', 'label': 'MO/2602453', 'url': 'http://10.100.12.131:6969/web#id=2765&model=mrp.production&view_type=form'}, {'id': 2730, 'model': 'mrp.production', 'label': 'MO/2602418', 'url': 'http://10.100.12.131:6969/web#id=2730&model=mrp.production&view_type=form'}, {'id': 2729, 'model': 'mrp.production', 'label': 'MO/2602417', 'url': 'http://10.100.12.131:6969/web#id=2729&model=mrp.production&view_type=form'}, {'id': 2728, 'model': 'mrp.production', 'label': 'MO/2602416', 'url': 'http://10.100.12.131:6969/web#id=2728&model=mrp.production&view_type=form'}, {'id': 2758, 'model': 'mrp.production', 'label': 'MO/2602446', 'url': 'http://10.100.12.131:6969/web#id=2758&model=mrp.production&view_type=form'}, {'id': 2752, 'model': 'mrp.production', 'label': 'MO/2602440', 'url': 'http://10.100.12.131:6969/web#id=2752&model=mrp.production&view_type=form'}, {'id': 2747, 'model': 'mrp.production', 'label': 'MO/2602435', 'url': 'http://10.100.12.131:6969/web#id=2747&model=mrp.production&view_type=form'}, {'id': 2736, 'model': 'mrp.production', 'label': 'MO/2602424', 'url': 'http://10.100.12.131:6969/web#id=2736&model=mrp.production&view_type=form'}, {'id': 2764, 'model': 'mrp.production', 'label': 'MO/2602452', 'url': 'http://10.100.12.131:6969/web#id=2764&model=mrp.production&view_type=form'}, {'id': 2735, 'model': 'mrp.production', 'label': 'MO/2602423', 'url': 'http://10.100.12.131:6969/web#id=2735&model=mrp.production&view_type=form'}, {'id': 2726, 'model': 'mrp.production', 'label': 'MO/2602414', 'url': 'http://10.100.12.131:6969/web#id=2726&model=mrp.production&view_type=form'}, {'id': 2734, 'model': 'mrp.production', 'label': 'MO/2602422', 'url': 'http://10.100.12.131:6969/web#id=2734&model=mrp.production&view_type=form'}, {'id': 2767, 'model': 'mrp.production', 'label': 'MO/2602455', 'url': 'http://10.100.12.131:6969/web#id=2767&model=mrp.production&view_type=form'}, {'id': 2725, 'model': 'mrp.production', 'label': 'MO/2602413', 'url': 'http://10.100.12.131:6969/web#id=2725&model=mrp.production&view_type=form'}, {'id': 2768, 'model': 'mrp.production', 'label': 'MO/2602456', 'url': 'http://10.100.12.131:6969/web#id=2768&model=mrp.production&view_type=form'}, {'id': 2732, 'model': 'mrp.production', 'label': 'MO/2602420', 'url': 'http://10.100.12.131:6969/web#id=2732&model=mrp.production&view_type=form'}, {'id': 2731, 'model': 'mrp.production', 'label': 'MO/2602419', 'url': 'http://10.100.12.131:6969/web#id=2731&model=mrp.production&view_type=form'}, {'id': 2719, 'model': 'mrp.production', 'label': 'MO/2602407', 'url': 'http://10.100.12.131:6969/web#id=2719&model=mrp.production&view_type=form'}, {'id': 2721, 'model': 'mrp.production', 'label': 'MO/2602409', 'url': 'http://10.100.12.131:6969/web#id=2721&model=mrp.production&view_type=form'}, {'id': 2720, 'model': 'mrp.production', 'label': 'MO/2602408', 'url': 'http://10.100.12.131:6969/web#id=2720&model=mrp.production&view_type=form'}, {'id': 2770, 'model': 'mrp.production', 'label': 'MO/2602458', 'url': 'http://10.100.12.131:6969/web#id=2770&model=mrp.production&view_type=form'}, {'id': 2737, 'model': 'mrp.production', 'label': 'MO/2602425', 'url': 'http://10.100.12.131:6969/web#id=2737&model=mrp.production&view_type=form'}, {'id': 2769, 'model': 'mrp.production', 'label': 'MO/2602457', 'url': 'http://10.100.12.131:6969/web#id=2769&model=mrp.production&view_type=form'}, {'id': 2722, 'model': 'mrp.production', 'label': 'MO/2602410', 'url': 'http://10.100.12.131:6969/web#id=2722&model=mrp.production&view_type=form'}, {'id': 2716, 'model': 'mrp.production', 'label': 'MO/2602404', 'url': 'http://10.100.12.131:6969/web#id=2716&model=mrp.production&view_type=form'}, {'id': 2742, 'model': 'mrp.production', 'label': 'MO/2602430', 'url': 'http://10.100.12.131:6969/web#id=2742&model=mrp.production&view_type=form'}, {'id': 2744, 'model': 'mrp.production', 'label': 'MO/2602432', 'url': 'http://10.100.12.131:6969/web#id=2744&model=mrp.production&view_type=form'}, {'id': 2743, 'model': 'mrp.production', 'label': 'MO/2602431', 'url': 'http://10.100.12.131:6969/web#id=2743&model=mrp.production&view_type=form'}, {'id': 2741, 'model': 'mrp.production', 'label': 'MO/2602429', 'url': 'http://10.100.12.131:6969/web#id=2741&model=mrp.production&view_type=form'}, {'id': 2689, 'model': 'mrp.production', 'label': 'MO/2602377', 'url': 'http://10.100.12.131:6969/web#id=2689&model=mrp.production&view_type=form'}, {'id': 2687, 'model': 'mrp.production', 'label': 'MO/2602375', 'url': 'http://10.100.12.131:6969/web#id=2687&model=mrp.production&view_type=form'}, {'id': 2699, 'model': 'mrp.production', 'label': 'MO/2602387', 'url': 'http://10.100.12.131:6969/web#id=2699&model=mrp.production&view_type=form'}, {'id': 2690, 'model': 'mrp.production', 'label': 'MO/2602378', 'url': 'http://10.100.12.131:6969/web#id=2690&model=mrp.production&view_type=form'}, {'id': 2694, 'model': 'mrp.production', 'label': 'MO/2602382', 'url': 'http://10.100.12.131:6969/web#id=2694&model=mrp.production&view_type=form'}, {'id': 2659, 'model': 'mrp.production', 'label': 'MO/2602347', 'url': 'http://10.100.12.131:6969/web#id=2659&model=mrp.production&view_type=form'}, {'id': 2662, 'model': 'mrp.production', 'label': 'MO/2602350', 'url': 'http://10.100.12.131:6969/web#id=2662&model=mrp.production&view_type=form'}, {'id': 2663, 'model': 'mrp.production', 'label': 'MO/2602351', 'url': 'http://10.100.12.131:6969/web#id=2663&model=mrp.production&view_type=form'}, {'id': 2658, 'model': 'mrp.production', 'label': 'MO/2602346', 'url': 'http://10.100.12.131:6969/web#id=2658&model=mrp.production&view_type=form'}, {'id': 2657, 'model': 'mrp.production', 'label': 'MO/2602345', 'url': 'http://10.100.12.131:6969/web#id=2657&model=mrp.production&view_type=form'}, {'id': 2651, 'model': 'mrp.production', 'label': 'MO/2602339', 'url': 'http://10.100.12.131:6969/web#id=2651&model=mrp.production&view_type=form'}, {'id': 2626, 'model': 'mrp.production', 'label': 'MO/2602314', 'url': 'http://10.100.12.131:6969/web#id=2626&model=mrp.production&view_type=form'}, {'id': 2622, 'model': 'mrp.production', 'label': 'MO/2602310', 'url': 'http://10.100.12.131:6969/web#id=2622&model=mrp.production&view_type=form'}, {'id': 2620, 'model': 'mrp.production', 'label': 'MO/2602308', 'url': 'http://10.100.12.131:6969/web#id=2620&model=mrp.production&view_type=form'}, {'id': 2625, 'model': 'mrp.production', 'label': 'MO/2602313', 'url': 'http://10.100.12.131:6969/web#id=2625&model=mrp.production&view_type=form'}, {'id': 2623, 'model': 'mrp.production', 'label': 'MO/2602311', 'url': 'http://10.100.12.131:6969/web#id=2623&model=mrp.production&view_type=form'}, {'id': 2645, 'model': 'mrp.production', 'label': 'MO/2602333', 'url': 'http://10.100.12.131:6969/web#id=2645&model=mrp.production&view_type=form'}, {'id': 2621, 'model': 'mrp.production', 'label': 'MO/2602309', 'url': 'http://10.100.12.131:6969/web#id=2621&model=mrp.production&view_type=form'}, {'id': 2637, 'model': 'mrp.production', 'label': 'MO/2602325', 'url': 'http://10.100.12.131:6969/web#id=2637&model=mrp.production&view_type=form'}, {'id': 2642, 'model': 'mrp.production', 'label': 'MO/2602330', 'url': 'http://10.100.12.131:6969/web#id=2642&model=mrp.production&view_type=form'}, {'id': 2644, 'model': 'mrp.production', 'label': 'MO/2602332', 'url': 'http://10.100.12.131:6969/web#id=2644&model=mrp.production&view_type=form'}, {'id': 2589, 'model': 'mrp.production', 'label': 'MO/2602277', 'url': 'http://10.100.12.131:6969/web#id=2589&model=mrp.production&view_type=form'}, {'id': 2594, 'model': 'mrp.production', 'label': 'MO/2602282', 'url': 'http://10.100.12.131:6969/web#id=2594&model=mrp.production&view_type=form'}, {'id': 2624, 'model': 'mrp.production', 'label': 'MO/2602312', 'url': 'http://10.100.12.131:6969/web#id=2624&model=mrp.production&view_type=form'}, {'id': 2578, 'model': 'mrp.production', 'label': 'MO/2602266', 'url': 'http://10.100.12.131:6969/web#id=2578&model=mrp.production&view_type=form'}, {'id': 2588, 'model': 'mrp.production', 'label': 'MO/2602276', 'url': 'http://10.100.12.131:6969/web#id=2588&model=mrp.production&view_type=form'}, {'id': 2581, 'model': 'mrp.production', 'label': 'MO/2602269', 'url': 'http://10.100.12.131:6969/web#id=2581&model=mrp.production&view_type=form'}, {'id': 2580, 'model': 'mrp.production', 'label': 'MO/2602268', 'url': 'http://10.100.12.131:6969/web#id=2580&model=mrp.production&view_type=form'}, {'id': 2593, 'model': 'mrp.production', 'label': 'MO/2602281', 'url': 'http://10.100.12.131:6969/web#id=2593&model=mrp.production&view_type=form'}, {'id': 2579, 'model': 'mrp.production', 'label': 'MO/2602267', 'url': 'http://10.100.12.131:6969/web#id=2579&model=mrp.production&view_type=form'}, {'id': 2596, 'model': 'mrp.production', 'label': 'MO/2602284', 'url': 'http://10.100.12.131:6969/web#id=2596&model=mrp.production&view_type=form'}, {'id': 2592, 'model': 'mrp.production', 'label': 'MO/2602280', 'url': 'http://10.100.12.131:6969/web#id=2592&model=mrp.production&view_type=form'}, {'id': 2583, 'model': 'mrp.production', 'label': 'MO/2602271', 'url': 'http://10.100.12.131:6969/web#id=2583&model=mrp.production&view_type=form'}, {'id': 2584, 'model': 'mrp.production', 'label': 'MO/2602272', 'url': 'http://10.100.12.131:6969/web#id=2584&model=mrp.production&view_type=form'}, {'id': 2563, 'model': 'mrp.production', 'label': 'MO/2602251', 'url': 'http://10.100.12.131:6969/web#id=2563&model=mrp.production&view_type=form'}, {'id': 2591, 'model': 'mrp.production', 'label': 'MO/2602279', 'url': 'http://10.100.12.131:6969/web#id=2591&model=mrp.production&view_type=form'}, {'id': 2587, 'model': 'mrp.production', 'label': 'MO/2602275', 'url': 'http://10.100.12.131:6969/web#id=2587&model=mrp.production&view_type=form'}, {'id': 2595, 'model': 'mrp.production', 'label': 'MO/2602283', 'url': 'http://10.100.12.131:6969/web#id=2595&model=mrp.production&view_type=form'}, {'id': 2560, 'model': 'mrp.production', 'label': 'MO/2602248', 'url': 'http://10.100.12.131:6969/web#id=2560&model=mrp.production&view_type=form'}, {'id': 2564, 'model': 'mrp.production', 'label': 'MO/2602252', 'url': 'http://10.100.12.131:6969/web#id=2564&model=mrp.production&view_type=form'}, {'id': 2569, 'model': 'mrp.production', 'label': 'MO/2602257', 'url': 'http://10.100.12.131:6969/web#id=2569&model=mrp.production&view_type=form'}, {'id': 2562, 'model': 'mrp.production', 'label': 'MO/2602250', 'url': 'http://10.100.12.131:6969/web#id=2562&model=mrp.production&view_type=form'}, {'id': 2552, 'model': 'mrp.production', 'label': 'MO/2602240', 'url': 'http://10.100.12.131:6969/web#id=2552&model=mrp.production&view_type=form'}, {'id': 2566, 'model': 'mrp.production', 'label': 'MO/2602254', 'url': 'http://10.100.12.131:6969/web#id=2566&model=mrp.production&view_type=form'}, {'id': 2557, 'model': 'mrp.production', 'label': 'MO/2602245', 'url': 'http://10.100.12.131:6969/web#id=2557&model=mrp.production&view_type=form'}, {'id': 2567, 'model': 'mrp.production', 'label': 'MO/2602255', 'url': 'http://10.100.12.131:6969/web#id=2567&model=mrp.production&view_type=form'}, {'id': 2554, 'model': 'mrp.production', 'label': 'MO/2602242', 'url': 'http://10.100.12.131:6969/web#id=2554&model=mrp.production&view_type=form'}, {'id': 2577, 'model': 'mrp.production', 'label': 'MO/2602265', 'url': 'http://10.100.12.131:6969/web#id=2577&model=mrp.production&view_type=form'}, {'id': 2555, 'model': 'mrp.production', 'label': 'MO/2602243', 'url': 'http://10.100.12.131:6969/web#id=2555&model=mrp.production&view_type=form'}, {'id': 2561, 'model': 'mrp.production', 'label': 'MO/2602249', 'url': 'http://10.100.12.131:6969/web#id=2561&model=mrp.production&view_type=form'}, {'id': 2507, 'model': 'mrp.production', 'label': 'MO/2602195', 'url': 'http://10.100.12.131:6969/web#id=2507&model=mrp.production&view_type=form'}, {'id': 2446, 'model': 'mrp.production', 'label': 'MO/2602134', 'url': 'http://10.100.12.131:6969/web#id=2446&model=mrp.production&view_type=form'}, {'id': 2503, 'model': 'mrp.production', 'label': 'MO/2602191', 'url': 'http://10.100.12.131:6969/web#id=2503&model=mrp.production&view_type=form'}, {'id': 2447, 'model': 'mrp.production', 'label': 'MO/2602135', 'url': 'http://10.100.12.131:6969/web#id=2447&model=mrp.production&view_type=form'}, {'id': 2543, 'model': 'mrp.production', 'label': 'MO/2602231', 'url': 'http://10.100.12.131:6969/web#id=2543&model=mrp.production&view_type=form'}, {'id': 2442, 'model': 'mrp.production', 'label': 'MO/2602130', 'url': 'http://10.100.12.131:6969/web#id=2442&model=mrp.production&view_type=form'}, {'id': 2538, 'model': 'mrp.production', 'label': 'MO/2602226', 'url': 'http://10.100.12.131:6969/web#id=2538&model=mrp.production&view_type=form'}, {'id': 2542, 'model': 'mrp.production', 'label': 'MO/2602230', 'url': 'http://10.100.12.131:6969/web#id=2542&model=mrp.production&view_type=form'}, {'id': 2535, 'model': 'mrp.production', 'label': 'MO/2602223', 'url': 'http://10.100.12.131:6969/web#id=2535&model=mrp.production&view_type=form'}, {'id': 2545, 'model': 'mrp.production', 'label': 'MO/2602233', 'url': 'http://10.100.12.131:6969/web#id=2545&model=mrp.production&view_type=form'}, {'id': 2440, 'model': 'mrp.production', 'label': 'MO/2602128', 'url': 'http://10.100.12.131:6969/web#id=2440&model=mrp.production&view_type=form'}, {'id': 2441, 'model': 'mrp.production', 'label': 'MO/2602129', 'url': 'http://10.100.12.131:6969/web#id=2441&model=mrp.production&view_type=form'}, {'id': 2534, 'model': 'mrp.production', 'label': 'MO/2602222', 'url': 'http://10.100.12.131:6969/web#id=2534&model=mrp.production&view_type=form'}, {'id': 2533, 'model': 'mrp.production', 'label': 'MO/2602221', 'url': 'http://10.100.12.131:6969/web#id=2533&model=mrp.production&view_type=form'}, {'id': 2541, 'model': 'mrp.production', 'label': 'MO/2602229', 'url': 'http://10.100.12.131:6969/web#id=2541&model=mrp.production&view_type=form'}, {'id': 2536, 'model': 'mrp.production', 'label': 'MO/2602224', 'url': 'http://10.100.12.131:6969/web#id=2536&model=mrp.production&view_type=form'}, {'id': 2540, 'model': 'mrp.production', 'label': 'MO/2602228', 'url': 'http://10.100.12.131:6969/web#id=2540&model=mrp.production&view_type=form'}, {'id': 2547, 'model': 'mrp.production', 'label': 'MO/2602235', 'url': 'http://10.100.12.131:6969/web#id=2547&model=mrp.production&view_type=form'}, {'id': 2537, 'model': 'mrp.production', 'label': 'MO/2602225', 'url': 'http://10.100.12.131:6969/web#id=2537&model=mrp.production&view_type=form'}, {'id': 2544, 'model': 'mrp.production', 'label': 'MO/2602232', 'url': 'http://10.100.12.131:6969/web#id=2544&model=mrp.production&view_type=form'}, {'id': 2546, 'model': 'mrp.production', 'label': 'MO/2602234', 'url': 'http://10.100.12.131:6969/web#id=2546&model=mrp.production&view_type=form'}, {'id': 2539, 'model': 'mrp.production', 'label': 'MO/2602227', 'url': 'http://10.100.12.131:6969/web#id=2539&model=mrp.production&view_type=form'}, {'id': 2548, 'model': 'mrp.production', 'label': 'MO/2602236', 'url': 'http://10.100.12.131:6969/web#id=2548&model=mrp.production&view_type=form'}, {'id': 2549, 'model': 'mrp.production', 'label': 'MO/2602237', 'url': 'http://10.100.12.131:6969/web#id=2549&model=mrp.production&view_type=form'}, {'id': 2512, 'model': 'mrp.production', 'label': 'MO/2602200', 'url': 'http://10.100.12.131:6969/web#id=2512&model=mrp.production&view_type=form'}, {'id': 2443, 'model': 'mrp.production', 'label': 'MO/2602131', 'url': 'http://10.100.12.131:6969/web#id=2443&model=mrp.production&view_type=form'}, {'id': 2513, 'model': 'mrp.production', 'label': 'MO/2602201', 'url': 'http://10.100.12.131:6969/web#id=2513&model=mrp.production&view_type=form'}, {'id': 2515, 'model': 'mrp.production', 'label': 'MO/2602203', 'url': 'http://10.100.12.131:6969/web#id=2515&model=mrp.production&view_type=form'}, {'id': 2514, 'model': 'mrp.production', 'label': 'MO/2602202', 'url': 'http://10.100.12.131:6969/web#id=2514&model=mrp.production&view_type=form'}, {'id': 2444, 'model': 'mrp.production', 'label': 'MO/2602132', 'url': 'http://10.100.12.131:6969/web#id=2444&model=mrp.production&view_type=form'}, {'id': 2471, 'model': 'mrp.production', 'label': 'MO/2602159', 'url': 'http://10.100.12.131:6969/web#id=2471&model=mrp.production&view_type=form'}, {'id': 2445, 'model': 'mrp.production', 'label': 'MO/2602133', 'url': 'http://10.100.12.131:6969/web#id=2445&model=mrp.production&view_type=form'}, {'id': 2480, 'model': 'mrp.production', 'label': 'MO/2602168', 'url': 'http://10.100.12.131:6969/web#id=2480&model=mrp.production&view_type=form'}, {'id': 2477, 'model': 'mrp.production', 'label': 'MO/2602165', 'url': 'http://10.100.12.131:6969/web#id=2477&model=mrp.production&view_type=form'}, {'id': 2481, 'model': 'mrp.production', 'label': 'MO/2602169', 'url': 'http://10.100.12.131:6969/web#id=2481&model=mrp.production&view_type=form'}, {'id': 2483, 'model': 'mrp.production', 'label': 'MO/2602171', 'url': 'http://10.100.12.131:6969/web#id=2483&model=mrp.production&view_type=form'}, {'id': 2464, 'model': 'mrp.production', 'label': 'MO/2602152', 'url': 'http://10.100.12.131:6969/web#id=2464&model=mrp.production&view_type=form'}, {'id': 2430, 'model': 'mrp.production', 'label': 'MO/2602118', 'url': 'http://10.100.12.131:6969/web#id=2430&model=mrp.production&view_type=form'}, {'id': 2412, 'model': 'mrp.production', 'label': 'MO/2602100', 'url': 'http://10.100.12.131:6969/web#id=2412&model=mrp.production&view_type=form'}, {'id': 2404, 'model': 'mrp.production', 'label': 'MO/2602092', 'url': 'http://10.100.12.131:6969/web#id=2404&model=mrp.production&view_type=form'}, {'id': 2434, 'model': 'mrp.production', 'label': 'MO/2602122', 'url': 'http://10.100.12.131:6969/web#id=2434&model=mrp.production&view_type=form'}, {'id': 2417, 'model': 'mrp.production', 'label': 'MO/2602105', 'url': 'http://10.100.12.131:6969/web#id=2417&model=mrp.production&view_type=form'}, {'id': 2411, 'model': 'mrp.production', 'label': 'MO/2602099', 'url': 'http://10.100.12.131:6969/web#id=2411&model=mrp.production&view_type=form'}, {'id': 2422, 'model': 'mrp.production', 'label': 'MO/2602110', 'url': 'http://10.100.12.131:6969/web#id=2422&model=mrp.production&view_type=form'}, {'id': 2410, 'model': 'mrp.production', 'label': 'MO/2602098', 'url': 'http://10.100.12.131:6969/web#id=2410&model=mrp.production&view_type=form'}, {'id': 2436, 'model': 'mrp.production', 'label': 'MO/2602124', 'url': 'http://10.100.12.131:6969/web#id=2436&model=mrp.production&view_type=form'}, {'id': 2413, 'model': 'mrp.production', 'label': 'MO/2602101', 'url': 'http://10.100.12.131:6969/web#id=2413&model=mrp.production&view_type=form'}, {'id': 2409, 'model': 'mrp.production', 'label': 'MO/2602097', 'url': 'http://10.100.12.131:6969/web#id=2409&model=mrp.production&view_type=form'}, {'id': 2399, 'model': 'mrp.production', 'label': 'MO/2602087', 'url': 'http://10.100.12.131:6969/web#id=2399&model=mrp.production&view_type=form'}, {'id': 2350, 'model': 'mrp.production', 'label': 'MO/2602038', 'url': 'http://10.100.12.131:6969/web#id=2350&model=mrp.production&view_type=form'}, {'id': 2400, 'model': 'mrp.production', 'label': 'MO/2602088', 'url': 'http://10.100.12.131:6969/web#id=2400&model=mrp.production&view_type=form'}, {'id': 2349, 'model': 'mrp.production', 'label': 'MO/2602037', 'url': 'http://10.100.12.131:6969/web#id=2349&model=mrp.production&view_type=form'}, {'id': 2392, 'model': 'mrp.production', 'label': 'MO/2602080', 'url': 'http://10.100.12.131:6969/web#id=2392&model=mrp.production&view_type=form'}, {'id': 2344, 'model': 'mrp.production', 'label': 'MO/2602032', 'url': 'http://10.100.12.131:6969/web#id=2344&model=mrp.production&view_type=form'}, {'id': 2345, 'model': 'mrp.production', 'label': 'MO/2602033', 'url': 'http://10.100.12.131:6969/web#id=2345&model=mrp.production&view_type=form'}, {'id': 2391, 'model': 'mrp.production', 'label': 'MO/2602079', 'url': 'http://10.100.12.131:6969/web#id=2391&model=mrp.production&view_type=form'}, {'id': 2357, 'model': 'mrp.production', 'label': 'MO/2602045', 'url': 'http://10.100.12.131:6969/web#id=2357&model=mrp.production&view_type=form'}, {'id': 2395, 'model': 'mrp.production', 'label': 'MO/2602083', 'url': 'http://10.100.12.131:6969/web#id=2395&model=mrp.production&view_type=form'}, {'id': 2383, 'model': 'mrp.production', 'label': 'MO/2602071', 'url': 'http://10.100.12.131:6969/web#id=2383&model=mrp.production&view_type=form'}, {'id': 2358, 'model': 'mrp.production', 'label': 'MO/2602046', 'url': 'http://10.100.12.131:6969/web#id=2358&model=mrp.production&view_type=form'}, {'id': 2378, 'model': 'mrp.production', 'label': 'MO/2602066', 'url': 'http://10.100.12.131:6969/web#id=2378&model=mrp.production&view_type=form'}, {'id': 2355, 'model': 'mrp.production', 'label': 'MO/2602043', 'url': 'http://10.100.12.131:6969/web#id=2355&model=mrp.production&view_type=form'}, {'id': 2387, 'model': 'mrp.production', 'label': 'MO/2602075', 'url': 'http://10.100.12.131:6969/web#id=2387&model=mrp.production&view_type=form'}, {'id': 2402, 'model': 'mrp.production', 'label': 'MO/2602090', 'url': 'http://10.100.12.131:6969/web#id=2402&model=mrp.production&view_type=form'}, {'id': 2385, 'model': 'mrp.production', 'label': 'MO/2602073', 'url': 'http://10.100.12.131:6969/web#id=2385&model=mrp.production&view_type=form'}, {'id': 2359, 'model': 'mrp.production', 'label': 'MO/2602047', 'url': 'http://10.100.12.131:6969/web#id=2359&model=mrp.production&view_type=form'}, {'id': 2379, 'model': 'mrp.production', 'label': 'MO/2602067', 'url': 'http://10.100.12.131:6969/web#id=2379&model=mrp.production&view_type=form'}, {'id': 2403, 'model': 'mrp.production', 'label': 'MO/2602091', 'url': 'http://10.100.12.131:6969/web#id=2403&model=mrp.production&view_type=form'}, {'id': 2346, 'model': 'mrp.production', 'label': 'MO/2602034', 'url': 'http://10.100.12.131:6969/web#id=2346&model=mrp.production&view_type=form'}, {'id': 2320, 'model': 'mrp.production', 'label': 'MO/2602008', 'url': 'http://10.100.12.131:6969/web#id=2320&model=mrp.production&view_type=form'}, {'id': 2329, 'model': 'mrp.production', 'label': 'MO/2602017', 'url': 'http://10.100.12.131:6969/web#id=2329&model=mrp.production&view_type=form'}, {'id': 2326, 'model': 'mrp.production', 'label': 'MO/2602014', 'url': 'http://10.100.12.131:6969/web#id=2326&model=mrp.production&view_type=form'}, {'id': 2347, 'model': 'mrp.production', 'label': 'MO/2602035', 'url': 'http://10.100.12.131:6969/web#id=2347&model=mrp.production&view_type=form'}, {'id': 2325, 'model': 'mrp.production', 'label': 'MO/2602013', 'url': 'http://10.100.12.131:6969/web#id=2325&model=mrp.production&view_type=form'}, {'id': 2322, 'model': 'mrp.production', 'label': 'MO/2602010', 'url': 'http://10.100.12.131:6969/web#id=2322&model=mrp.production&view_type=form'}, {'id': 2333, 'model': 'mrp.production', 'label': 'MO/2602021', 'url': 'http://10.100.12.131:6969/web#id=2333&model=mrp.production&view_type=form'}, {'id': 2360, 'model': 'mrp.production', 'label': 'MO/2602048', 'url': 'http://10.100.12.131:6969/web#id=2360&model=mrp.production&view_type=form'}, {'id': 2331, 'model': 'mrp.production', 'label': 'MO/2602019', 'url': 'http://10.100.12.131:6969/web#id=2331&model=mrp.production&view_type=form'}, {'id': 2324, 'model': 'mrp.production', 'label': 'MO/2602012', 'url': 'http://10.100.12.131:6969/web#id=2324&model=mrp.production&view_type=form'}, {'id': 2356, 'model': 'mrp.production', 'label': 'MO/2602044', 'url': 'http://10.100.12.131:6969/web#id=2356&model=mrp.production&view_type=form'}, {'id': 2204, 'model': 'mrp.production', 'label': 'MO/2601953', 'url': 'http://10.100.12.131:6969/web#id=2204&model=mrp.production&view_type=form'}, {'id': 2342, 'model': 'mrp.production', 'label': 'MO/2602030', 'url': 'http://10.100.12.131:6969/web#id=2342&model=mrp.production&view_type=form'}, {'id': 2196, 'model': 'mrp.production', 'label': 'MO/2601945', 'url': 'http://10.100.12.131:6969/web#id=2196&model=mrp.production&view_type=form'}, {'id': 2328, 'model': 'mrp.production', 'label': 'MO/2602016', 'url': 'http://10.100.12.131:6969/web#id=2328&model=mrp.production&view_type=form'}, {'id': 2205, 'model': 'mrp.production', 'label': 'MO/2601954', 'url': 'http://10.100.12.131:6969/web#id=2205&model=mrp.production&view_type=form'}, {'id': 2195, 'model': 'mrp.production', 'label': 'MO/2601944', 'url': 'http://10.100.12.131:6969/web#id=2195&model=mrp.production&view_type=form'}, {'id': 2197, 'model': 'mrp.production', 'label': 'MO/2601946', 'url': 'http://10.100.12.131:6969/web#id=2197&model=mrp.production&view_type=form'}, {'id': 2327, 'model': 'mrp.production', 'label': 'MO/2602015', 'url': 'http://10.100.12.131:6969/web#id=2327&model=mrp.production&view_type=form'}, {'id': 2194, 'model': 'mrp.production', 'label': 'MO/2601943', 'url': 'http://10.100.12.131:6969/web#id=2194&model=mrp.production&view_type=form'}, {'id': 2323, 'model': 'mrp.production', 'label': 'MO/2602011', 'url': 'http://10.100.12.131:6969/web#id=2323&model=mrp.production&view_type=form'}, {'id': 2334, 'model': 'mrp.production', 'label': 'MO/2602022', 'url': 'http://10.100.12.131:6969/web#id=2334&model=mrp.production&view_type=form'}, {'id': 2227, 'model': 'mrp.production', 'label': 'MO/2601976', 'url': 'http://10.100.12.131:6969/web#id=2227&model=mrp.production&view_type=form'}, {'id': 2237, 'model': 'mrp.production', 'label': 'MO/2601986', 'url': 'http://10.100.12.131:6969/web#id=2237&model=mrp.production&view_type=form'}, {'id': 2332, 'model': 'mrp.production', 'label': 'MO/2602020', 'url': 'http://10.100.12.131:6969/web#id=2332&model=mrp.production&view_type=form'}, {'id': 2224, 'model': 'mrp.production', 'label': 'MO/2601973', 'url': 'http://10.100.12.131:6969/web#id=2224&model=mrp.production&view_type=form'}, {'id': 2319, 'model': 'mrp.production', 'label': 'MO/2602007', 'url': 'http://10.100.12.131:6969/web#id=2319&model=mrp.production&view_type=form'}, {'id': 2318, 'model': 'mrp.production', 'label': 'MO/2602006', 'url': 'http://10.100.12.131:6969/web#id=2318&model=mrp.production&view_type=form'}, {'id': 2330, 'model': 'mrp.production', 'label': 'MO/2602018', 'url': 'http://10.100.12.131:6969/web#id=2330&model=mrp.production&view_type=form'}, {'id': 2255, 'model': 'mrp.production', 'label': 'MO/2602004', 'url': 'http://10.100.12.131:6969/web#id=2255&model=mrp.production&view_type=form'}, {'id': 2254, 'model': 'mrp.production', 'label': 'MO/2602003', 'url': 'http://10.100.12.131:6969/web#id=2254&model=mrp.production&view_type=form'}, {'id': 2253, 'model': 'mrp.production', 'label': 'MO/2602002', 'url': 'http://10.100.12.131:6969/web#id=2253&model=mrp.production&view_type=form'}, {'id': 2317, 'model': 'mrp.production', 'label': 'MO/2602005', 'url': 'http://10.100.12.131:6969/web#id=2317&model=mrp.production&view_type=form'}, {'id': 2250, 'model': 'mrp.production', 'label': 'MO/2601999', 'url': 'http://10.100.12.131:6969/web#id=2250&model=mrp.production&view_type=form'}, {'id': 2240, 'model': 'mrp.production', 'label': 'MO/2601989', 'url': 'http://10.100.12.131:6969/web#id=2240&model=mrp.production&view_type=form'}, {'id': 2238, 'model': 'mrp.production', 'label': 'MO/2601987', 'url': 'http://10.100.12.131:6969/web#id=2238&model=mrp.production&view_type=form'}, {'id': 2249, 'model': 'mrp.production', 'label': 'MO/2601998', 'url': 'http://10.100.12.131:6969/web#id=2249&model=mrp.production&view_type=form'}, {'id': 2239, 'model': 'mrp.production', 'label': 'MO/2601988', 'url': 'http://10.100.12.131:6969/web#id=2239&model=mrp.production&view_type=form'}, {'id': 2225, 'model': 'mrp.production', 'label': 'MO/2601974', 'url': 'http://10.100.12.131:6969/web#id=2225&model=mrp.production&view_type=form'}, {'id': 2236, 'model': 'mrp.production', 'label': 'MO/2601985', 'url': 'http://10.100.12.131:6969/web#id=2236&model=mrp.production&view_type=form'}, {'id': 2090, 'model': 'mrp.production', 'label': 'MO/2601839', 'url': 'http://10.100.12.131:6969/web#id=2090&model=mrp.production&view_type=form'}, {'id': 1124, 'model': 'mrp.production', 'label': 'MO/2600873', 'url': 'http://10.100.12.131:6969/web#id=1124&model=mrp.production&view_type=form'}, {'id': 1137, 'model': 'mrp.production', 'label': 'MO/2600886', 'url': 'http://10.100.12.131:6969/web#id=1137&model=mrp.production&view_type=form'}, {'id': 1089, 'model': 'mrp.production', 'label': 'MO/2600838', 'url': 'http://10.100.12.131:6969/web#id=1089&model=mrp.production&view_type=form'}, {'id': 1088, 'model': 'mrp.production', 'label': 'MO/2600837', 'url': 'http://10.100.12.131:6969/web#id=1088&model=mrp.production&view_type=form'}, {'id': 1082, 'model': 'mrp.production', 'label': 'MO/2600831', 'url': 'http://10.100.12.131:6969/web#id=1082&model=mrp.production&view_type=form'}, {'id': 1064, 'model': 'mrp.production', 'label': 'MO/2600813', 'url': 'http://10.100.12.131:6969/web#id=1064&model=mrp.production&view_type=form'}, {'id': 1058, 'model': 'mrp.production', 'label': 'MO/2600807', 'url': 'http://10.100.12.131:6969/web#id=1058&model=mrp.production&view_type=form'}, {'id': 1003, 'model': 'mrp.production', 'label': 'MO/2600752', 'url': 'http://10.100.12.131:6969/web#id=1003&model=mrp.production&view_type=form'}, {'id': 970, 'model': 'mrp.production', 'label': 'MO/2600719', 'url': 'http://10.100.12.131:6969/web#id=970&model=mrp.production&view_type=form'}, {'id': 976, 'model': 'mrp.production', 'label': 'MO/2600725', 'url': 'http://10.100.12.131:6969/web#id=976&model=mrp.production&view_type=form'}, {'id': 886, 'model': 'mrp.production', 'label': 'MO/2600635', 'url': 'http://10.100.12.131:6969/web#id=886&model=mrp.production&view_type=form'}, {'id': 878, 'model': 'mrp.production', 'label': 'MO/2600627', 'url': 'http://10.100.12.131:6969/web#id=878&model=mrp.production&view_type=form'}, {'id': 823, 'model': 'mrp.production', 'label': 'MO/2600572', 'url': 'http://10.100.12.131:6969/web#id=823&model=mrp.production&view_type=form'}, {'id': 852, 'model': 'mrp.production', 'label': 'MO/2600601', 'url': 'http://10.100.12.131:6969/web#id=852&model=mrp.production&view_type=form'}, {'id': 827, 'model': 'mrp.production', 'label': 'MO/2600576', 'url': 'http://10.100.12.131:6969/web#id=827&model=mrp.production&view_type=form'}, {'id': 826, 'model': 'mrp.production', 'label': 'MO/2600575', 'url': 'http://10.100.12.131:6969/web#id=826&model=mrp.production&view_type=form'}, {'id': 816, 'model': 'mrp.production', 'label': 'MO/2600565', 'url': 'http://10.100.12.131:6969/web#id=816&model=mrp.production&view_type=form'}, {'id': 790, 'model': 'mrp.production', 'label': 'MO/2600539', 'url': 'http://10.100.12.131:6969/web#id=790&model=mrp.production&view_type=form'}, {'id': 783, 'model': 'mrp.production', 'label': 'MO/2600532', 'url': 'http://10.100.12.131:6969/web#id=783&model=mrp.production&view_type=form'}, {'id': 755, 'model': 'mrp.production', 'label': 'MO/2600504', 'url': 'http://10.100.12.131:6969/web#id=755&model=mrp.production&view_type=form'}, {'id': 732, 'model': 'mrp.production', 'label': 'MO/2600481', 'url': 'http://10.100.12.131:6969/web#id=732&model=mrp.production&view_type=form'}, {'id': 711, 'model': 'mrp.production', 'label': 'MO/2600460', 'url': 'http://10.100.12.131:6969/web#id=711&model=mrp.production&view_type=form'}, {'id': 682, 'model': 'mrp.production', 'label': 'MO/2600431', 'url': 'http://10.100.12.131:6969/web#id=682&model=mrp.production&view_type=form'}, {'id': 549, 'model': 'mrp.production', 'label': 'MO/2600298', 'url': 'http://10.100.12.131:6969/web#id=549&model=mrp.production&view_type=form'}, {'id': 653, 'model': 'mrp.production', 'label': 'MO/2600402', 'url': 'http://10.100.12.131:6969/web#id=653&model=mrp.production&view_type=form'}, {'id': 652, 'model': 'mrp.production', 'label': 'MO/2600401', 'url': 'http://10.100.12.131:6969/web#id=652&model=mrp.production&view_type=form'}, {'id': 635, 'model': 'mrp.production', 'label': 'MO/2600384', 'url': 'http://10.100.12.131:6969/web#id=635&model=mrp.production&view_type=form'}, {'id': 550, 'model': 'mrp.production', 'label': 'MO/2600299', 'url': 'http://10.100.12.131:6969/web#id=550&model=mrp.production&view_type=form'}, {'id': 551, 'model': 'mrp.production', 'label': 'MO/2600300', 'url': 'http://10.100.12.131:6969/web#id=551&model=mrp.production&view_type=form'}, {'id': 536, 'model': 'mrp.production', 'label': 'MO/2600285', 'url': 'http://10.100.12.131:6969/web#id=536&model=mrp.production&view_type=form'}, {'id': 538, 'model': 'mrp.production', 'label': 'MO/2600287', 'url': 'http://10.100.12.131:6969/web#id=538&model=mrp.production&view_type=form'}, {'id': 507, 'model': 'mrp.production', 'label': 'MO/2600256', 'url': 'http://10.100.12.131:6969/web#id=507&model=mrp.production&view_type=form'}, {'id': 458, 'model': 'mrp.production', 'label': 'MO/2600207', 'url': 'http://10.100.12.131:6969/web#id=458&model=mrp.production&view_type=form'}, {'id': 466, 'model': 'mrp.production', 'label': 'MO/2600215', 'url': 'http://10.100.12.131:6969/web#id=466&model=mrp.production&view_type=form'}, {'id': 464, 'model': 'mrp.production', 'label': 'MO/2600213', 'url': 'http://10.100.12.131:6969/web#id=464&model=mrp.production&view_type=form'}, {'id': 465, 'model': 'mrp.production', 'label': 'MO/2600214', 'url': 'http://10.100.12.131:6969/web#id=465&model=mrp.production&view_type=form'}, {'id': 460, 'model': 'mrp.production', 'label': 'MO/2600209', 'url': 'http://10.100.12.131:6969/web#id=460&model=mrp.production&view_type=form'}, {'id': 459, 'model': 'mrp.production', 'label': 'MO/2600208', 'url': 'http://10.100.12.131:6969/web#id=459&model=mrp.production&view_type=form'}, {'id': 463, 'model': 'mrp.production', 'label': 'MO/2600212', 'url': 'http://10.100.12.131:6969/web#id=463&model=mrp.production&view_type=form'}, {'id': 455, 'model': 'mrp.production', 'label': 'MO/2600204', 'url': 'http://10.100.12.131:6969/web#id=455&model=mrp.production&view_type=form'}, {'id': 454, 'model': 'mrp.production', 'label': 'MO/2600203', 'url': 'http://10.100.12.131:6969/web#id=454&model=mrp.production&view_type=form'}, {'id': 451, 'model': 'mrp.production', 'label': 'MO/2600200', 'url': 'http://10.100.12.131:6969/web#id=451&model=mrp.production&view_type=form'}, {'id': 450, 'model': 'mrp.production', 'label': 'MO/2600199', 'url': 'http://10.100.12.131:6969/web#id=450&model=mrp.production&view_type=form'}, {'id': 449, 'model': 'mrp.production', 'label': 'MO/2600198', 'url': 'http://10.100.12.131:6969/web#id=449&model=mrp.production&view_type=form'}, {'id': 433, 'model': 'mrp.production', 'label': 'MO/2600182', 'url': 'http://10.100.12.131:6969/web#id=433&model=mrp.production&view_type=form'}, {'id': 416, 'model': 'mrp.production', 'label': 'MO/2600165', 'url': 'http://10.100.12.131:6969/web#id=416&model=mrp.production&view_type=form'}, {'id': 419, 'model': 'mrp.production', 'label': 'MO/2600168', 'url': 'http://10.100.12.131:6969/web#id=419&model=mrp.production&view_type=form'}, {'id': 418, 'model': 'mrp.production', 'label': 'MO/2600167', 'url': 'http://10.100.12.131:6969/web#id=418&model=mrp.production&view_type=form'}, {'id': 415, 'model': 'mrp.production', 'label': 'MO/2600164', 'url': 'http://10.100.12.131:6969/web#id=415&model=mrp.production&view_type=form'}, {'id': 412, 'model': 'mrp.production', 'label': 'MO/2600161', 'url': 'http://10.100.12.131:6969/web#id=412&model=mrp.production&view_type=form'}, {'id': 413, 'model': 'mrp.production', 'label': 'MO/2600162', 'url': 'http://10.100.12.131:6969/web#id=413&model=mrp.production&view_type=form'}, {'id': 402, 'model': 'mrp.production', 'label': 'MO/2600151', 'url': 'http://10.100.12.131:6969/web#id=402&model=mrp.production&view_type=form'}, {'id': 401, 'model': 'mrp.production', 'label': 'MO/2600150', 'url': 'http://10.100.12.131:6969/web#id=401&model=mrp.production&view_type=form'}, {'id': 403, 'model': 'mrp.production', 'label': 'MO/2600152', 'url': 'http://10.100.12.131:6969/web#id=403&model=mrp.production&view_type=form'}, {'id': 398, 'model': 'mrp.production', 'label': 'MO/2600147', 'url': 'http://10.100.12.131:6969/web#id=398&model=mrp.production&view_type=form'}, {'id': 394, 'model': 'mrp.production', 'label': 'MO/2600143', 'url': 'http://10.100.12.131:6969/web#id=394&model=mrp.production&view_type=form'}, {'id': 389, 'model': 'mrp.production', 'label': 'MO/2600138', 'url': 'http://10.100.12.131:6969/web#id=389&model=mrp.production&view_type=form'}, {'id': 386, 'model': 'mrp.production', 'label': 'MO/2600135', 'url': 'http://10.100.12.131:6969/web#id=386&model=mrp.production&view_type=form'}, {'id': 390, 'model': 'mrp.production', 'label': 'MO/2600139', 'url': 'http://10.100.12.131:6969/web#id=390&model=mrp.production&view_type=form'}]
CHART PAYLOAD: None
OPERATIONAL CONTEXT: {'version': 1, 'request': 'Mostrami gli ultimi 10 ordini di produzione', 'results': [{'request': 'Mostrami gli ultimi 10 ordini di produzione', 'model': 'mrp.production', 'method': 'search_read', 'params': {'fields': ['name', 'date_planned_start', 'date_planned_finished', 'product_id', 'product_qty', 'product_uom_id', 'availability', 'routing_id', 'state'], 'groupby': [], 'domain': [], 'orderby': None, 'order': 'date_start desc'}, 'type': 'records', 'records': [{'id': 385, 'name': 'MO/2600134', 'date_planned_start': '2026-02-02 23:53:01', 'date_planned_finished': '2026-02-03 06:06:24', 'product_id': [214358, '[S106002499] PF 584 CP S "ULF"'], 'product_qty': 25440.0, 'product_uom_id': [20, 'MQ'], 'availability': 'none', 'routing_id': False, 'state': 'cancel'}, {'id': 388, 'name': 'MO/2600137', 'date_planned_start': '2026-02-03 06:06:24', 'date_planned_finished': '2026-02-03 08:38:31', 'product_id': [216352, "[S106005223] PF 581 CP S 'ULF'"], 'product_qty': 10600.0, 'product_uom_id': [20, 'MQ'], 'availability': 'none', 'routing_id': False, 'state': 'cancel'}, {'id': 2279, 'name': 'MO/2602028', 'date_planned_start': '2026-02-23 03:41:13', 'date_planned_finished': '2026-02-23 21:38:49', 'product_id': [214552, "[S157005242] PF 84 CP S 'ULF'"], 'product_qty': 75360.0, 'product_uom_id': [20, 'MQ'], 'availability': 'none', 'routing_id': False, 'state': 'planned'}, {'id': 475, 'name': 'MO/2600224', 'date_planned_start': '2026-02-11 12:49:16', 'date_planned_finished': '2026-02-11 14:41:08', 'product_id': [216306, "[S131005401] PF 564 CP/80 'XTRUSION' COMBI"], 'product_qty': 15720.0, 'product_uom_id': [20, 'MQ'], 'availability': 'none', 'routing_id': False, 'state': 'planned'}, {'id': 476, 'name': 'MO/2600225', 'date_planned_start': '2026-02-11 14:41:08', 'date_planned_finished': '2026-02-11 16:33:00', 'product_id': [216306, "[S131005401] PF 564 CP/80 'XTRUSION' COMBI"], 'product_qty': 15720.0, 'product_uom_id': [20, 'MQ'], 'availability': 'none', 'routing_id': False, 'state': 'planned'}, {'id': 489, 'name': 'MO/2600238', 'date_planned_start': '2026-02-11 12:49:16', 'date_planned_finished': '2026-02-11 14:41:08', 'product_id': [216306, "[S131005401] PF 564 CP/80 'XTRUSION' COMBI"], 'product_qty': 15720.0, 'product_uom_id': [20, 'MQ'], 'availability': 'none', 'routing_id': False, 'state': 'planned'}, {'id': 490, 'name': 'MO/2600239', 'date_planned_start': '2026-02-11 14:41:08', 'date_planned_finished': '2026-02-11 16:33:00', 'product_id': [216306, "[S131005401] PF 564 CP/80 'XTRUSION' COMBI"], 'product_qty': 15720.0, 'product_uom_id': [20, 'MQ'], 'availability': 'none', 'routing_id': False, 'state': 'planned'}, {'id': 503, 'name': 'MO/2600252', 'date_planned_start': '2026-02-11 12:49:16', 'date_planned_finished': '2026-02-11 14:41:08', 'product_id': [216306, "[S131005401] PF 564 CP/80 'XTRUSION' COMBI"], 'product_qty': 15720.0, 'product_uom_id': [20, 'MQ'], 'availability': 'none', 'routing_id': False, 'state': 'planned'}, {'id': 504, 'name': 'MO/2600253', 'date_planned_start': '2026-02-11 14:41:08', 'date_planned_finished': '2026-02-11 16:33:00', 'product_id': [216306, "[S131005401] PF 564 CP/80 'XTRUSION' COMBI"], 'product_qty': 15720.0, 'product_uom_id': [20, 'MQ'], 'availability': 'none', 'routing_id': False, 'state': 'planned'}, {'id': 517, 'name': 'MO/2600266', 'date_planned_start': '2026-02-11 12:49:16', 'date_planned_finished': '2026-02-11 14:41:08', 'product_id': [216306, "[S131005401] PF 564 CP/80 'XTRUSION' COMBI"], 'product_qty': 15720.0, 'product_uom_id': [20, 'MQ'], 'availability': 'none', 'routing_id': False, 'state': 'planned'}, {'id': 518, 'name': 'MO/2600267', 'date_planned_start': '2026-02-11 14:41:08', 'date_planned_finished': '2026-02-11 16:33:00', 'product_id': [216306, "[S131005401] PF 564 CP/80 'XTRUSION' COMBI"], 'product_qty': 15720.0, 'product_uom_id': [20, 'MQ'], 'availability': 'none', 'routing_id': False, 'state': 'planned'}, {'id': 530, 'name': 'MO/2600279', 'date_planned_start': '2026-02-12 01:34:43', 'date_planned_finished': '2026-02-12 05:44:08', 'product_id': [216306, "[S131005401] PF 564 CP/80 'XTRUSION' COMBI"], 'product_qty': 15720.0, 'product_uom_id': [20, 'MQ'], 'availability': 'none', 'routing_id': False, 'state': 'planned'}, {'id': 531, 'name': 'MO/2600280', 'date_planned_start': '2026-02-12 05:44:08', 'date_planned_finished': '2026-02-12 09:53:33', 'product_id': [216306, "[S131005401] PF 564 CP/80 'XTRUSION' COMBI"], 'product_qty': 15720.0, 'product_uom_id': [20, 'MQ'], 'availability': 'none', 'routing_id': False, 'state': 'planned'}, {'id': 543, 'name': 'MO/2600292', 'date_planned_start': '2026-02-12 01:34:43', 'date_planned_finished': '2026-02-12 05:44:08', 'product_id': [216306, "[S131005401] PF 564 CP/80 'XTRUSION' COMBI"], 'product_qty': 15720.0, 'product_uom_id': [20, 'MQ'], 'availability': 'none', 'routing_id': False, 'state': 'planned'}, {'id': 544, 'name': 'MO/2600293', 'date_planned_start': '2026-02-12 05:44:08', 'date_planned_finished': '2026-02-12 09:53:33', 'product_id': [216306, "[S131005401] PF 564 CP/80 'XTRUSION' COMBI"], 'product_qty': 15720.0, 'product_uom_id': [20, 'MQ'], 'availability': 'none', 'routing_id': False, 'state': 'planned'}, {'id': 684, 'name': 'MO/2600433', 'date_planned_start': '2026-02-14 16:35:07', 'date_planned_finished': '2026-02-14 22:23:04', 'product_id': [216288, "[S165005392] PF 564 CP 'LASER' COMBI"], 'product_qty': 39600.0, 'product_uom_id': [20, 'MQ'], 'availability': 'none', 'routing_id': False, 'state': 'planned'}, {'id': 2302, 'name': 'MO/2602051', 'date_planned_start': '2026-02-22 08:36:38', 'date_planned_finished': '2026-02-22 17:22:59', 'product_id': [194704, "[S135004459] PFT 14 CP/N/60 V2 PLK 'FENIX DOPPIA FRECCIA'"], 'product_qty': 58050.0, 'product_uom_id': [20, 'MQ'], 'availability': 'none', 'routing_id': False, 'state': 'planned'}, {'id': 1043, 'name': 'MO/2600792', 'date_planned_start': '2026-02-20 14:58:19', 'date_planned_finished': '2026-02-20 20:46:34', 'product_id': [194695, '[S131002124] PF 584 CP S "ULF"'], 'product_qty': 26200.0, 'product_uom_id': [20, 'MQ'], 'availability': 'none', 'routing_id': False, 'state': 'planned'}, {'id': 1033, 'name': 'MO/2600782', 'date_planned_start': '2026-02-20 20:46:34', 'date_planned_finished': '2026-02-21 00:18:25', 'product_id': [194696, '[S131003884] PF 584 CP S "ULF"'], 'product_qty': 15720.0, 'product_uom_id': [20, 'MQ'], 'availability': 'none', 'routing_id': False, 'state': 'planned'}, {'id': 1122, 'name': 'MO/2600871', 'date_planned_start': '2026-02-21 09:58:03', 'date_planned_finished': '2026-02-21 12:37:52', 'product_id': [214390, '[S106005284] PF 584 CP/80 S "ULF"'], 'product_qty': 10600.0, 'product_uom_id': [20, 'MQ'], 'availability': 'none', 'routing_id': False, 'state': 'planned'}, {'id': 1123, 'name': 'MO/2600872', 'date_planned_start': '2026-02-21 12:37:52', 'date_planned_finished': '2026-02-21 15:17:40', 'product_id': [214358, '[S106002499] PF 584 CP S "ULF"'], 'product_qty': 10600.0, 'product_uom_id': [20, 'MQ'], 'availability': 'none', 'routing_id': False, 'state': 'planned'}, {'id': 1125, 'name': 'MO/2600874', 'date_planned_start': '2026-02-20 06:05:06', 'date_planned_finished': '2026-02-20 13:01:32', 'product_id': [214391, '[S131003885] PF 584 CP/80 S "ULF"'], 'product_qty': 31440.0, 'product_uom_id': [20, 'MQ'], 'availability': 'none', 'routing_id': False, 'state': 'planned'}, {'id': 1126, 'name': 'MO/2600875', 'date_planned_start': '2026-02-20 02:11:30', 'date_planned_finished': '2026-02-20 03:44:01', 'product_id': [194695, '[S131002124] PF 584 CP S "ULF"'], 'product_qty': 6550.0, 'product_uom_id': [20, 'MQ'], 'availability': 'none', 'routing_id': False, 'state': 'planned'}, {'id': 1127, 'name': 'MO/2600876', 'date_planned_start': '2026-02-21 15:17:40', 'date_planned_finished': '2026-02-21 17:26:57', 'product_id': [214358, '[S106002499] PF 584 CP S "ULF"'], 'product_qty': 8480.0, 'product_uom_id': [20, 'MQ'], 'availability': 'none', 'routing_id': False, 'state': 'planned'}, {'id': 1128, 'name': 'MO/2600877', 'date_planned_start': '2026-02-21 17:26:57', 'date_planned_finished': '2026-02-22 06:56:33', 'product_id': [216382, "[S165005532] PF 564 CP/80 S 'LARCORE'"], 'product_qty': 59400.0, 'product_uom_id': [20, 'MQ'], 'availability': 'none', 'routing_id': False, 'state': 'planned'}, {'id': 1129, 'name': 'MO/2600878', 'date_planned_start': '2026-02-21 07:06:56', 'date_planned_finished': '2026-02-21 09:27:56', 'product_id': [214356, '[S106002126] PF 584 CP S "ULF"'], 'product_qty': 6360.0, 'product_uom_id': [20, 'MQ'], 'availability': 'none', 'routing_id': False, 'state': 'planned'}, {'id': 1130, 'name': 'MO/2600879', 'date_planned_start': '2026-02-20 00:21:58', 'date_planned_finished': '2026-02-20 02:11:30', 'product_id': [194695, '[S131002124] PF 584 CP S "ULF"'], 'product_qty': 7860.0, 'product_uom_id': [20, 'MQ'], 'availability': 'none', 'routing_id': False, 'state': 'planned'}, {'id': 1131, 'name': 'MO/2600880', 'date_planned_start': '2026-02-21 09:27:56', 'date_planned_finished': '2026-02-21 09:58:03', 'product_id': [214358, '[S106002499] PF 584 CP S "ULF"'], 'product_qty': 1590.0, 'product_uom_id': [20, 'MQ'], 'availability': 'none', 'routing_id': False, 'state': 'planned'}, {'id': 1132, 'name': 'MO/2600881', 'date_planned_start': '2026-02-20 03:44:01', 'date_planned_finished': '2026-02-20 04:08:18', 'product_id': [194695, '[S131002124] PF 584 CP S "ULF"'], 'product_qty': 1310.0, 'product_uom_id': [20, 'MQ'], 'availability': 'none', 'routing_id': False, 'state': 'planned'}, {'id': 1133, 'name': 'MO/2600882', 'date_planned_start': '2026-02-20 04:08:18', 'date_planned_finished': '2026-02-20 04:49:39', 'product_id': [194696, '[S131003884] PF 584 CP S "ULF"'], 'product_qty': 2620.0, 'product_uom_id': [20, 'MQ'], 'availability': 'none', 'routing_id': False, 'state': 'planned'}, {'id': 1134, 'name': 'MO/2600883', 'date_planned_start': '2026-02-20 04:49:39', 'date_planned_finished': '2026-02-20 06:05:06', 'product_id': [214391, '[S131003885] PF 584 CP/80 S "ULF"'], 'product_qty': 5240.0, 'product_uom_id': [20, 'MQ'], 'availability': 'none', 'routing_id': False, 'state': 'planned'}, {'id': 1135, 'name': 'MO/2600884', 'date_planned_start': '2026-02-20 13:01:32', 'date_planned_finished': '2026-02-20 13:59:56', 'product_id': [214392, '[S131004029] PF 584 CP/80 S "ULF"'], 'product_qty': 3930.0, 'product_uom_id': [20, 'MQ'], 'availability': 'none', 'routing_id': False, 'state': 'planned'}, {'id': 1136, 'name': 'MO/2600885', 'date_planned_start': '2026-02-20 13:59:56', 'date_planned_finished': '2026-02-20 14:58:19', 'product_id': [214392, '[S131004029] PF 584 CP/80 S "ULF"'], 'product_qty': 3930.0, 'product_uom_id': [20, 'MQ'], 'availability': 'none', 'routing_id': False, 'state': 'planned'}, {'id': 1138, 'name': 'MO/2600887', 'date_planned_start': '2026-02-21 00:18:25', 'date_planned_finished': '2026-02-21 07:06:56', 'product_id': [216383, '[S116005556] PF 584 CP S "ULF"'], 'product_qty': 20880.0, 'product_uom_id': [20, 'MQ'], 'availability': 'none', 'routing_id': False, 'state': 'planned'}, {'id': 2306, 'name': 'MO/2602055', 'date_planned_start': '2026-02-22 21:41:21', 'date_planned_finished': '2026-02-23 00:01:26', 'product_id': [216389, "[S131005197] PF 564 CP/N/70 'ZINTEK NEW'"], 'product_qty': 14410.0, 'product_uom_id': [20, 'MQ'], 'availability': 'none', 'routing_id': False, 'state': 'planned'}, {'id': 2848, 'name': 'MO/2602536', 'date_planned_start': '2026-03-20 09:40:20', 'date_planned_finished': '2026-03-20 10:47:22', 'product_id': [200853, '[S257004906] PF 12/4 WP PV3 TRANSPARENT'], 'product_qty': 30840.0, 'product_uom_id': [20, 'MQ'], 'availability': 'none', 'routing_id': False, 'state': 'planned'}, {'id': 2307, 'name': 'MO/2602056', 'date_planned_start': '2026-02-23 00:01:26', 'date_planned_finished': '2026-02-23 01:21:07', 'product_id': [216392, "[S106005216] PF 564 CP/N/70 'ZINTEK NEW'"], 'product_qty': 6360.0, 'product_uom_id': [20, 'MQ'], 'availability': 'none', 'routing_id': False, 'state': 'planned'}, {'id': 2308, 'name': 'MO/2602057', 'date_planned_start': '2026-02-23 01:21:07', 'date_planned_finished': '2026-02-23 03:41:13', 'product_id': [216392, "[S106005216] PF 564 CP/N/70 'ZINTEK NEW'"], 'product_qty': 11660.0, 'product_uom_id': [20, 'MQ'], 'availability': 'none', 'routing_id': False, 'state': 'planned'}, {'id': 2314, 'name': 'MO/2602063', 'date_planned_start': '2026-02-22 17:22:59', 'date_planned_finished': '2026-02-22 21:31:41', 'product_id': [194704, "[S135004459] PFT 14 CP/N/60 V2 PLK 'FENIX DOPPIA FRECCIA'"], 'product_qty': 27000.0, 'product_uom_id': [20, 'MQ'], 'availability': 'none', 'routing_id': False, 'state': 'planned'}, {'id': 2316, 'name': 'MO/2602065', 'date_planned_start': '2026-02-22 21:31:41', 'date_planned_finished': '2026-02-22 21:41:21', 'product_id': [216390, '[S135005630] PF 14 CP/N/60/PLK TRANSP'], 'product_qty': 270.0, 'product_uom_id': [20, 'MQ'], 'availability': 'none', 'routing_id': False, 'state': 'planned'}, {'id': 2850, 'name': 'MO/2602538', 'date_planned_start': '2026-03-20 10:47:22', 'date_planned_finished': '2026-03-20 11:31:33', 'product_id': [216485, '[S257005507] PF 32/3/70 WP PV2 MP TRANSP'], 'product_qty': 19275.0, 'product_uom_id': [20, 'MQ'], 'availability': 'none', 'routing_id': False, 'state': 'planned'}, {'id': 2906, 'name': 'MO/2602594', 'date_planned_start': '2026-03-27 16:34:17', 'date_planned_finished': '2026-03-27 23:07:44', 'product_id': [216358, "[S135005464] PF 564 CP 'LASER' COMBI"], 'product_qty': 32400.0, 'product_uom_id': [20, 'MQ'], 'availability': 'none', 'routing_id': False, 'state': 'planned'}, {'id': 2851, 'name': 'MO/2602539', 'date_planned_start': '2026-03-19 19:07:11', 'date_planned_finished': '2026-03-20 07:54:17', 'product_id': [200430, '[S208004048] PF 12/30 WP SA HS TRANSP'], 'product_qty': 312000.0, 'product_uom_id': [20, 'MQ'], 'availability': 'none', 'routing_id': False, 'state': 'planned'}, {'id': 2854, 'name': 'MO/2602542', 'date_planned_start': '2026-03-20 12:44:41', 'date_planned_finished': '2026-03-20 15:53:33', 'product_id': [200624, '[S257005057] PF 12/4 WP PV3 MP TRANSPARENT'], 'product_qty': 92520.0, 'product_uom_id': [20, 'MQ'], 'availability': 'none', 'routing_id': False, 'state': 'planned'}, {'id': 2855, 'name': 'MO/2602543', 'date_planned_start': '2026-03-20 08:02:55', 'date_planned_finished': '2026-03-20 09:40:20', 'product_id': [197449, '[S208001614] PF 12/2/30 WP HS UV MP'], 'product_qty': 37440.0, 'product_uom_id': [20, 'MQ'], 'availability': 'none', 'routing_id': False, 'state': 'planned'}, {'id': 2856, 'name': 'MO/2602544', 'date_planned_start': '2026-03-19 14:47:13', 'date_planned_finished': '2026-03-19 19:07:11', 'product_id': [200435, '[S230004055] PF 12/30 WP SA HS TRANSP'], 'product_qty': 115000.0, 'product_uom_id': [20, 'MQ'], 'availability': 'none', 'routing_id': False, 'state': 'planned'}, {'id': 2857, 'name': 'MO/2602545', 'date_planned_start': '2026-03-20 11:31:33', 'date_planned_finished': '2026-03-20 12:08:07', 'product_id': [207123, '[S257002304] PF 32/3/70 WP PV2 TRANSP'], 'product_qty': 15420.0, 'product_uom_id': [20, 'MQ'], 'availability': 'none', 'routing_id': False, 'state': 'planned'}, {'id': 2912, 'name': 'MO/2602600', 'date_planned_start': '2026-03-27 23:07:44', 'date_planned_finished': '2026-03-28 00:19:03', 'product_id': [216286, "[S131005294] PF 564 CP 'LASER' COMBI"], 'product_qty': 5240.0, 'product_uom_id': [20, 'MQ'], 'availability': 'none', 'routing_id': False, 'state': 'planned'}, {'id': 2913, 'name': 'MO/2602601', 'date_planned_start': '2026-03-28 00:19:03', 'date_planned_finished': '2026-03-28 08:00:56', 'product_id': [216290, "[S165005412] PF 564 CP/80 'LARSON INTERNATIONAL III'"], 'product_qty': 35640.0, 'product_uom_id': [20, 'MQ'], 'availability': 'none', 'routing_id': False, 'state': 'planned'}, {'id': 2858, 'name': 'MO/2602546', 'date_planned_start': '2026-03-20 12:08:07', 'date_planned_finished': '2026-03-20 12:44:41', 'product_id': [207123, '[S257002304] PF 32/3/70 WP PV2 TRANSP'], 'product_qty': 15420.0, 'product_uom_id': [20, 'MQ'], 'availability': 'none', 'routing_id': False, 'state': 'planned'}, {'id': 2914, 'name': 'MO/2602602', 'date_planned_start': '2026-03-28 16:27:42', 'date_planned_finished': '2026-03-28 16:47:00', 'product_id': [216492, '[TS15700070] FRT0048.087.133P.443-CBD - R&D 15/2023'], 'product_qty': 1570.0, 'product_uom_id': [20, 'MQ'], 'availability': 'none', 'routing_id': False, 'state': 'planned'}, {'id': 2859, 'name': 'MO/2602547', 'date_planned_start': '2026-03-19 13:09:48', 'date_planned_finished': '2026-03-19 14:47:13', 'product_id': [198573, '[S208001863] PF 12/28 WP EP HS UV PV2 TRANSP'], 'product_qty': 37440.0, 'product_uom_id': [20, 'MQ'], 'availability': 'none', 'routing_id': False, 'state': 'planned'}, {'id': 2915, 'name': 'MO/2602603', 'date_planned_start': '2026-03-28 08:00:56', 'date_planned_finished': '2026-03-28 12:14:23', 'product_id': [216350, "[S157005225] PF 581 CP S 'ULF'"], 'product_qty': 28260.0, 'product_uom_id': [20, 'MQ'], 'availability': 'none', 'routing_id': False, 'state': 'planned'}, {'id': 2916, 'name': 'MO/2602604', 'date_planned_start': '2026-03-28 12:14:23', 'date_planned_finished': '2026-03-28 16:27:42', 'product_id': [216353, "[S131005224] PF 581 CP S 'ULF'"], 'product_qty': 23580.0, 'product_uom_id': [20, 'MQ'], 'availability': 'none', 'routing_id': False, 'state': 'planned'}, {'id': 2865, 'name': 'MO/2602553', 'date_planned_start': '2026-03-20 07:54:17', 'date_planned_finished': '2026-03-20 08:02:55', 'product_id': [216486, '[S208005680] PF 12/30 WP SA HS TRANSP'], 'product_qty': 1040.0, 'product_uom_id': [20, 'MQ'], 'availability': 'none', 'routing_id': False, 'state': 'planned'}, {'id': 2917, 'name': 'MO/2602605', 'date_planned_start': '2026-03-29 16:18:05', 'date_planned_finished': '2026-03-29 22:56:18', 'product_id': [216493, "[S096005653] PF 13 CP/60 PV2 PLK 'VERO CUOIO'"], 'product_qty': 19200.0, 'product_uom_id': [20, 'MQ'], 'availability': 'none', 'routing_id': False, 'state': 'paused'}, {'id': 2910, 'name': 'MO/2602598', 'date_planned_start': '2026-03-29 03:32:51', 'date_planned_finished': '2026-03-29 16:18:05', 'product_id': [216491, '[S165005577] PF 584 CP/80 S "ULF BLACK"'], 'product_qty': 59400.0, 'product_uom_id': [20, 'MQ'], 'availability': 'none', 'routing_id': False, 'state': 'paused'}, {'id': 2909, 'name': 'MO/2602597', 'date_planned_start': '2026-03-28 16:47:00', 'date_planned_finished': '2026-03-29 03:32:51', 'product_id': [216490, '[S135005576] PF 584 CP/80 S "ULF BLACK"'], 'product_qty': 48600.0, 'product_uom_id': [20, 'MQ'], 'availability': 'none', 'routing_id': False, 'state': 'paused'}, {'id': 2911, 'name': 'MO/2602599', 'date_planned_start': '2026-03-27 02:24:38', 'date_planned_finished': '2026-03-27 16:34:17', 'product_id': [216489, "[S106005581] PF 564 CP 'VOESTALPINE IV' COMBI"], 'product_qty': 42400.0, 'product_uom_id': [20, 'MQ'], 'availability': 'none', 'routing_id': False, 'state': 'paused'}, {'id': 2908, 'name': 'MO/2602596', 'date_planned_start': '2026-03-26 15:00:57', 'date_planned_finished': '2026-03-27 02:24:38', 'product_id': [194696, '[S131003884] PF 584 CP S "ULF"'], 'product_qty': 55020.0, 'product_uom_id': [20, 'MQ'], 'availability': 'none', 'routing_id': False, 'state': 'paused'}, {'id': 2907, 'name': 'MO/2602595', 'date_planned_start': '2026-03-26 09:08:01', 'date_planned_finished': '2026-03-26 15:00:57', 'product_id': [214358, '[S106002499] PF 584 CP S "ULF"'], 'product_qty': 25440.0, 'product_uom_id': [20, 'MQ'], 'availability': 'none', 'routing_id': False, 'state': 'paused'}, {'id': 2897, 'name': 'MO/2602585', 'date_planned_start': '2026-03-26 02:41:55', 'date_planned_finished': '2026-03-26 09:08:01', 'product_id': [214356, '[S106002126] PF 584 CP S "ULF"'], 'product_qty': 19080.0, 'product_uom_id': [20, 'MQ'], 'availability': 'none', 'routing_id': False, 'state': 'paused'}, {'id': 2894, 'name': 'MO/2602582', 'date_planned_start': '2026-03-25 22:22:14', 'date_planned_finished': '2026-03-26 02:41:55', 'product_id': [214356, '[S106002126] PF 584 CP S "ULF"'], 'product_qty': 12720.0, 'product_uom_id': [20, 'MQ'], 'availability': 'none', 'routing_id': False, 'state': 'paused'}, {'id': 2895, 'name': 'MO/2602583', 'date_planned_start': '2026-03-25 12:02:55', 'date_planned_finished': '2026-03-25 17:55:49', 'product_id': [214358, '[S106002499] PF 584 CP S "ULF"'], 'product_qty': 25440.0, 'product_uom_id': [20, 'MQ'], 'availability': 'none', 'routing_id': False, 'state': 'paused'}, {'id': 2893, 'name': 'MO/2602581', 'date_planned_start': '2026-03-25 17:55:49', 'date_planned_finished': '2026-03-25 22:22:14', 'product_id': [214358, '[S106002499] PF 584 CP S "ULF"'], 'product_qty': 19080.0, 'product_uom_id': [20, 'MQ'], 'availability': 'none', 'routing_id': False, 'state': 'paused'}, {'id': 2892, 'name': 'MO/2602580', 'date_planned_start': '2026-03-25 10:29:32', 'date_planned_finished': '2026-03-25 12:02:55', 'product_id': [214358, '[S106002499] PF 584 CP S "ULF"'], 'product_qty': 6360.0, 'product_uom_id': [20, 'MQ'], 'availability': 'none', 'routing_id': False, 'state': 'paused'}, {'id': 2901, 'name': 'MO/2602589', 'date_planned_start': '2026-03-25 09:39:26', 'date_planned_finished': '2026-03-25 10:29:32', 'product_id': [214358, '[S106002499] PF 584 CP S "ULF"'], 'product_qty': 3180.0, 'product_uom_id': [20, 'MQ'], 'availability': 'none', 'routing_id': False, 'state': 'paused'}, {'id': 2899, 'name': 'MO/2602587', 'date_planned_start': '2026-03-25 05:41:53', 'date_planned_finished': '2026-03-25 09:39:26', 'product_id': [214358, '[S106002499] PF 584 CP S "ULF"'], 'product_qty': 16960.0, 'product_uom_id': [20, 'MQ'], 'availability': 'none', 'routing_id': False, 'state': 'paused'}, {'id': 2904, 'name': 'MO/2602592', 'date_planned_start': '2026-03-24 16:56:14', 'date_planned_finished': '2026-03-25 05:41:53', 'product_id': [214363, '[S157002123] PF 584 CP S "ULF"'], 'product_qty': 56520.0, 'product_uom_id': [20, 'MQ'], 'availability': 'none', 'routing_id': False, 'state': 'paused'}, {'id': 2889, 'name': 'MO/2602577', 'date_planned_start': '2026-03-25 01:01:10', 'date_planned_finished': '2026-03-25 07:27:25', 'product_id': [214363, '[S157002123] PF 584 CP S "ULF"'], 'product_qty': 28260.0, 'product_uom_id': [20, 'MQ'], 'availability': 'none', 'routing_id': False, 'state': 'paused'}, {'id': 2886, 'name': 'MO/2602574', 'date_planned_start': '2026-03-24 01:43:12', 'date_planned_finished': '2026-03-25 01:01:10', 'product_id': [214363, '[S157002123] PF 584 CP S "ULF"'], 'product_qty': 103620.0, 'product_uom_id': [20, 'MQ'], 'availability': 'none', 'routing_id': False, 'state': 'paused'}, {'id': 2888, 'name': 'MO/2602576', 'date_planned_start': '2026-03-23 20:46:16', 'date_planned_finished': '2026-03-24 01:43:12', 'product_id': [194695, '[S131002124] PF 584 CP S "ULF"'], 'product_qty': 23580.0, 'product_uom_id': [20, 'MQ'], 'availability': 'none', 'routing_id': False, 'state': 'paused'}, {'id': 2870, 'name': 'MO/2602558', 'date_planned_start': '2026-03-23 04:32:30', 'date_planned_finished': '2026-03-23 20:46:16', 'product_id': [194695, '[S131002124] PF 584 CP S "ULF"'], 'product_qty': 78600.0, 'product_uom_id': [20, 'MQ'], 'availability': 'none', 'routing_id': False, 'state': 'paused'}, {'id': 2869, 'name': 'MO/2602557', 'date_planned_start': '2026-03-22 23:35:34', 'date_planned_finished': '2026-03-23 04:32:30', 'product_id': [194696, '[S131003884] PF 584 CP S "ULF"'], 'product_qty': 23580.0, 'product_uom_id': [20, 'MQ'], 'availability': 'none', 'routing_id': False, 'state': 'paused'}, {'id': 2868, 'name': 'MO/2602556', 'date_planned_start': '2026-03-22 18:38:38', 'date_planned_finished': '2026-03-22 23:35:34', 'product_id': [194696, '[S131003884] PF 584 CP S "ULF"'], 'product_qty': 23580.0, 'product_uom_id': [20, 'MQ'], 'availability': 'none', 'routing_id': False, 'state': 'paused'}, {'id': 2878, 'name': 'MO/2602566', 'date_planned_start': '2026-03-22 16:55:06', 'date_planned_finished': '2026-03-22 18:38:38', 'product_id': [194696, '[S131003884] PF 584 CP S "ULF"'], 'product_qty': 7860.0, 'product_uom_id': [20, 'MQ'], 'availability': 'none', 'routing_id': False, 'state': 'paused'}, {'id': 2877, 'name': 'MO/2602565', 'date_planned_start': '2026-03-22 06:03:38', 'date_planned_finished': '2026-03-22 16:55:06', 'product_id': [194696, '[S131003884] PF 584 CP S "ULF"'], 'product_qty': 52400.0, 'product_uom_id': [20, 'MQ'], 'availability': 'none', 'routing_id': False, 'state': 'paused'}, {'id': 2873, 'name': 'MO/2602561', 'date_planned_start': '2026-03-21 18:39:56', 'date_planned_finished': '2026-03-22 06:03:38', 'product_id': [194696, '[S131003884] PF 584 CP S "ULF"'], 'product_qty': 55020.0, 'product_uom_id': [20, 'MQ'], 'availability': 'none', 'routing_id': False, 'state': 'paused'}, {'id': 2867, 'name': 'MO/2602555', 'date_planned_start': '2026-03-21 13:10:47', 'date_planned_finished': '2026-03-21 18:39:56', 'product_id': [194695, '[S131002124] PF 584 CP S "ULF"'], 'product_qty': 26200.0, 'product_uom_id': [20, 'MQ'], 'availability': 'none', 'routing_id': False, 'state': 'paused'}, {'id': 2882, 'name': 'MO/2602570', 'date_planned_start': '2026-03-21 12:58:40', 'date_planned_finished': '2026-03-21 13:10:47', 'product_id': [216483, '[S157005679] PF 584 CP/80 S "ULF"'], 'product_qty': 392.5, 'product_uom_id': [20, 'MQ'], 'availability': 'none', 'routing_id': False, 'state': 'paused'}, {'id': 2881, 'name': 'MO/2602569', 'date_planned_start': '2026-03-21 12:20:12', 'date_planned_finished': '2026-03-21 12:58:40', 'product_id': [214393, '[S157001575] PF 584 CP/80 S "ULF"'], 'product_qty': 2355.0, 'product_uom_id': [20, 'MQ'], 'availability': 'none', 'routing_id': False, 'state': 'paused'}, {'id': 2871, 'name': 'MO/2602559', 'date_planned_start': '2026-03-21 08:00:25', 'date_planned_finished': '2026-03-21 12:20:12', 'product_id': [214365, '[S157002534] PF 584 CP S "ULF"'], 'product_qty': 18840.0, 'product_uom_id': [20, 'MQ'], 'availability': 'none', 'routing_id': False, 'state': 'paused'}, {'id': 2880, 'name': 'MO/2602568', 'date_planned_start': '2026-03-21 04:22:48', 'date_planned_finished': '2026-03-21 08:00:25', 'product_id': [214365, '[S157002534] PF 584 CP S "ULF"'], 'product_qty': 15700.0, 'product_uom_id': [20, 'MQ'], 'availability': 'none', 'routing_id': False, 'state': 'paused'}, {'id': 2879, 'name': 'MO/2602567', 'date_planned_start': '2026-03-21 03:33:48', 'date_planned_finished': '2026-03-21 04:22:48', 'product_id': [214365, '[S157002534] PF 584 CP S "ULF"'], 'product_qty': 3140.0, 'product_uom_id': [20, 'MQ'], 'availability': 'none', 'routing_id': False, 'state': 'paused'}, {'id': 2814, 'name': 'MO/2602502', 'date_planned_start': '2026-03-20 12:41:42', 'date_planned_finished': '2026-03-21 03:33:48', 'product_id': [214365, '[S157002534] PF 584 CP S "ULF"'], 'product_qty': 65940.0, 'product_uom_id': [20, 'MQ'], 'availability': 'none', 'routing_id': False, 'state': 'paused'}, {'id': 2806, 'name': 'MO/2602494', 'date_planned_start': '2026-03-19 22:31:45', 'date_planned_finished': '2026-03-20 12:41:42', 'product_id': [214365, '[S157002534] PF 584 CP S "ULF"'], 'product_qty': 62800.0, 'product_uom_id': [20, 'MQ'], 'availability': 'none', 'routing_id': False, 'state': 'paused'}, {'id': 2809, 'name': 'MO/2602497', 'date_planned_start': '2026-03-19 20:18:25', 'date_planned_finished': '2026-03-19 22:31:45', 'product_id': [214365, '[S157002534] PF 584 CP S "ULF"'], 'product_qty': 9420.0, 'product_uom_id': [20, 'MQ'], 'availability': 'none', 'routing_id': False, 'state': 'paused'}, {'id': 2808, 'name': 'MO/2602496', 'date_planned_start': '2026-03-19 18:05:06', 'date_planned_finished': '2026-03-19 20:18:25', 'product_id': [214365, '[S157002534] PF 584 CP S "ULF"'], 'product_qty': 9420.0, 'product_uom_id': [20, 'MQ'], 'availability': 'none', 'routing_id': False, 'state': 'paused'}, {'id': 2812, 'name': 'MO/2602500', 'date_planned_start': '2026-03-19 13:45:19', 'date_planned_finished': '2026-03-19 18:05:06', 'product_id': [214365, '[S157002534] PF 584 CP S "ULF"'], 'product_qty': 18840.0, 'product_uom_id': [20, 'MQ'], 'availability': 'none', 'routing_id': False, 'state': 'paused'}, {'id': 2804, 'name': 'MO/2602492', 'date_planned_start': '2026-03-19 09:25:32', 'date_planned_finished': '2026-03-19 13:45:19', 'product_id': [214365, '[S157002534] PF 584 CP S "ULF"'], 'product_qty': 18840.0, 'product_uom_id': [20, 'MQ'], 'availability': 'none', 'routing_id': False, 'state': 'paused'}, {'id': 2853, 'name': 'MO/2602541', 'date_planned_start': '2026-03-18 05:21:12', 'date_planned_finished': '2026-03-19 13:09:48', 'product_id': [198515, '[S208002415] PF 12/28 WP EP HS UV MP PV2 TRANSP'], 'product_qty': 780000.0, 'product_uom_id': [20, 'MQ'], 'availability': 'none', 'routing_id': False, 'state': 'progress'}, {'id': 2800, 'name': 'MO/2602488', 'date_planned_start': '2026-03-18 12:14:03', 'date_planned_finished': '2026-03-19 09:25:32', 'product_id': [214365, '[S157002534] PF 584 CP S "ULF"'], 'product_qty': 94200.0, 'product_uom_id': [20, 'MQ'], 'availability': 'none', 'routing_id': False, 'state': 'paused'}, {'id': 2852, 'name': 'MO/2602540', 'date_planned_start': '2026-03-17 20:06:31', 'date_planned_finished': '2026-03-18 05:21:12', 'product_id': [198526, '[S245002416] PF 12/28 WP EP HS UV MP PV2 TRANSP'], 'product_qty': 264600.0, 'product_uom_id': [20, 'MQ'], 'availability': 'none', 'routing_id': False, 'state': 'paused'}, {'id': 2863, 'name': 'MO/2602551', 'date_planned_start': '2026-03-17 17:42:53', 'date_planned_finished': '2026-03-17 20:06:31', 'product_id': [197075, '[S212001107] PF 12/2/30 WP HS EP V2 TRANSP'], 'product_qty': 57240.0, 'product_uom_id': [20, 'MQ'], 'availability': 'none', 'routing_id': False, 'state': 'paused'}, {'id': 2797, 'name': 'MO/2602485', 'date_planned_start': '2026-03-18 05:47:48', 'date_planned_finished': '2026-03-18 12:14:03', 'product_id': [214363, '[S157002123] PF 584 CP S "ULF"'], 'product_qty': 28260.0, 'product_uom_id': [20, 'MQ'], 'availability': 'none', 'routing_id': False, 'state': 'paused'}, {'id': 2862, 'name': 'MO/2602550', 'date_planned_start': '2026-03-17 15:19:16', 'date_planned_finished': '2026-03-17 17:42:53', 'product_id': [197075, '[S212001107] PF 12/2/30 WP HS EP V2 TRANSP'], 'product_qty': 57240.0, 'product_uom_id': [20, 'MQ'], 'availability': 'none', 'routing_id': False, 'state': 'paused'}, {'id': 2795, 'name': 'MO/2602483', 'date_planned_start': '2026-03-18 01:28:01', 'date_planned_finished': '2026-03-18 05:47:48', 'product_id': [214365, '[S157002534] PF 584 CP S "ULF"'], 'product_qty': 18840.0, 'product_uom_id': [20, 'MQ'], 'availability': 'none', 'routing_id': False, 'state': 'paused'}, {'id': 2860, 'name': 'MO/2602548', 'date_planned_start': '2026-03-17 12:48:25', 'date_planned_finished': '2026-03-17 15:19:16', 'product_id': [197083, '[S245001112] PF 12/2/30 WP HS EP V2 TRANSP'], 'product_qty': 69825.0, 'product_uom_id': [20, 'MQ'], 'availability': 'none', 'routing_id': False, 'state': 'paused'}, {'id': 2861, 'name': 'MO/2602549', 'date_planned_start': '2026-03-17 09:18:19', 'date_planned_finished': '2026-03-17 09:39:39', 'product_id': [198332, '[S157001898] PF 12/2/45 WP EP TRANSP'], 'product_qty': 4710.0, 'product_uom_id': [20, 'MQ'], 'availability': 'none', 'routing_id': False, 'state': 'paused'}, {'id': 2794, 'name': 'MO/2602482', 'date_planned_start': '2026-03-17 19:01:46', 'date_planned_finished': '2026-03-18 01:28:01', 'product_id': [214365, '[S157002534] PF 584 CP S "ULF"'], 'product_qty': 28260.0, 'product_uom_id': [20, 'MQ'], 'availability': 'none', 'routing_id': False, 'state': 'paused'}], 'aggregation': [], 'count': 367, 'pagination': {'total_records': 367, 'returned_records': 367, 'limit': 0, 'offset': 0, 'pages': 1, 'has_more': False}, 'record_links': [{'id': 385, 'model': 'mrp.production', 'label': 'MO/2600134', 'url': 'http://10.100.12.131:6969/web#id=385&model=mrp.production&view_type=form'}, {'id': 388, 'model': 'mrp.production', 'label': 'MO/2600137', 'url': 'http://10.100.12.131:6969/web#id=388&model=mrp.production&view_type=form'}, {'id': 2279, 'model': 'mrp.production', 'label': 'MO/2602028', 'url': 'http://10.100.12.131:6969/web#id=2279&model=mrp.production&view_type=form'}, {'id': 475, 'model': 'mrp.production', 'label': 'MO/2600224', 'url': 'http://10.100.12.131:6969/web#id=475&model=mrp.production&view_type=form'}, {'id': 476, 'model': 'mrp.production', 'label': 'MO/2600225', 'url': 'http://10.100.12.131:6969/web#id=476&model=mrp.production&view_type=form'}, {'id': 489, 'model': 'mrp.production', 'label': 'MO/2600238', 'url': 'http://10.100.12.131:6969/web#id=489&model=mrp.production&view_type=form'}, {'id': 490, 'model': 'mrp.production', 'label': 'MO/2600239', 'url': 'http://10.100.12.131:6969/web#id=490&model=mrp.production&view_type=form'}, {'id': 503, 'model': 'mrp.production', 'label': 'MO/2600252', 'url': 'http://10.100.12.131:6969/web#id=503&model=mrp.production&view_type=form'}, {'id': 504, 'model': 'mrp.production', 'label': 'MO/2600253', 'url': 'http://10.100.12.131:6969/web#id=504&model=mrp.production&view_type=form'}, {'id': 517, 'model': 'mrp.production', 'label': 'MO/2600266', 'url': 'http://10.100.12.131:6969/web#id=517&model=mrp.production&view_type=form'}, {'id': 518, 'model': 'mrp.production', 'label': 'MO/2600267', 'url': 'http://10.100.12.131:6969/web#id=518&model=mrp.production&view_type=form'}, {'id': 530, 'model': 'mrp.production', 'label': 'MO/2600279', 'url': 'http://10.100.12.131:6969/web#id=530&model=mrp.production&view_type=form'}, {'id': 531, 'model': 'mrp.production', 'label': 'MO/2600280', 'url': 'http://10.100.12.131:6969/web#id=531&model=mrp.production&view_type=form'}, {'id': 543, 'model': 'mrp.production', 'label': 'MO/2600292', 'url': 'http://10.100.12.131:6969/web#id=543&model=mrp.production&view_type=form'}, {'id': 544, 'model': 'mrp.production', 'label': 'MO/2600293', 'url': 'http://10.100.12.131:6969/web#id=544&model=mrp.production&view_type=form'}, {'id': 684, 'model': 'mrp.production', 'label': 'MO/2600433', 'url': 'http://10.100.12.131:6969/web#id=684&model=mrp.production&view_type=form'}, {'id': 2302, 'model': 'mrp.production', 'label': 'MO/2602051', 'url': 'http://10.100.12.131:6969/web#id=2302&model=mrp.production&view_type=form'}, {'id': 1043, 'model': 'mrp.production', 'label': 'MO/2600792', 'url': 'http://10.100.12.131:6969/web#id=1043&model=mrp.production&view_type=form'}, {'id': 1033, 'model': 'mrp.production', 'label': 'MO/2600782', 'url': 'http://10.100.12.131:6969/web#id=1033&model=mrp.production&view_type=form'}, {'id': 1122, 'model': 'mrp.production', 'label': 'MO/2600871', 'url': 'http://10.100.12.131:6969/web#id=1122&model=mrp.production&view_type=form'}, {'id': 1123, 'model': 'mrp.production', 'label': 'MO/2600872', 'url': 'http://10.100.12.131:6969/web#id=1123&model=mrp.production&view_type=form'}, {'id': 1125, 'model': 'mrp.production', 'label': 'MO/2600874', 'url': 'http://10.100.12.131:6969/web#id=1125&model=mrp.production&view_type=form'}, {'id': 1126, 'model': 'mrp.production', 'label': 'MO/2600875', 'url': 'http://10.100.12.131:6969/web#id=1126&model=mrp.production&view_type=form'}, {'id': 1127, 'model': 'mrp.production', 'label': 'MO/2600876', 'url': 'http://10.100.12.131:6969/web#id=1127&model=mrp.production&view_type=form'}, {'id': 1128, 'model': 'mrp.production', 'label': 'MO/2600877', 'url': 'http://10.100.12.131:6969/web#id=1128&model=mrp.production&view_type=form'}, {'id': 1129, 'model': 'mrp.production', 'label': 'MO/2600878', 'url': 'http://10.100.12.131:6969/web#id=1129&model=mrp.production&view_type=form'}, {'id': 1130, 'model': 'mrp.production', 'label': 'MO/2600879', 'url': 'http://10.100.12.131:6969/web#id=1130&model=mrp.production&view_type=form'}, {'id': 1131, 'model': 'mrp.production', 'label': 'MO/2600880', 'url': 'http://10.100.12.131:6969/web#id=1131&model=mrp.production&view_type=form'}, {'id': 1132, 'model': 'mrp.production', 'label': 'MO/2600881', 'url': 'http://10.100.12.131:6969/web#id=1132&model=mrp.production&view_type=form'}, {'id': 1133, 'model': 'mrp.production', 'label': 'MO/2600882', 'url': 'http://10.100.12.131:6969/web#id=1133&model=mrp.production&view_type=form'}, {'id': 1134, 'model': 'mrp.production', 'label': 'MO/2600883', 'url': 'http://10.100.12.131:6969/web#id=1134&model=mrp.production&view_type=form'}, {'id': 1135, 'model': 'mrp.production', 'label': 'MO/2600884', 'url': 'http://10.100.12.131:6969/web#id=1135&model=mrp.production&view_type=form'}, {'id': 1136, 'model': 'mrp.production', 'label': 'MO/2600885', 'url': 'http://10.100.12.131:6969/web#id=1136&model=mrp.production&view_type=form'}, {'id': 1138, 'model': 'mrp.production', 'label': 'MO/2600887', 'url': 'http://10.100.12.131:6969/web#id=1138&model=mrp.production&view_type=form'}, {'id': 2306, 'model': 'mrp.production', 'label': 'MO/2602055', 'url': 'http://10.100.12.131:6969/web#id=2306&model=mrp.production&view_type=form'}, {'id': 2848, 'model': 'mrp.production', 'label': 'MO/2602536', 'url': 'http://10.100.12.131:6969/web#id=2848&model=mrp.production&view_type=form'}, {'id': 2307, 'model': 'mrp.production', 'label': 'MO/2602056', 'url': 'http://10.100.12.131:6969/web#id=2307&model=mrp.production&view_type=form'}, {'id': 2308, 'model': 'mrp.production', 'label': 'MO/2602057', 'url': 'http://10.100.12.131:6969/web#id=2308&model=mrp.production&view_type=form'}, {'id': 2314, 'model': 'mrp.production', 'label': 'MO/2602063', 'url': 'http://10.100.12.131:6969/web#id=2314&model=mrp.production&view_type=form'}, {'id': 2316, 'model': 'mrp.production', 'label': 'MO/2602065', 'url': 'http://10.100.12.131:6969/web#id=2316&model=mrp.production&view_type=form'}, {'id': 2850, 'model': 'mrp.production', 'label': 'MO/2602538', 'url': 'http://10.100.12.131:6969/web#id=2850&model=mrp.production&view_type=form'}, {'id': 2906, 'model': 'mrp.production', 'label': 'MO/2602594', 'url': 'http://10.100.12.131:6969/web#id=2906&model=mrp.production&view_type=form'}, {'id': 2851, 'model': 'mrp.production', 'label': 'MO/2602539', 'url': 'http://10.100.12.131:6969/web#id=2851&model=mrp.production&view_type=form'}, {'id': 2854, 'model': 'mrp.production', 'label': 'MO/2602542', 'url': 'http://10.100.12.131:6969/web#id=2854&model=mrp.production&view_type=form'}, {'id': 2855, 'model': 'mrp.production', 'label': 'MO/2602543', 'url': 'http://10.100.12.131:6969/web#id=2855&model=mrp.production&view_type=form'}, {'id': 2856, 'model': 'mrp.production', 'label': 'MO/2602544', 'url': 'http://10.100.12.131:6969/web#id=2856&model=mrp.production&view_type=form'}, {'id': 2857, 'model': 'mrp.production', 'label': 'MO/2602545', 'url': 'http://10.100.12.131:6969/web#id=2857&model=mrp.production&view_type=form'}, {'id': 2912, 'model': 'mrp.production', 'label': 'MO/2602600', 'url': 'http://10.100.12.131:6969/web#id=2912&model=mrp.production&view_type=form'}, {'id': 2913, 'model': 'mrp.production', 'label': 'MO/2602601', 'url': 'http://10.100.12.131:6969/web#id=2913&model=mrp.production&view_type=form'}, {'id': 2858, 'model': 'mrp.production', 'label': 'MO/2602546', 'url': 'http://10.100.12.131:6969/web#id=2858&model=mrp.production&view_type=form'}, {'id': 2914, 'model': 'mrp.production', 'label': 'MO/2602602', 'url': 'http://10.100.12.131:6969/web#id=2914&model=mrp.production&view_type=form'}, {'id': 2859, 'model': 'mrp.production', 'label': 'MO/2602547', 'url': 'http://10.100.12.131:6969/web#id=2859&model=mrp.production&view_type=form'}, {'id': 2915, 'model': 'mrp.production', 'label': 'MO/2602603', 'url': 'http://10.100.12.131:6969/web#id=2915&model=mrp.production&view_type=form'}, {'id': 2916, 'model': 'mrp.production', 'label': 'MO/2602604', 'url': 'http://10.100.12.131:6969/web#id=2916&model=mrp.production&view_type=form'}, {'id': 2865, 'model': 'mrp.production', 'label': 'MO/2602553', 'url': 'http://10.100.12.131:6969/web#id=2865&model=mrp.production&view_type=form'}, {'id': 2917, 'model': 'mrp.production', 'label': 'MO/2602605', 'url': 'http://10.100.12.131:6969/web#id=2917&model=mrp.production&view_type=form'}, {'id': 2910, 'model': 'mrp.production', 'label': 'MO/2602598', 'url': 'http://10.100.12.131:6969/web#id=2910&model=mrp.production&view_type=form'}, {'id': 2909, 'model': 'mrp.production', 'label': 'MO/2602597', 'url': 'http://10.100.12.131:6969/web#id=2909&model=mrp.production&view_type=form'}, {'id': 2911, 'model': 'mrp.production', 'label': 'MO/2602599', 'url': 'http://10.100.12.131:6969/web#id=2911&model=mrp.production&view_type=form'}, {'id': 2908, 'model': 'mrp.production', 'label': 'MO/2602596', 'url': 'http://10.100.12.131:6969/web#id=2908&model=mrp.production&view_type=form'}, {'id': 2907, 'model': 'mrp.production', 'label': 'MO/2602595', 'url': 'http://10.100.12.131:6969/web#id=2907&model=mrp.production&view_type=form'}, {'id': 2897, 'model': 'mrp.production', 'label': 'MO/2602585', 'url': 'http://10.100.12.131:6969/web#id=2897&model=mrp.production&view_type=form'}, {'id': 2894, 'model': 'mrp.production', 'label': 'MO/2602582', 'url': 'http://10.100.12.131:6969/web#id=2894&model=mrp.production&view_type=form'}, {'id': 2895, 'model': 'mrp.production', 'label': 'MO/2602583', 'url': 'http://10.100.12.131:6969/web#id=2895&model=mrp.production&view_type=form'}, {'id': 2893, 'model': 'mrp.production', 'label': 'MO/2602581', 'url': 'http://10.100.12.131:6969/web#id=2893&model=mrp.production&view_type=form'}, {'id': 2892, 'model': 'mrp.production', 'label': 'MO/2602580', 'url': 'http://10.100.12.131:6969/web#id=2892&model=mrp.production&view_type=form'}, {'id': 2901, 'model': 'mrp.production', 'label': 'MO/2602589', 'url': 'http://10.100.12.131:6969/web#id=2901&model=mrp.production&view_type=form'}, {'id': 2899, 'model': 'mrp.production', 'label': 'MO/2602587', 'url': 'http://10.100.12.131:6969/web#id=2899&model=mrp.production&view_type=form'}, {'id': 2904, 'model': 'mrp.production', 'label': 'MO/2602592', 'url': 'http://10.100.12.131:6969/web#id=2904&model=mrp.production&view_type=form'}, {'id': 2889, 'model': 'mrp.production', 'label': 'MO/2602577', 'url': 'http://10.100.12.131:6969/web#id=2889&model=mrp.production&view_type=form'}, {'id': 2886, 'model': 'mrp.production', 'label': 'MO/2602574', 'url': 'http://10.100.12.131:6969/web#id=2886&model=mrp.production&view_type=form'}, {'id': 2888, 'model': 'mrp.production', 'label': 'MO/2602576', 'url': 'http://10.100.12.131:6969/web#id=2888&model=mrp.production&view_type=form'}, {'id': 2870, 'model': 'mrp.production', 'label': 'MO/2602558', 'url': 'http://10.100.12.131:6969/web#id=2870&model=mrp.production&view_type=form'}, {'id': 2869, 'model': 'mrp.production', 'label': 'MO/2602557', 'url': 'http://10.100.12.131:6969/web#id=2869&model=mrp.production&view_type=form'}, {'id': 2868, 'model': 'mrp.production', 'label': 'MO/2602556', 'url': 'http://10.100.12.131:6969/web#id=2868&model=mrp.production&view_type=form'}, {'id': 2878, 'model': 'mrp.production', 'label': 'MO/2602566', 'url': 'http://10.100.12.131:6969/web#id=2878&model=mrp.production&view_type=form'}, {'id': 2877, 'model': 'mrp.production', 'label': 'MO/2602565', 'url': 'http://10.100.12.131:6969/web#id=2877&model=mrp.production&view_type=form'}, {'id': 2873, 'model': 'mrp.production', 'label': 'MO/2602561', 'url': 'http://10.100.12.131:6969/web#id=2873&model=mrp.production&view_type=form'}, {'id': 2867, 'model': 'mrp.production', 'label': 'MO/2602555', 'url': 'http://10.100.12.131:6969/web#id=2867&model=mrp.production&view_type=form'}, {'id': 2882, 'model': 'mrp.production', 'label': 'MO/2602570', 'url': 'http://10.100.12.131:6969/web#id=2882&model=mrp.production&view_type=form'}, {'id': 2881, 'model': 'mrp.production', 'label': 'MO/2602569', 'url': 'http://10.100.12.131:6969/web#id=2881&model=mrp.production&view_type=form'}, {'id': 2871, 'model': 'mrp.production', 'label': 'MO/2602559', 'url': 'http://10.100.12.131:6969/web#id=2871&model=mrp.production&view_type=form'}, {'id': 2880, 'model': 'mrp.production', 'label': 'MO/2602568', 'url': 'http://10.100.12.131:6969/web#id=2880&model=mrp.production&view_type=form'}, {'id': 2879, 'model': 'mrp.production', 'label': 'MO/2602567', 'url': 'http://10.100.12.131:6969/web#id=2879&model=mrp.production&view_type=form'}, {'id': 2814, 'model': 'mrp.production', 'label': 'MO/2602502', 'url': 'http://10.100.12.131:6969/web#id=2814&model=mrp.production&view_type=form'}, {'id': 2806, 'model': 'mrp.production', 'label': 'MO/2602494', 'url': 'http://10.100.12.131:6969/web#id=2806&model=mrp.production&view_type=form'}, {'id': 2809, 'model': 'mrp.production', 'label': 'MO/2602497', 'url': 'http://10.100.12.131:6969/web#id=2809&model=mrp.production&view_type=form'}, {'id': 2808, 'model': 'mrp.production', 'label': 'MO/2602496', 'url': 'http://10.100.12.131:6969/web#id=2808&model=mrp.production&view_type=form'}, {'id': 2812, 'model': 'mrp.production', 'label': 'MO/2602500', 'url': 'http://10.100.12.131:6969/web#id=2812&model=mrp.production&view_type=form'}, {'id': 2804, 'model': 'mrp.production', 'label': 'MO/2602492', 'url': 'http://10.100.12.131:6969/web#id=2804&model=mrp.production&view_type=form'}, {'id': 2853, 'model': 'mrp.production', 'label': 'MO/2602541', 'url': 'http://10.100.12.131:6969/web#id=2853&model=mrp.production&view_type=form'}, {'id': 2800, 'model': 'mrp.production', 'label': 'MO/2602488', 'url': 'http://10.100.12.131:6969/web#id=2800&model=mrp.production&view_type=form'}, {'id': 2852, 'model': 'mrp.production', 'label': 'MO/2602540', 'url': 'http://10.100.12.131:6969/web#id=2852&model=mrp.production&view_type=form'}, {'id': 2863, 'model': 'mrp.production', 'label': 'MO/2602551', 'url': 'http://10.100.12.131:6969/web#id=2863&model=mrp.production&view_type=form'}, {'id': 2797, 'model': 'mrp.production', 'label': 'MO/2602485', 'url': 'http://10.100.12.131:6969/web#id=2797&model=mrp.production&view_type=form'}, {'id': 2862, 'model': 'mrp.production', 'label': 'MO/2602550', 'url': 'http://10.100.12.131:6969/web#id=2862&model=mrp.production&view_type=form'}, {'id': 2795, 'model': 'mrp.production', 'label': 'MO/2602483', 'url': 'http://10.100.12.131:6969/web#id=2795&model=mrp.production&view_type=form'}, {'id': 2860, 'model': 'mrp.production', 'label': 'MO/2602548', 'url': 'http://10.100.12.131:6969/web#id=2860&model=mrp.production&view_type=form'}, {'id': 2861, 'model': 'mrp.production', 'label': 'MO/2602549', 'url': 'http://10.100.12.131:6969/web#id=2861&model=mrp.production&view_type=form'}, {'id': 2794, 'model': 'mrp.production', 'label': 'MO/2602482', 'url': 'http://10.100.12.131:6969/web#id=2794&model=mrp.production&view_type=form'}]}], 'record_links': [{'id': 385, 'model': 'mrp.production', 'label': 'MO/2600134', 'url': 'http://10.100.12.131:6969/web#id=385&model=mrp.production&view_type=form'}, {'id': 388, 'model': 'mrp.production', 'label': 'MO/2600137', 'url': 'http://10.100.12.131:6969/web#id=388&model=mrp.production&view_type=form'}, {'id': 2279, 'model': 'mrp.production', 'label': 'MO/2602028', 'url': 'http://10.100.12.131:6969/web#id=2279&model=mrp.production&view_type=form'}, {'id': 475, 'model': 'mrp.production', 'label': 'MO/2600224', 'url': 'http://10.100.12.131:6969/web#id=475&model=mrp.production&view_type=form'}, {'id': 476, 'model': 'mrp.production', 'label': 'MO/2600225', 'url': 'http://10.100.12.131:6969/web#id=476&model=mrp.production&view_type=form'}, {'id': 489, 'model': 'mrp.production', 'label': 'MO/2600238', 'url': 'http://10.100.12.131:6969/web#id=489&model=mrp.production&view_type=form'}, {'id': 490, 'model': 'mrp.production', 'label': 'MO/2600239', 'url': 'http://10.100.12.131:6969/web#id=490&model=mrp.production&view_type=form'}, {'id': 503, 'model': 'mrp.production', 'label': 'MO/2600252', 'url': 'http://10.100.12.131:6969/web#id=503&model=mrp.production&view_type=form'}, {'id': 504, 'model': 'mrp.production', 'label': 'MO/2600253', 'url': 'http://10.100.12.131:6969/web#id=504&model=mrp.production&view_type=form'}, {'id': 517, 'model': 'mrp.production', 'label': 'MO/2600266', 'url': 'http://10.100.12.131:6969/web#id=517&model=mrp.production&view_type=form'}, {'id': 518, 'model': 'mrp.production', 'label': 'MO/2600267', 'url': 'http://10.100.12.131:6969/web#id=518&model=mrp.production&view_type=form'}, {'id': 530, 'model': 'mrp.production', 'label': 'MO/2600279', 'url': 'http://10.100.12.131:6969/web#id=530&model=mrp.production&view_type=form'}, {'id': 531, 'model': 'mrp.production', 'label': 'MO/2600280', 'url': 'http://10.100.12.131:6969/web#id=531&model=mrp.production&view_type=form'}, {'id': 543, 'model': 'mrp.production', 'label': 'MO/2600292', 'url': 'http://10.100.12.131:6969/web#id=543&model=mrp.production&view_type=form'}, {'id': 544, 'model': 'mrp.production', 'label': 'MO/2600293', 'url': 'http://10.100.12.131:6969/web#id=544&model=mrp.production&view_type=form'}, {'id': 684, 'model': 'mrp.production', 'label': 'MO/2600433', 'url': 'http://10.100.12.131:6969/web#id=684&model=mrp.production&view_type=form'}, {'id': 2302, 'model': 'mrp.production', 'label': 'MO/2602051', 'url': 'http://10.100.12.131:6969/web#id=2302&model=mrp.production&view_type=form'}, {'id': 1043, 'model': 'mrp.production', 'label': 'MO/2600792', 'url': 'http://10.100.12.131:6969/web#id=1043&model=mrp.production&view_type=form'}, {'id': 1033, 'model': 'mrp.production', 'label': 'MO/2600782', 'url': 'http://10.100.12.131:6969/web#id=1033&model=mrp.production&view_type=form'}, {'id': 1122, 'model': 'mrp.production', 'label': 'MO/2600871', 'url': 'http://10.100.12.131:6969/web#id=1122&model=mrp.production&view_type=form'}, {'id': 1123, 'model': 'mrp.production', 'label': 'MO/2600872', 'url': 'http://10.100.12.131:6969/web#id=1123&model=mrp.production&view_type=form'}, {'id': 1125, 'model': 'mrp.production', 'label': 'MO/2600874', 'url': 'http://10.100.12.131:6969/web#id=1125&model=mrp.production&view_type=form'}, {'id': 1126, 'model': 'mrp.production', 'label': 'MO/2600875', 'url': 'http://10.100.12.131:6969/web#id=1126&model=mrp.production&view_type=form'}, {'id': 1127, 'model': 'mrp.production', 'label': 'MO/2600876', 'url': 'http://10.100.12.131:6969/web#id=1127&model=mrp.production&view_type=form'}, {'id': 1128, 'model': 'mrp.production', 'label': 'MO/2600877', 'url': 'http://10.100.12.131:6969/web#id=1128&model=mrp.production&view_type=form'}, {'id': 1129, 'model': 'mrp.production', 'label': 'MO/2600878', 'url': 'http://10.100.12.131:6969/web#id=1129&model=mrp.production&view_type=form'}, {'id': 1130, 'model': 'mrp.production', 'label': 'MO/2600879', 'url': 'http://10.100.12.131:6969/web#id=1130&model=mrp.production&view_type=form'}, {'id': 1131, 'model': 'mrp.production', 'label': 'MO/2600880', 'url': 'http://10.100.12.131:6969/web#id=1131&model=mrp.production&view_type=form'}, {'id': 1132, 'model': 'mrp.production', 'label': 'MO/2600881', 'url': 'http://10.100.12.131:6969/web#id=1132&model=mrp.production&view_type=form'}, {'id': 1133, 'model': 'mrp.production', 'label': 'MO/2600882', 'url': 'http://10.100.12.131:6969/web#id=1133&model=mrp.production&view_type=form'}, {'id': 1134, 'model': 'mrp.production', 'label': 'MO/2600883', 'url': 'http://10.100.12.131:6969/web#id=1134&model=mrp.production&view_type=form'}, {'id': 1135, 'model': 'mrp.production', 'label': 'MO/2600884', 'url': 'http://10.100.12.131:6969/web#id=1135&model=mrp.production&view_type=form'}, {'id': 1136, 'model': 'mrp.production', 'label': 'MO/2600885', 'url': 'http://10.100.12.131:6969/web#id=1136&model=mrp.production&view_type=form'}, {'id': 1138, 'model': 'mrp.production', 'label': 'MO/2600887', 'url': 'http://10.100.12.131:6969/web#id=1138&model=mrp.production&view_type=form'}, {'id': 2306, 'model': 'mrp.production', 'label': 'MO/2602055', 'url': 'http://10.100.12.131:6969/web#id=2306&model=mrp.production&view_type=form'}, {'id': 2848, 'model': 'mrp.production', 'label': 'MO/2602536', 'url': 'http://10.100.12.131:6969/web#id=2848&model=mrp.production&view_type=form'}, {'id': 2307, 'model': 'mrp.production', 'label': 'MO/2602056', 'url': 'http://10.100.12.131:6969/web#id=2307&model=mrp.production&view_type=form'}, {'id': 2308, 'model': 'mrp.production', 'label': 'MO/2602057', 'url': 'http://10.100.12.131:6969/web#id=2308&model=mrp.production&view_type=form'}, {'id': 2314, 'model': 'mrp.production', 'label': 'MO/2602063', 'url': 'http://10.100.12.131:6969/web#id=2314&model=mrp.production&view_type=form'}, {'id': 2316, 'model': 'mrp.production', 'label': 'MO/2602065', 'url': 'http://10.100.12.131:6969/web#id=2316&model=mrp.production&view_type=form'}, {'id': 2850, 'model': 'mrp.production', 'label': 'MO/2602538', 'url': 'http://10.100.12.131:6969/web#id=2850&model=mrp.production&view_type=form'}, {'id': 2906, 'model': 'mrp.production', 'label': 'MO/2602594', 'url': 'http://10.100.12.131:6969/web#id=2906&model=mrp.production&view_type=form'}, {'id': 2851, 'model': 'mrp.production', 'label': 'MO/2602539', 'url': 'http://10.100.12.131:6969/web#id=2851&model=mrp.production&view_type=form'}, {'id': 2854, 'model': 'mrp.production', 'label': 'MO/2602542', 'url': 'http://10.100.12.131:6969/web#id=2854&model=mrp.production&view_type=form'}, {'id': 2855, 'model': 'mrp.production', 'label': 'MO/2602543', 'url': 'http://10.100.12.131:6969/web#id=2855&model=mrp.production&view_type=form'}, {'id': 2856, 'model': 'mrp.production', 'label': 'MO/2602544', 'url': 'http://10.100.12.131:6969/web#id=2856&model=mrp.production&view_type=form'}, {'id': 2857, 'model': 'mrp.production', 'label': 'MO/2602545', 'url': 'http://10.100.12.131:6969/web#id=2857&model=mrp.production&view_type=form'}, {'id': 2912, 'model': 'mrp.production', 'label': 'MO/2602600', 'url': 'http://10.100.12.131:6969/web#id=2912&model=mrp.production&view_type=form'}, {'id': 2913, 'model': 'mrp.production', 'label': 'MO/2602601', 'url': 'http://10.100.12.131:6969/web#id=2913&model=mrp.production&view_type=form'}, {'id': 2858, 'model': 'mrp.production', 'label': 'MO/2602546', 'url': 'http://10.100.12.131:6969/web#id=2858&model=mrp.production&view_type=form'}, {'id': 2914, 'model': 'mrp.production', 'label': 'MO/2602602', 'url': 'http://10.100.12.131:6969/web#id=2914&model=mrp.production&view_type=form'}, {'id': 2859, 'model': 'mrp.production', 'label': 'MO/2602547', 'url': 'http://10.100.12.131:6969/web#id=2859&model=mrp.production&view_type=form'}, {'id': 2915, 'model': 'mrp.production', 'label': 'MO/2602603', 'url': 'http://10.100.12.131:6969/web#id=2915&model=mrp.production&view_type=form'}, {'id': 2916, 'model': 'mrp.production', 'label': 'MO/2602604', 'url': 'http://10.100.12.131:6969/web#id=2916&model=mrp.production&view_type=form'}, {'id': 2865, 'model': 'mrp.production', 'label': 'MO/2602553', 'url': 'http://10.100.12.131:6969/web#id=2865&model=mrp.production&view_type=form'}, {'id': 2917, 'model': 'mrp.production', 'label': 'MO/2602605', 'url': 'http://10.100.12.131:6969/web#id=2917&model=mrp.production&view_type=form'}, {'id': 2910, 'model': 'mrp.production', 'label': 'MO/2602598', 'url': 'http://10.100.12.131:6969/web#id=2910&model=mrp.production&view_type=form'}, {'id': 2909, 'model': 'mrp.production', 'label': 'MO/2602597', 'url': 'http://10.100.12.131:6969/web#id=2909&model=mrp.production&view_type=form'}, {'id': 2911, 'model': 'mrp.production', 'label': 'MO/2602599', 'url': 'http://10.100.12.131:6969/web#id=2911&model=mrp.production&view_type=form'}, {'id': 2908, 'model': 'mrp.production', 'label': 'MO/2602596', 'url': 'http://10.100.12.131:6969/web#id=2908&model=mrp.production&view_type=form'}, {'id': 2907, 'model': 'mrp.production', 'label': 'MO/2602595', 'url': 'http://10.100.12.131:6969/web#id=2907&model=mrp.production&view_type=form'}, {'id': 2897, 'model': 'mrp.production', 'label': 'MO/2602585', 'url': 'http://10.100.12.131:6969/web#id=2897&model=mrp.production&view_type=form'}, {'id': 2894, 'model': 'mrp.production', 'label': 'MO/2602582', 'url': 'http://10.100.12.131:6969/web#id=2894&model=mrp.production&view_type=form'}, {'id': 2895, 'model': 'mrp.production', 'label': 'MO/2602583', 'url': 'http://10.100.12.131:6969/web#id=2895&model=mrp.production&view_type=form'}, {'id': 2893, 'model': 'mrp.production', 'label': 'MO/2602581', 'url': 'http://10.100.12.131:6969/web#id=2893&model=mrp.production&view_type=form'}, {'id': 2892, 'model': 'mrp.production', 'label': 'MO/2602580', 'url': 'http://10.100.12.131:6969/web#id=2892&model=mrp.production&view_type=form'}, {'id': 2901, 'model': 'mrp.production', 'label': 'MO/2602589', 'url': 'http://10.100.12.131:6969/web#id=2901&model=mrp.production&view_type=form'}, {'id': 2899, 'model': 'mrp.production', 'label': 'MO/2602587', 'url': 'http://10.100.12.131:6969/web#id=2899&model=mrp.production&view_type=form'}, {'id': 2904, 'model': 'mrp.production', 'label': 'MO/2602592', 'url': 'http://10.100.12.131:6969/web#id=2904&model=mrp.production&view_type=form'}, {'id': 2889, 'model': 'mrp.production', 'label': 'MO/2602577', 'url': 'http://10.100.12.131:6969/web#id=2889&model=mrp.production&view_type=form'}, {'id': 2886, 'model': 'mrp.production', 'label': 'MO/2602574', 'url': 'http://10.100.12.131:6969/web#id=2886&model=mrp.production&view_type=form'}, {'id': 2888, 'model': 'mrp.production', 'label': 'MO/2602576', 'url': 'http://10.100.12.131:6969/web#id=2888&model=mrp.production&view_type=form'}, {'id': 2870, 'model': 'mrp.production', 'label': 'MO/2602558', 'url': 'http://10.100.12.131:6969/web#id=2870&model=mrp.production&view_type=form'}, {'id': 2869, 'model': 'mrp.production', 'label': 'MO/2602557', 'url': 'http://10.100.12.131:6969/web#id=2869&model=mrp.production&view_type=form'}, {'id': 2868, 'model': 'mrp.production', 'label': 'MO/2602556', 'url': 'http://10.100.12.131:6969/web#id=2868&model=mrp.production&view_type=form'}, {'id': 2878, 'model': 'mrp.production', 'label': 'MO/2602566', 'url': 'http://10.100.12.131:6969/web#id=2878&model=mrp.production&view_type=form'}, {'id': 2877, 'model': 'mrp.production', 'label': 'MO/2602565', 'url': 'http://10.100.12.131:6969/web#id=2877&model=mrp.production&view_type=form'}, {'id': 2873, 'model': 'mrp.production', 'label': 'MO/2602561', 'url': 'http://10.100.12.131:6969/web#id=2873&model=mrp.production&view_type=form'}, {'id': 2867, 'model': 'mrp.production', 'label': 'MO/2602555', 'url': 'http://10.100.12.131:6969/web#id=2867&model=mrp.production&view_type=form'}, {'id': 2882, 'model': 'mrp.production', 'label': 'MO/2602570', 'url': 'http://10.100.12.131:6969/web#id=2882&model=mrp.production&view_type=form'}, {'id': 2881, 'model': 'mrp.production', 'label': 'MO/2602569', 'url': 'http://10.100.12.131:6969/web#id=2881&model=mrp.production&view_type=form'}, {'id': 2871, 'model': 'mrp.production', 'label': 'MO/2602559', 'url': 'http://10.100.12.131:6969/web#id=2871&model=mrp.production&view_type=form'}, {'id': 2880, 'model': 'mrp.production', 'label': 'MO/2602568', 'url': 'http://10.100.12.131:6969/web#id=2880&model=mrp.production&view_type=form'}, {'id': 2879, 'model': 'mrp.production', 'label': 'MO/2602567', 'url': 'http://10.100.12.131:6969/web#id=2879&model=mrp.production&view_type=form'}, {'id': 2814, 'model': 'mrp.production', 'label': 'MO/2602502', 'url': 'http://10.100.12.131:6969/web#id=2814&model=mrp.production&view_type=form'}, {'id': 2806, 'model': 'mrp.production', 'label': 'MO/2602494', 'url': 'http://10.100.12.131:6969/web#id=2806&model=mrp.production&view_type=form'}, {'id': 2809, 'model': 'mrp.production', 'label': 'MO/2602497', 'url': 'http://10.100.12.131:6969/web#id=2809&model=mrp.production&view_type=form'}, {'id': 2808, 'model': 'mrp.production', 'label': 'MO/2602496', 'url': 'http://10.100.12.131:6969/web#id=2808&model=mrp.production&view_type=form'}, {'id': 2812, 'model': 'mrp.production', 'label': 'MO/2602500', 'url': 'http://10.100.12.131:6969/web#id=2812&model=mrp.production&view_type=form'}, {'id': 2804, 'model': 'mrp.production', 'label': 'MO/2602492', 'url': 'http://10.100.12.131:6969/web#id=2804&model=mrp.production&view_type=form'}, {'id': 2853, 'model': 'mrp.production', 'label': 'MO/2602541', 'url': 'http://10.100.12.131:6969/web#id=2853&model=mrp.production&view_type=form'}, {'id': 2800, 'model': 'mrp.production', 'label': 'MO/2602488', 'url': 'http://10.100.12.131:6969/web#id=2800&model=mrp.production&view_type=form'}, {'id': 2852, 'model': 'mrp.production', 'label': 'MO/2602540', 'url': 'http://10.100.12.131:6969/web#id=2852&model=mrp.production&view_type=form'}, {'id': 2863, 'model': 'mrp.production', 'label': 'MO/2602551', 'url': 'http://10.100.12.131:6969/web#id=2863&model=mrp.production&view_type=form'}, {'id': 2797, 'model': 'mrp.production', 'label': 'MO/2602485', 'url': 'http://10.100.12.131:6969/web#id=2797&model=mrp.production&view_type=form'}, {'id': 2862, 'model': 'mrp.production', 'label': 'MO/2602550', 'url': 'http://10.100.12.131:6969/web#id=2862&model=mrp.production&view_type=form'}, {'id': 2795, 'model': 'mrp.production', 'label': 'MO/2602483', 'url': 'http://10.100.12.131:6969/web#id=2795&model=mrp.production&view_type=form'}, {'id': 2860, 'model': 'mrp.production', 'label': 'MO/2602548', 'url': 'http://10.100.12.131:6969/web#id=2860&model=mrp.production&view_type=form'}, {'id': 2861, 'model': 'mrp.production', 'label': 'MO/2602549', 'url': 'http://10.100.12.131:6969/web#id=2861&model=mrp.production&view_type=form'}, {'id': 2794, 'model': 'mrp.production', 'label': 'MO/2602482', 'url': 'http://10.100.12.131:6969/web#id=2794&model=mrp.production&view_type=form'}]}
USER MESSAGE: Mostrami gli ultimi 10 ordini di produzione
ASSISTANT MESSAGE: Ho trovato 367 ordini di produzione. Ecco gli ultimi 10 in base alla data di conclusione pianificata:

| Nome | Prodotto | Quantità | Unità di misura | Data di inizio pianificata | Data di conclusione pianificata |
| --- | --- | ---: | --- | --- | --- |
| MO/2602601 | [S165005412] PF 564 CP/80 'LARSON INTERNATIONAL III' | 35.640 | MQ | 28 marzo 2026 | 28 marzo 2026 |
| MO/2602600 | [S131005294] PF 564 CP 'LASER' COMBI | 5.240 | MQ | 27 marzo 2026 | 28 marzo 2026 |
| MO/2602594 | [S135005464] PF 564 CP 'LASER' COMBI | 32.400 | MQ | 27 marzo 2026 | 27 marzo 2026 |
| MO/2602542 | [S257005057] PF 12/4 WP PV3 MP TRANSPARENT | 92.520 | MQ | 20 marzo 2026 | 20 marzo 2026 |
| MO/2602546 | [S257002304] PF 32/3/70 WP PV2 TRANSP | 15.420 | MQ | 20 marzo 2026 | 20 marzo 2026 |
| MO/2602545 | [S257002304] PF 32/3/70 WP PV2 TRANSP | 15.420 | MQ | 20 marzo 2026 | 20 marzo 2026 |
| MO/2602538 | [S257005507] PF 32/3/70 WP PV2 MP TRANSP | 19.275 | MQ | 20 marzo 2026 | 20 marzo 2026 |
| MO/2602536 | [S257004906] PF 12/4 WP PV3 TRANSPARENT | 30.840 | MQ | 20 marzo 2026 | 20 marzo 2026 |
| MO/2602065 | [S135005630] PF 14 CP/N/60/PLK TRANSP | 270 | MQ | 22 febbraio 2026 | 22 febbraio 2026 |
| MO/2602063 | [S135004459] PFT 14 CP/N/60 V2 PLK 'FENIX DOPPIA FRECCIA' | 27.000 | MQ | 22 febbraio 2026 | 22 febbraio 2026 |
USER MESSAGE SAVED
ASSISTANT MESSAGE SAVED
OPERATIONAL CONTEXT SAVED
CONVERSATION TITLE UPDATED: Mostrami gli ultimi 10 ordini di produzione
MESSAGES CURRENTLY IN DB: 2
 - user : Mostrami gli ultimi 10 ordini di produzione
 - assistant : Ho trovato 367 ordini di produzione. Ecco gli ultimi 10 in base alla data di conclusione pianificata:

| Nome | Prodotto | Quantità | Unità di misura | Data di inizio pianificata | Data di conclusione pianificata |
| --- | --- | ---: | --- | --- | --- |
| MO/2602601 | [S165005412] PF 564 CP/80 'LARSON INTERNATIONAL III' | 35.640 | MQ | 28 marzo 2026 | 28 marzo 2026 |
| MO/2602600 | [S131005294] PF 564 CP 'LASER' COMBI | 5.240 | MQ | 27 marzo 2026 | 28 marzo 2026 |
| MO/2602594 | [S135005464] PF 564 CP 'LASER' COMBI | 32.400 | MQ | 27 marzo 2026 | 27 marzo 2026 |
| MO/2602542 | [S257005057] PF 12/4 WP PV3 MP TRANSPARENT | 92.520 | MQ | 20 marzo 2026 | 20 marzo 2026 |
| MO/2602546 | [S257002304] PF 32/3/70 WP PV2 TRANSP | 15.420 | MQ | 20 marzo 2026 | 20 marzo 2026 |
| MO/2602545 | [S257002304] PF 32/3/70 WP PV2 TRANSP | 15.420 | MQ | 20 marzo 2026 | 20 marzo 2026 |
| MO/2602538 | [S257005507] PF 32/3/70 WP PV2 MP TRANSP | 19.275 | MQ | 20 marzo 2026 | 20 marzo 2026 |
| MO/2602536 | [S257004906] PF 12/4 WP PV3 TRANSPARENT | 30.840 | MQ | 20 marzo 2026 | 20 marzo 2026 |
| MO/2602065 | [S135005630] PF 14 CP/N/60/PLK TRANSP | 270 | MQ | 22 febbraio 2026 | 22 febbraio 2026 |
| MO/2602063 | [S135004459] PFT 14 CP/N/60 V2 PLK 'FENIX DOPPIA FRECCIA' | 27.000 | MQ | 22 febbraio 2026 | 22 febbraio 2026 |
   OPERATIONAL RESULTS: 1

===== GRAPH RESULT =====
MESSAGES: 1
CURRENT REQUEST: Mostrami gli ultimi 10 ordini di produzione
SUB_REQUESTS: ['Mostrami gli ultimi 10 ordini di produzione']
SCOPE ALLOWED: True

===== PLAN =====
MODEL: mrp.production
METHOD: search_read
DOMAIN: None
FIELDS: None
ORDER: None
LIMIT: None

===== ODOO RESULTS SUMMARY =====
QUERIES: 1
--------------------------------------------
INDEX: 1
SUCCESS: True
MODEL: mrp.production
METHOD: search_read
DOMAIN: []
RESULT TYPE: records
TOTAL: 367
RETURNED: 367
LIMIT: 0
PAGES: 1
HAS MORE: False
FIRST RECORD: {'id': 385, 'name': 'MO/2600134', 'date_planned_start': '2026-02-02 23:53:01', 'date_planned_finished': '2026-02-03 06:06:24', 'product_id': [214358, '[S106002499] PF 584 CP S "ULF"'], 'product_qty': 25440.0, 'product_uom_id': [20, 'MQ'], 'availability': 'none', 'routing_id': False, 'state': 'cancel'}
SECOND RECORD: {'id': 388, 'name': 'MO/2600137', 'date_planned_start': '2026-02-03 06:06:24', 'date_planned_finished': '2026-02-03 08:38:31', 'product_id': [216352, "[S106005223] PF 581 CP S 'ULF'"], 'product_qty': 10600.0, 'product_uom_id': [20, 'MQ'], 'availability': 'none', 'routing_id': False, 'state': 'cancel'}

===== RESPONSE =====
STATUS: GENERATED
LENGTH: 1314
PREVIEW: Ho trovato 367 ordini di produzione. Ecco gli ultimi 10 in base alla data di conclusione pianificata:  | Nome | Prodotto | Quantità | Unità di misura | Data di inizio pianificata | Data di conclusione pianificata | | --- | --- | ---: | --- | --- | --- | | MO/2602601 | [S165005412] PF 564 CP/80 'LARS...

===== CHART ANALYZER =====
SHOULD RENDER: True
TYPE: bar
ORIENTATION: vertical
TITLE: Ultimi 10 ordini di produzione per quantità
SOURCE INDEX: 0
GROUPING: name
VALUE: product_qty
PALETTE: professional
ANIMATION: dynamic

===== CHART PAYLOAD =====
TYPE: bar
TITLE: Ultimi 10 ordini di produzione per quantità
SOURCE: 1
SOURCE TYPE: records
GROUPING: name
VALUE: product_qty
POINTS: 367
DATA: [{'label': 'MO/2602541', 'value': 780000.0}, {'label': 'MO/2602245', 'value': 435600.0}, {'label': 'MO/2602312', 'value': 381600.0}, {'label': 'MO/2602271', 'value': 355680.0}, {'label': 'MO/2602248', 'value': 355680.0}, {'label': 'MO/2601999', 'value': 318500.0}, {'label': 'MO/2602071', 'value': 318240.0}, {'label': 'MO/2602539', 'value': 312000.0}, {'label': 'MO/2602231', 'value': 308700.0}, {'label': 'MO/2602540', 'value': 264600.0}, {'label': 'MO/2602272', 'value': 262080.0}, {'label': 'MO/2602421', 'value': 249750.0}, {'label': 'MO/2602237', 'value': 243360.0}, {'label': 'MO/2602265', 'value': 227700.0}, {'label': 'MO/2602223', 'value': 223200.0}, {'label': 'MO/2602226', 'value': 220500.0}, {'label': 'MO/2602333', 'value': 217856.0}, {'label': 'MO/2602087', 'value': 214200.0}, {'label': 'MO/2602236', 'value': 187200.0}, {'label': 'MO/2602002', 'value': 178200.0}, {'label': 'MO/2602091', 'value': 176400.0}, {'label': 'MO/2602067', 'value': 165600.0}, {'label': 'MO/2602522', 'value': 159120.0}, {'label': 'MO/2602269', 'value': 154350.0}, {'label': 'MO/2602080', 'value': 154200.0}, {'label': 'MO/2602377', 'value': 147000.0}, {'label': 'MO/2601998', 'value': 135200.0}, {'label': 'MO/2602159', 'value': 132300.0}, {'label': 'MO/2602382', 'value': 128500.0}, {'label': 'MO/2602047', 'value': 125600.0}, {'label': 'MO/2602242', 'value': 124200.0}, {'label': 'MO/2602222', 'value': 123360.0}, {'label': 'MO/2602457', 'value': 122880.0}, {'label': 'MO/2602375', 'value': 122500.0}, {'label': 'MO/2602240', 'value': 122400.0}, {'label': 'MO/2602544', 'value': 115000.0}, {'label': 'MO/2602191', 'value': 114480.0}, {'label': 'MO/2600182', 'value': 114230.4}, {'label': 'MO/2602134', 'value': 113184.0}, {'label': 'MO/2602101', 'value': 113040.0}, {'label': 'MO/2602230', 'value': 110250.0}, {'label': 'MO/2602574', 'value': 103620.0}, {'label': 'MO/2602378', 'value': 102800.0}, {'label': 'MO/2601973', 'value': 101736.0}, {'label': 'MO/2602233', 'value': 99200.0}, {'label': 'MO/2602129', 'value': 94320.0}, {'label': 'MO/2602488', 'value': 94200.0}, {'label': 'MO/2601839', 'value': 94200.0}, {'label': 'MO/2600215', 'value': 94200.0}, {'label': 'MO/2602066', 'value': 93600.0}, {'label': 'MO/2602016', 'value': 93600.0}, {'label': 'MO/2602015', 'value': 93600.0}, {'label': 'MO/2602542', 'value': 92520.0}, {'label': 'MO/2602200', 'value': 92520.0}, {'label': 'MO/2602022', 'value': 92520.0}, {'label': 'MO/2602558', 'value': 78600.0}, {'label': 'MO/2602410', 'value': 77100.0}, {'label': 'MO/2602075', 'value': 76320.0}, {'label': 'MO/2602073', 'value': 76320.0}, {'label': 'MO/2602110', 'value': 75736.8}, {'label': 'MO/2602028', 'value': 75360.0}, {'label': 'MO/2602548', 'value': 69825.0}, {'label': 'MO/2602201', 'value': 69390.0}, {'label': 'MO/2602431', 'value': 66150.0}, {'label': 'MO/2602083', 'value': 66150.0}, {'label': 'MO/2602502', 'value': 65940.0}, {'label': 'MO/2602423', 'value': 65535.0}, {'label': 'MO/2600150', 'value': 64800.0}, {'label': 'MO/2602494', 'value': 62800.0}, {'label': 'MO/2602532', 'value': 62712.0}, {'label': 'MO/2602404', 'value': 61680.0}, {'label': 'MO/2602425', 'value': 59520.0}, {'label': 'MO/2600877', 'value': 59400.0}, {'label': 'MO/2602598', 'value': 59400.0}, {'label': 'MO/2602079', 'value': 59227.2}, {'label': 'MO/2602051', 'value': 58050.0}, {'label': 'MO/2602551', 'value': 57240.0}, {'label': 'MO/2602550', 'value': 57240.0}, {'label': 'MO/2602090', 'value': 57240.0}, {'label': 'MO/2602592', 'value': 56520.0}, {'label': 'MO/2602537', 'value': 56520.0}, {'label': 'MO/2602438', 'value': 56520.0}, {'label': 'MO/2602033', 'value': 56520.0}, {'label': 'MO/2602030', 'value': 56520.0}, {'label': 'MO/2600203', 'value': 56520.0}, {'label': 'MO/2602523', 'value': 55125.0}, {'label': 'MO/2602596', 'value': 55020.0}, {'label': 'MO/2602561', 'value': 55020.0}, {'label': 'MO/2600298', 'value': 55020.0}, {'label': 'MO/2600384', 'value': 54000.0}, {'label': 'MO/2602195', 'value': 53000.0}, {'label': 'MO/2602565', 'value': 52400.0}, {'label': 'MO/2600873', 'value': 52400.0}, {'label': 'MO/2602171', 'value': 51400.0}, {'label': 'MO/2602249', 'value': 50880.0}, {'label': 'MO/2602128', 'value': 50880.0}, {'label': 'MO/2602012', 'value': 50880.0}, {'label': 'MO/2602597', 'value': 48600.0}, {'label': 'MO/2602413', 'value': 48150.0}, {'label': 'MO/2601989', 'value': 47520.0}, {'label': 'MO/2602045', 'value': 47160.0}, {'label': 'MO/2602481', 'value': 47100.0}, {'label': 'MO/2602130', 'value': 47100.0}, {'label': 'MO/2600214', 'value': 47100.0}, {'label': 'MO/2602010', 'value': 46260.0}, {'label': 'MO/2602008', 'value': 44100.0}, {'label': 'MO/2602533', 'value': 43690.0}, {'label': 'MO/2602599', 'value': 42400.0}, {'label': 'MO/2602203', 'value': 41400.0}, {'label': 'MO/2602202', 'value': 41400.0}, {'label': 'MO/2602132', 'value': 40500.0}, {'label': 'MO/2602234', 'value': 40125.0}, {'label': 'MO/2600433', 'value': 39600.0}, {'label': 'MO/2600807', 'value': 39600.0}, {'label': 'MO/2600627', 'value': 39600.0}, {'label': 'MO/2600572', 'value': 39600.0}, {'label': 'MO/2600504', 'value': 39600.0}, {'label': 'MO/2600481', 'value': 39600.0}, {'label': 'MO/2600200', 'value': 39600.0}, {'label': 'MO/2600165', 'value': 39600.0}, {'label': 'MO/2600147', 'value': 39600.0}, {'label': 'MO/2602092', 'value': 39300.0}, {'label': 'MO/2600565', 'value': 39300.0}, {'label': 'MO/2600539', 'value': 39300.0}, {'label': 'MO/2602430', 'value': 38160.0}, {'label': 'MO/2602432', 'value': 38160.0}, {'label': 'MO/2602282', 'value': 37680.0}, {'label': 'MO/2602098', 'value': 37680.0}, {'label': 'MO/2600752', 'value': 37680.0}, {'label': 'MO/2600213', 'value': 37680.0}, {'label': 'MO/2602105', 'value': 37564.8}, {'label': 'MO/2602543', 'value': 37440.0}, {'label': 'MO/2602547', 'value': 37440.0}, {'label': 'MO/2602525', 'value': 37440.0}, {'label': 'MO/2602169', 'value': 37440.0}, {'label': 'MO/2602168', 'value': 37000.0}, {'label': 'MO/2602100', 'value': 36680.0}, {'label': 'MO/2602601', 'value': 35640.0}, {'label': 'MO/2602032', 'value': 35325.0}, {'label': 'MO/2600460', 'value': 34800.0}, {'label': 'MO/2600431', 'value': 34800.0}, {'label': 'MO/2602311', 'value': 34695.0}, {'label': 'MO/2602309', 'value': 34695.0}, {'label': 'MO/2602046', 'value': 34560.0}, {'label': 'MO/2602250', 'value': 34320.0}, {'label': 'MO/2602276', 'value': 32970.0}, {'label': 'MO/2602044', 'value': 32970.0}, {'label': 'MO/2601974', 'value': 32970.0}, {'label': 'MO/2602594', 'value': 32400.0}, {'label': 'MO/2602460', 'value': 32400.0}, {'label': 'MO/2600256', 'value': 32400.0}, {'label': 'MO/2600207', 'value': 32400.0}, {'label': 'MO/2602484', 'value': 31800.0}, {'label': 'MO/2602455', 'value': 31800.0}, {'label': 'MO/2600874', 'value': 31440.0}, {'label': 'MO/2602281', 'value': 31440.0}, {'label': 'MO/2602131', 'value': 31440.0}, {'label': 'MO/2602461', 'value': 31400.0}, {'label': 'MO/2602043', 'value': 31400.0}, {'label': 'MO/2602536', 'value': 30840.0}, {'label': 'MO/2602268', 'value': 30840.0}, {'label': 'MO/2602267', 'value': 30840.0}, {'label': 'MO/2602221', 'value': 30840.0}, {'label': 'MO/2602224', 'value': 30840.0}, {'label': 'MO/2602254', 'value': 30732.6}, {'label': 'MO/2602266', 'value': 30600.0}, {'label': 'MO/2600532', 'value': 29700.0}, {'label': 'MO/2602408', 'value': 29400.0}, {'label': 'MO/2602313', 'value': 28912.5}, {'label': 'MO/2602603', 'value': 28260.0}, {'label': 'MO/2602577', 'value': 28260.0}, {'label': 'MO/2602485', 'value': 28260.0}, {'label': 'MO/2602482', 'value': 28260.0}, {'label': 'MO/2602037', 'value': 28260.0}, {'label': 'MO/2600576', 'value': 28260.0}, {'label': 'MO/2602310', 'value': 28080.0}, {'label': 'MO/2602308', 'value': 28080.0}, {'label': 'MO/2602257', 'value': 27223.8}, {'label': 'MO/2602063', 'value': 27000.0}, {'label': 'MO/2602088', 'value': 26250.0}, {'label': 'MO/2600792', 'value': 26200.0}, {'label': 'MO/2602555', 'value': 26200.0}, {'label': 'MO/2602229', 'value': 25700.0}, {'label': 'MO/2602225', 'value': 25700.0}, {'label': 'MO/2600134', 'value': 25440.0}, {'label': 'MO/2602595', 'value': 25440.0}, {'label': 'MO/2602583', 'value': 25440.0}, {'label': 'MO/2602417', 'value': 24960.0}, {'label': 'MO/2602407', 'value': 24960.0}, {'label': 'MO/2602133', 'value': 24750.0}, {'label': 'MO/2600838', 'value': 24300.0}, {'label': 'MO/2602604', 'value': 23580.0}, {'label': 'MO/2602576', 'value': 23580.0}, {'label': 'MO/2602557', 'value': 23580.0}, {'label': 'MO/2602556', 'value': 23580.0}, {'label': 'MO/2602351', 'value': 23580.0}, {'label': 'MO/2602097', 'value': 23580.0}, {'label': 'MO/2601943', 'value': 23550.0}, {'label': 'MO/2601976', 'value': 23550.0}, {'label': 'MO/2602255', 'value': 23383.5}, {'label': 'MO/2602424', 'value': 23130.0}, {'label': 'MO/2602429', 'value': 22050.0}, {'label': 'MO/2600199', 'value': 21195.0}, {'label': 'MO/2600198', 'value': 21195.0}, {'label': 'MO/2600887', 'value': 20880.0}, {'label': 'MO/2602005', 'value': 20700.0}, {'label': 'MO/2602552', 'value': 20560.0}, {'label': 'MO/2602228', 'value': 20560.0}, {'label': 'MO/2602243', 'value': 20250.0}, {'label': 'MO/2600143', 'value': 20017.5}, {'label': 'MO/2602416', 'value': 19800.0}, {'label': 'MO/2602021', 'value': 19550.0}, {'label': 'MO/2602538', 'value': 19275.0}, {'label': 'MO/2602235', 'value': 19275.0}, {'label': 'MO/2602605', 'value': 19200.0}, {'label': 'MO/2602280', 'value': 19200.0}, {'label': 'MO/2602279', 'value': 19200.0}, {'label': 'MO/2602585', 'value': 19080.0}, {'label': 'MO/2602581', 'value': 19080.0}, {'label': 'MO/2602038', 'value': 19080.0}, {'label': 'MO/2602007', 'value': 18965.6}, {'label': 'MO/2602006', 'value': 18965.6}, {'label': 'MO/2602559', 'value': 18840.0}, {'label': 'MO/2602500', 'value': 18840.0}, {'label': 'MO/2602492', 'value': 18840.0}, {'label': 'MO/2602483', 'value': 18840.0}, {'label': 'MO/2602462', 'value': 18840.0}, {'label': 'MO/2602099', 'value': 18840.0}, {'label': 'MO/2602004', 'value': 18840.0}, {'label': 'MO/2600813', 'value': 18840.0}, {'label': 'MO/2600635', 'value': 18840.0}, {'label': 'MO/2600208', 'value': 18840.0}, {'label': 'MO/2600204', 'value': 18840.0}, {'label': 'MO/2602314', 'value': 17662.5}, {'label': 'MO/2602587', 'value': 16960.0}, {'label': 'MO/2602330', 'value': 16960.0}, {'label': 'MO/2602251', 'value': 16640.0}, {'label': 'MO/2602252', 'value': 16640.0}, {'label': 'MO/2601946', 'value': 16485.0}, {'label': 'MO/2602048', 'value': 15900.0}, {'label': 'MO/2601953', 'value': 15900.0}, {'label': 'MO/2601988', 'value': 15900.0}, {'label': 'MO/2600224', 'value': 15720.0}, {'label': 'MO/2600225', 'value': 15720.0}, {'label': 'MO/2600238', 'value': 15720.0}, {'label': 'MO/2600239', 'value': 15720.0}, {'label': 'MO/2600252', 'value': 15720.0}, {'label': 'MO/2600253', 'value': 15720.0}, {'label': 'MO/2600266', 'value': 15720.0}, {'label': 'MO/2600267', 'value': 15720.0}, {'label': 'MO/2600279', 'value': 15720.0}, {'label': 'MO/2600280', 'value': 15720.0}, {'label': 'MO/2600292', 'value': 15720.0}, {'label': 'MO/2600293', 'value': 15720.0}, {'label': 'MO/2600782', 'value': 15720.0}, {'label': 'MO/2602446', 'value': 15720.0}, {'label': 'MO/2602346', 'value': 15720.0}, {'label': 'MO/2601954', 'value': 15720.0}, {'label': 'MO/2601987', 'value': 15720.0}, {'label': 'MO/2600402', 'value': 15720.0}, {'label': 'MO/2600401', 'value': 15720.0}, {'label': 'MO/2600285', 'value': 15720.0}, {'label': 'MO/2600164', 'value': 15720.0}, {'label': 'MO/2600162', 'value': 15720.0}, {'label': 'MO/2602568', 'value': 15700.0}, {'label': 'MO/2602345', 'value': 15700.0}, {'label': 'MO/2601986', 'value': 15700.0}, {'label': 'MO/2600719', 'value': 15700.0}, {'label': 'MO/2602545', 'value': 15420.0}, {'label': 'MO/2602546', 'value': 15420.0}, {'label': 'MO/2602135', 'value': 15072.0}, {'label': 'MO/2602055', 'value': 14410.0}, {'label': 'MO/2602419', 'value': 14177.1}, {'label': 'MO/2602325', 'value': 14130.0}, {'label': 'MO/2602554', 'value': 14040.0}, {'label': 'MO/2600151', 'value': 13920.0}, {'label': 'MO/2602152', 'value': 13910.0}, {'label': 'MO/2602422', 'value': 13375.0}, {'label': 'MO/2602277', 'value': 13200.0}, {'label': 'MO/2602035', 'value': 13100.0}, {'label': 'MO/2602013', 'value': 12850.0}, {'label': 'MO/2602118', 'value': 12740.0}, {'label': 'MO/2602582', 'value': 12720.0}, {'label': 'MO/2602019', 'value': 12650.0}, {'label': 'MO/2602463', 'value': 12560.0}, {'label': 'MO/2602418', 'value': 12480.0}, {'label': 'MO/2602122', 'value': 12480.0}, {'label': 'MO/2602124', 'value': 11775.0}, {'label': 'MO/2602057', 'value': 11660.0}, {'label': 'MO/2602017', 'value': 11565.0}, {'label': 'MO/2602414', 'value': 11550.0}, {'label': 'MO/2602275', 'value': 11304.0}, {'label': 'MO/2602283', 'value': 11304.0}, {'label': 'MO/2602458', 'value': 11025.0}, {'label': 'MO/2600139', 'value': 10990.0}, {'label': 'MO/2602347', 'value': 10800.0}, {'label': 'MO/2600137', 'value': 10600.0}, {'label': 'MO/2600871', 'value': 10600.0}, {'label': 'MO/2600872', 'value': 10600.0}, {'label': 'MO/2602034', 'value': 10600.0}, {'label': 'MO/2602453', 'value': 10480.0}, {'label': 'MO/2602003', 'value': 9900.0}, {'label': 'MO/2602020', 'value': 9482.8}, {'label': 'MO/2602497', 'value': 9420.0}, {'label': 'MO/2602496', 'value': 9420.0}, {'label': 'MO/2602491', 'value': 9420.0}, {'label': 'MO/2601985', 'value': 9420.0}, {'label': 'MO/2600209', 'value': 9420.0}, {'label': 'MO/2600212', 'value': 9420.0}, {'label': 'MO/2600138', 'value': 9170.0}, {'label': 'MO/2602284', 'value': 9010.0}, {'label': 'MO/2600876', 'value': 8480.0}, {'label': 'MO/2602332', 'value': 8250.0}, {'label': 'MO/2600886', 'value': 8100.0}, {'label': 'MO/2600837', 'value': 8100.0}, {'label': 'MO/2600879', 'value': 7860.0}, {'label': 'MO/2602566', 'value': 7860.0}, {'label': 'MO/2602490', 'value': 7860.0}, {'label': 'MO/2601945', 'value': 7860.0}, {'label': 'MO/2601944', 'value': 7860.0}, {'label': 'MO/2600575', 'value': 7860.0}, {'label': 'MO/2600299', 'value': 7860.0}, {'label': 'MO/2600300', 'value': 7860.0}, {'label': 'MO/2600287', 'value': 7860.0}, {'label': 'MO/2602440', 'value': 7710.0}, {'label': 'MO/2602435', 'value': 7710.0}, {'label': 'MO/2602387', 'value': 7710.0}, {'label': 'MO/2602011', 'value': 7710.0}, {'label': 'MO/2602409', 'value': 7350.0}, {'label': 'MO/2602339', 'value': 7065.0}, {'label': 'MO/2600875', 'value': 6550.0}, {'label': 'MO/2602014', 'value': 6425.0}, {'label': 'MO/2600878', 'value': 6360.0}, {'label': 'MO/2602056', 'value': 6360.0}, {'label': 'MO/2602580', 'value': 6360.0}, {'label': 'MO/2602489', 'value': 6360.0}, {'label': 'MO/2600601', 'value': 6360.0}, {'label': 'MO/2602420', 'value': 6311.4}, {'label': 'MO/2602018', 'value': 6280.0}, {'label': 'MO/2600831', 'value': 6280.0}, {'label': 'MO/2600725', 'value': 6280.0}, {'label': 'MO/2600161', 'value': 6280.0}, {'label': 'MO/2602165', 'value': 5400.0}, {'label': 'MO/2600883', 'value': 5240.0}, {'label': 'MO/2602600', 'value': 5240.0}, {'label': 'MO/2602350', 'value': 5240.0}, {'label': 'MO/2602232', 'value': 5200.0}, {'label': 'MO/2602227', 'value': 5200.0}, {'label': 'MO/2602549', 'value': 4710.0}, {'label': 'MO/2602452', 'value': 4240.0}, {'label': 'MO/2600884', 'value': 3930.0}, {'label': 'MO/2600885', 'value': 3930.0}, {'label': 'MO/2602589', 'value': 3180.0}, {'label': 'MO/2602567', 'value': 3140.0}, {'label': 'MO/2600882', 'value': 2620.0}, {'label': 'MO/2600167', 'value': 2620.0}, {'label': 'MO/2602569', 'value': 2355.0}, {'label': 'MO/2600880', 'value': 1590.0}, {'label': 'MO/2602602', 'value': 1570.0}, {'label': 'MO/2600168', 'value': 1570.0}, {'label': 'MO/2600881', 'value': 1310.0}, {'label': 'MO/2602553', 'value': 1040.0}, {'label': 'MO/2602570', 'value': 392.5}, {'label': 'MO/2600152', 'value': 330.0}, {'label': 'MO/2602065', 'value': 270.0}, {'label': 'MO/2602456', 'value': 262.0}, {'label': 'MO/2600135', 'value': 262.0}]
MEMORY UPDATED: True

===== CHAT REQUEST =====
MESSAGE: Di questi dimmi quali hanno una quantità superiore a 1000
CONVERSATION: <redacted>

===== ODOO SESSION =====
STATUS: ACTIVE

===== CARICAMENTO MEMORIA PORTANT =====
USER ID: 1
DATABASE: DM-PLF001-TIPREGO
CONVERSATION ID: 60f48c79-9124-458a-9e96-f07f4add063e
MESSAGES LOADED: 2
OPERATIONAL CONTEXTS LOADED: 1
ACTIVE OPERATIONAL CONTEXT RESULTS: 1
 - RESULT 0 MODEL: mrp.production METHOD: search_read RECORDS: 100
FIRST MESSAGE: {'role': 'user', 'content': 'Mostrami gli ultimi 10 ordini di produzione'}
LAST MESSAGE: {'role': 'assistant', 'content': "Ho trovato 367 ordini di produzione. Ecco gli ultimi 10 in base alla data di conclusione pianificata:\n\n| Nome | Prodotto | Quantità | Unità di misura | Data di inizio pianificata | Data di conclusione pianificata |\n| --- | --- | ---: | --- | --- | --- |\n| MO/2602601 | [S165005412] PF 564 CP/80 'LARSON INTERNATIONAL III' | 35.640 | MQ | 28 marzo 2026 | 28 marzo 2026 |\n| MO/2602600 | [S131005294] PF 564 CP 'LASER' COMBI | 5.240 | MQ | 27 marzo 2026 | 28 marzo 2026 |\n| MO/2602594 | [S135005464] PF 564 CP 'LASER' COMBI | 32.400 | MQ | 27 marzo 2026 | 27 marzo 2026 |\n| MO/2602542 | [S257005057] PF 12/4 WP PV3 MP TRANSPARENT | 92.520 | MQ | 20 marzo 2026 | 20 marzo 2026 |\n| MO/2602546 | [S257002304] PF 32/3/70 WP PV2 TRANSP | 15.420 | MQ | 20 marzo 2026 | 20 marzo 2026 |\n| MO/2602545 | [S257002304] PF 32/3/70 WP PV2 TRANSP | 15.420 | MQ | 20 marzo 2026 | 20 marzo 2026 |\n| MO/2602538 | [S257005507] PF 32/3/70 WP PV2 MP TRANSP | 19.275 | MQ | 20 marzo 2026 | 20 marzo 2026 |\n| MO/2602536 | [S257004906] PF 12/4 WP PV3 TRANSPARENT | 30.840 | MQ | 20 marzo 2026 | 20 marzo 2026 |\n| MO/2602065 | [S135005630] PF 14 CP/N/60/PLK TRANSP | 270 | MQ | 22 febbraio 2026 | 22 febbraio 2026 |\n| MO/2602063 | [S135004459] PFT 14 CP/N/60 V2 PLK 'FENIX DOPPIA FRECCIA' | 27.000 | MQ | 22 febbraio 2026 | 22 febbraio 2026 |"}

===== REQUEST SPLITTER NODE =====
INPUT: Di questi dimmi quali hanno una quantità superiore a 1000

===== REQUEST SPLITTER =====
INPUT: Di questi dimmi quali hanno una quantità superiore a 1000

===== SEMANTIC SCOPE =====
SCOPE: IN_SCOPE
CONFIDENCE: 1.0
CONTINUATION: True
INTENT FAMILY: filtraggio dati
CONCEPTS: ['filtri e selezioni', 'quantità e valori']
REASON: Richiesta di filtrare i risultati precedenti (ordini di produzione) in base a una soglia quantitativa. Struttura linguistica tipica di operazione di filtraggio su dati esistenti.

===== SCOPE DECISION =====
SCOPE: IN_SCOPE
IN SCOPE: True
CONTINUATION: True
CONCEPTS: ['filtri e selezioni', 'quantità e valori']
REQUEST COUNT: 1
REQUEST 1: Di questi dimmi quali hanno una quantità superiore a 1000

===== SCOPE DECISION =====
SCOPE: IN_SCOPE
IN SCOPE: True
CONFIDENCE: 1.0
CONTINUATION: True
INTENT FAMILY: filtraggio dati
CONCEPTS: ['filtri e selezioni', 'quantità e valori']
REQUEST COUNT: 1
REASON: Richiesta di filtrare i risultati precedenti (ordini di produzione) in base a una soglia quantitativa. Struttura linguistica tipica di operazione di filtraggio su dati esistenti.
EVIDENCE: ["'Di questi' si riferisce esplicitamente ai risultati precedenti (continuità)", "'quantità superiore a 1000' è un criterio di filtraggio numerico"]
REQUEST 1: Di questi dimmi quali hanno una quantità superiore a 1000

===== GRAPH ROUTE SCOPE =====
SCOPE: IN_SCOPE
INTENT FAMILY: filtraggio dati
CONVERSATIONAL INTENT: False
ROUTE: planner

===== PLANNER SEMANTIC CONTEXT =====
CONCEPTS: [{'concept': 'filtri e selezioni', 'queries': []}, {'concept': 'quantità e valori', 'queries': []}]

===== PLANNER ACTIVE OPERATIONAL CONTEXT =====
CONTINUATION: True
CONTEXT MODELS: ['mrp.production']
CONTEXT HISTORY SIZE: 1

===== PLANNER GLOBAL ATTEMPT STATE =====
ATTEMPTS ALREADY CONSUMED: 0
EXECUTION FEEDBACK: []

===== PLANNER PREVIOUS RETRY CONTEXT =====
RETRY HISTORY: []

===== PLANNER TEMPORAL CONTEXT =====
CURRENT DATETIME: 2026-09-22T14:12:18+02:00
CURRENT DATE: 2026-09-22
CURRENT TIME: 14:12:18
TIMEZONE: Europe/Rome
UTC OFFSET: +0200

===== PLANNER OPERATIONAL CONTEXT =====
CONTINUATION: True
CONTEXT MODELS: ['mrp.production']
CONTEXT GROUNDED IDS: {'mrp.production': [385, 388, 2279, 475, 476, 489, 490, 503, 504, 517, 518, 530, 531, 543, 544, 684, 2302, 1043, 1033, 1122, 1123, 1125, 1126, 1127, 1128, 1129, 1130, 1131, 1132, 1133, 1134, 1135, 1136, 1138, 2306, 2848, 2307, 2308, 2314, 2316, 2850, 2906, 2851, 2854, 2855, 2856, 2857, 2912, 2913, 2858, 2914, 2859, 2915, 2916, 2865, 2917, 2910, 2909, 2911, 2908, 2907, 2897, 2894, 2895, 2893, 2892, 2901, 2899, 2904, 2889, 2886, 2888, 2870, 2869, 2868, 2878, 2877, 2873, 2867, 2882, 2881, 2871, 2880, 2879, 2814, 2806, 2809, 2808, 2812, 2804, 2853, 2800, 2852, 2863, 2797, 2862, 2795, 2860, 2861, 2794]}

===== CHIAMATA PORTANT (call_kw) =====
URL: http://10.100.12.131:6969/web/dataset/call_kw/ir.model/search_read
MODELLO: ir.model
METHOD: search_read
ARGS: [[]]
KWARGS: {'fields': ['id', 'model', 'name', 'state'], 'limit': 0, 'order': 'model asc'}

===== RISPOSTA PORTANT (call_kw) =====
HTTP STATUS: 200

===== MODEL SEARCH INDEX =====
QUERY: Di questi dimmi quali hanno una quantità superiore a 1000
MODELS LOADED: 475
MATCHED MODELS: 26

===== SEMANTIC QUERY EXPANSION =====
INPUT: Di questi dimmi quali hanno una quantità superiore a 1000
QUERIES: ['filtri e selezioni', 'quantità e valori']
CONCEPTS: [{'concept': 'filtri e selezioni', 'queries': ['filtri e selezioni']}, {'concept': 'quantità e valori', 'queries': ['quantità e valori']}]

===== MODEL SEARCH INDEX =====
QUERY: filtri e selezioni
MODELS LOADED: 475
MATCHED MODELS: 2

===== MODEL SEARCH INDEX =====
QUERY: quantità e valori
MODELS LOADED: 475
MATCHED MODELS: 8

===== SEMANTIC MODEL CONTEXT =====
REQUEST SEMANTIC CONCEPTS: [{'concept': 'filtri e selezioni', 'queries': ['filtri e selezioni']}, {'concept': 'quantità e valori', 'queries': ['quantità e valori']}]
MODEL: res.portant.kill.switch
SEMANTIC QUERIES: ['filtri e selezioni']
SEMANTIC CONCEPTS: [{'concept': 'filtri e selezioni', 'queries': ['filtri e selezioni']}]
REQUEST CONCEPTS: [{'concept': 'filtri e selezioni', 'queries': ['filtri e selezioni']}, {'concept': 'quantità e valori', 'queries': ['quantità e valori']}]
MODEL: qc.test.question.value
SEMANTIC QUERIES: []
SEMANTIC CONCEPTS: []
REQUEST CONCEPTS: [{'concept': 'filtri e selezioni', 'queries': ['filtri e selezioni']}, {'concept': 'quantità e valori', 'queries': ['quantità e valori']}]
MODEL: qc.test.question
SEMANTIC QUERIES: []
SEMANTIC CONCEPTS: []
REQUEST CONCEPTS: [{'concept': 'filtri e selezioni', 'queries': ['filtri e selezioni']}, {'concept': 'quantità e valori', 'queries': ['quantità e valori']}]
MODEL: stock.quant.package.change.qty
SEMANTIC QUERIES: ['quantità e valori']
SEMANTIC CONCEPTS: [{'concept': 'quantità e valori', 'queries': ['quantità e valori']}]
REQUEST CONCEPTS: [{'concept': 'filtri e selezioni', 'queries': ['filtri e selezioni']}, {'concept': 'quantità e valori', 'queries': ['quantità e valori']}]
MODEL: res.bc.down
SEMANTIC QUERIES: ['filtri e selezioni']
SEMANTIC CONCEPTS: [{'concept': 'filtri e selezioni', 'queries': ['filtri e selezioni']}]
REQUEST CONCEPTS: [{'concept': 'filtri e selezioni', 'queries': ['filtri e selezioni']}, {'concept': 'quantità e valori', 'queries': ['quantità e valori']}]
MODEL: mrp.config.setting.wizard
SEMANTIC QUERIES: []
SEMANTIC CONCEPTS: []
REQUEST CONCEPTS: [{'concept': 'filtri e selezioni', 'queries': ['filtri e selezioni']}, {'concept': 'quantità e valori', 'queries': ['quantità e valori']}]
MODEL: mrp.workcenter.alarm
SEMANTIC QUERIES: []
SEMANTIC CONCEPTS: []
REQUEST CONCEPTS: [{'concept': 'filtri e selezioni', 'queries': ['filtri e selezioni']}, {'concept': 'quantità e valori', 'queries': ['quantità e valori']}]
MODEL: mrp.workcenter.employee.journal
SEMANTIC QUERIES: []
SEMANTIC CONCEPTS: []
REQUEST CONCEPTS: [{'concept': 'filtri e selezioni', 'queries': ['filtri e selezioni']}, {'concept': 'quantità e valori', 'queries': ['quantità e valori']}]

===== SEMANTIC MODEL RESULTS =====
INPUT: Di questi dimmi quali hanno una quantità superiore a 1000
 - res.portant.kill.switch | Flag di selezione per ignorare le chiamate di una linea con Portant | score: 10.0
 - qc.test.question.value | Possible values for qualitative questions. | score: 7.0
 - qc.test.question | Quality control question | score: 7.0
 - stock.quant.package.change.qty | Creazione colli e modifica quantità prodotti | score: 5.0
 - res.bc.down | Flag di selezione per indicare che BC non è collegato | score: 5.0
 - mrp.config.setting.wizard | Impostazioni di configurazione linee | score: 5.0
 - mrp.workcenter.alarm | Modello che gestisce gli allarmi del centro di lavoro | score: 5.0
 - mrp.workcenter.employee.journal | Modello che gestisce lo storico ore di un dipendente in un determinato centro di lavoro | score: 5.0

===== DYNAMIC MODEL DISCOVERY =====
QUERY: Di questi dimmi quali hanno una quantità superiore a 1000
REQUEST SEMANTIC CONCEPTS: [{'concept': 'filtri e selezioni', 'queries': []}, {'concept': 'quantità e valori', 'queries': []}]
CANDIDATES:
 - res.portant.kill.switch | Flag di selezione per ignorare le chiamate di una linea con Portant | score: 10.0
   semantic concepts: [{'concept': 'filtri e selezioni', 'queries': ['filtri e selezioni']}]
   request concepts: [{'concept': 'filtri e selezioni', 'queries': ['filtri e selezioni']}, {'concept': 'quantità e valori', 'queries': ['quantità e valori']}]
 - qc.test.question.value | Possible values for qualitative questions. | score: 7.0
   semantic concepts: []
   request concepts: [{'concept': 'filtri e selezioni', 'queries': ['filtri e selezioni']}, {'concept': 'quantità e valori', 'queries': ['quantità e valori']}]
 - qc.test.question | Quality control question | score: 7.0
   semantic concepts: []
   request concepts: [{'concept': 'filtri e selezioni', 'queries': ['filtri e selezioni']}, {'concept': 'quantità e valori', 'queries': ['quantità e valori']}]
 - stock.quant.package.change.qty | Creazione colli e modifica quantità prodotti | score: 5.0
   semantic concepts: [{'concept': 'quantità e valori', 'queries': ['quantità e valori']}]
   request concepts: [{'concept': 'filtri e selezioni', 'queries': ['filtri e selezioni']}, {'concept': 'quantità e valori', 'queries': ['quantità e valori']}]
 - res.bc.down | Flag di selezione per indicare che BC non è collegato | score: 5.0
   semantic concepts: [{'concept': 'filtri e selezioni', 'queries': ['filtri e selezioni']}]
   request concepts: [{'concept': 'filtri e selezioni', 'queries': ['filtri e selezioni']}, {'concept': 'quantità e valori', 'queries': ['quantità e valori']}]
 - mrp.config.setting.wizard | Impostazioni di configurazione linee | score: 5.0
   semantic concepts: []
   request concepts: [{'concept': 'filtri e selezioni', 'queries': ['filtri e selezioni']}, {'concept': 'quantità e valori', 'queries': ['quantità e valori']}]
 - mrp.workcenter.alarm | Modello che gestisce gli allarmi del centro di lavoro | score: 5.0
   semantic concepts: []
   request concepts: [{'concept': 'filtri e selezioni', 'queries': ['filtri e selezioni']}, {'concept': 'quantità e valori', 'queries': ['quantità e valori']}]
 - mrp.workcenter.employee.journal | Modello che gestisce lo storico ore di un dipendente in un determinato centro di lavoro | score: 5.0
   semantic concepts: []
   request concepts: [{'concept': 'filtri e selezioni', 'queries': ['filtri e selezioni']}, {'concept': 'quantità e valori', 'queries': ['quantità e valori']}]

===== PLANNER ATTEMPT =====
ATTEMPT: 1 / 4

===== DYNAMIC MODEL CANDIDATES AVAILABLE =====
 - res.portant.kill.switch | Flag di selezione per ignorare le chiamate di una linea con Portant | score: 10.0 | concepts: [{'concept': 'filtri e selezioni', 'queries': ['filtri e selezioni']}] | request concepts: [{'concept': 'filtri e selezioni', 'queries': ['filtri e selezioni']}, {'concept': 'quantità e valori', 'queries': ['quantità e valori']}]
 - qc.test.question.value | Possible values for qualitative questions. | score: 7.0 | concepts: [] | request concepts: [{'concept': 'filtri e selezioni', 'queries': ['filtri e selezioni']}, {'concept': 'quantità e valori', 'queries': ['quantità e valori']}]
 - qc.test.question | Quality control question | score: 7.0 | concepts: [] | request concepts: [{'concept': 'filtri e selezioni', 'queries': ['filtri e selezioni']}, {'concept': 'quantità e valori', 'queries': ['quantità e valori']}]
 - stock.quant.package.change.qty | Creazione colli e modifica quantità prodotti | score: 5.0 | concepts: [{'concept': 'quantità e valori', 'queries': ['quantità e valori']}] | request concepts: [{'concept': 'filtri e selezioni', 'queries': ['filtri e selezioni']}, {'concept': 'quantità e valori', 'queries': ['quantità e valori']}]
 - res.bc.down | Flag di selezione per indicare che BC non è collegato | score: 5.0 | concepts: [{'concept': 'filtri e selezioni', 'queries': ['filtri e selezioni']}] | request concepts: [{'concept': 'filtri e selezioni', 'queries': ['filtri e selezioni']}, {'concept': 'quantità e valori', 'queries': ['quantità e valori']}]
 - mrp.config.setting.wizard | Impostazioni di configurazione linee | score: 5.0 | concepts: [] | request concepts: [{'concept': 'filtri e selezioni', 'queries': ['filtri e selezioni']}, {'concept': 'quantità e valori', 'queries': ['quantità e valori']}]
 - mrp.workcenter.alarm | Modello che gestisce gli allarmi del centro di lavoro | score: 5.0 | concepts: [] | request concepts: [{'concept': 'filtri e selezioni', 'queries': ['filtri e selezioni']}, {'concept': 'quantità e valori', 'queries': ['quantità e valori']}]
 - mrp.workcenter.employee.journal | Modello che gestisce lo storico ore di un dipendente in un determinato centro di lavoro | score: 5.0 | concepts: [] | request concepts: [{'concept': 'filtri e selezioni', 'queries': ['filtri e selezioni']}, {'concept': 'quantità e valori', 'queries': ['quantità e valori']}]

===== PLANNER OPERATIONAL CONTEXT =====
CONTEXT MODELS: ['mrp.production']
CONTEXTUAL FOLLOW-UP: True
CURRENT MODEL BEFORE NORMALIZATION: mrp.production

===== QUERY NORMALIZATION =====
CURRENT REQUEST: Di questi dimmi quali hanno una quantità superiore a 1000
AGGREGATION: {'is_aggregation': False, 'grouping_field': None, 'has_explicit_grouping': False, 'has_ranking': False, 'aggregation_hits': 0, 'detail_hits': 0}
TOTAL COUNT REQUEST: True
USE READ_GROUP: False
EXPLICIT MODEL: None
OPERATIONAL CONTEXT MODELS: ['mrp.production']
CONTEXTUAL FOLLOW-UP: True
MODEL: mrp.production
METHOD: search_read
EXPLICIT LIMIT: None
FINAL DOMAIN: [['product_qty', '>', 1000]]
FINAL PARAMS: {'domain': [['product_qty', '>', 1000]], 'order': 'product_qty desc', 'limit': 10}

===== CHIAMATA PORTANT (call_kw) =====
URL: http://10.100.12.131:6969/web/dataset/call_kw/mrp.production/fields_view_get
MODELLO: mrp.production
METHOD: fields_view_get
ARGS: []
KWARGS: {'view_type': 'tree', 'toolbar': False, 'submenu': False}

===== RISPOSTA PORTANT (call_kw) =====
HTTP STATUS: 200

===== ODOO TREE VIEW DISCOVERED =====
MODEL: mrp.production
VIEW ID: 706
VIEW STRING: Manufacturing Orders
DEFAULT ORDER: date_planned_start desc
VIEW FIELDS: ['message_needaction', 'name', 'date_planned_start', 'date_planned_finished', 'product_id', 'product_qty', 'product_uom_id', 'availability', 'routing_id', 'origin', 'state']
VISIBLE FIELDS: ['name', 'date_planned_start', 'date_planned_finished', 'product_id', 'product_qty', 'product_uom_id', 'availability', 'routing_id', 'state']

===== PLANNER PROPOSAL REJECTED =====
{
  "attempt": 1,
  "status": "REJECTED",
  "reason": "missing_grounded_context_filter",
  "proposal": {
    "model": "mrp.production",
    "method": "search_read",
    "params": {
      "domain": [
        [
          "product_qty",
          ">",
          1000
        ]
      ],
      "order": "product_qty desc",
      "limit": 10
    }
  },
  "details": {
    "reason": "missing_grounded_context_filter",
    "model": "mrp.production",
    "context_models": [
      "mrp.production"
    ],
    "grounded_record_ids": [
      385,
      388,
      2279,
      475,
      476,
      489,
      490,
      503,
      504,
      517,
      518,
      530,
      531,
      543,
      544,
      684,
      2302,
      1043,
      1033,
      1122,
      1123,
      1125,
      1126,
      1127,
      1128,
      1129,
      1130,
      1131,
      1132,
      1133,
      1134,
      1135,
      1136,
      1138,
      2306,
      2848,
      2307,
      2308,
      2314,
      2316,
      2850,
      2906,
      2851,
      2854,
      2855,
      2856,
      2857,
      2912,
      2913,
      2858,
      2914,
      2859,
      2915,
      2916,
      2865,
      2917,
      2910,
      2909,
      2911,
      2908,
      2907,
      2897,
      2894,
      2895,
      2893,
      2892,
      2901,
      2899,
      2904,
      2889,
      2886,
      2888,
      2870,
      2869,
      2868,
      2878,
      2877,
      2873,
      2867,
      2882,
      2881,
      2871,
      2880,
      2879,
      2814,
      2806,
      2809,
      2808,
      2812,
      2804,
      2853,
      2800,
      2852,
      2863,
      2797,
      2862,
      2795,
      2860,
      2861,
      2794
    ],
    "proposal_domain": [
      [
        "product_qty",
        ">",
        1000
      ]
    ],
    "message": "La richiesta è anaforica e il contesto contiene record concreti, ma il piano non li ha vincolati tramite i relativi ID grounded."
  }
}

===== PLANNER ATTEMPT =====
ATTEMPT: 2 / 4

===== DYNAMIC MODEL CANDIDATES AVAILABLE =====
 - res.portant.kill.switch | Flag di selezione per ignorare le chiamate di una linea con Portant | score: 10.0 | concepts: [{'concept': 'filtri e selezioni', 'queries': ['filtri e selezioni']}] | request concepts: [{'concept': 'filtri e selezioni', 'queries': ['filtri e selezioni']}, {'concept': 'quantità e valori', 'queries': ['quantità e valori']}]
 - qc.test.question.value | Possible values for qualitative questions. | score: 7.0 | concepts: [] | request concepts: [{'concept': 'filtri e selezioni', 'queries': ['filtri e selezioni']}, {'concept': 'quantità e valori', 'queries': ['quantità e valori']}]
 - qc.test.question | Quality control question | score: 7.0 | concepts: [] | request concepts: [{'concept': 'filtri e selezioni', 'queries': ['filtri e selezioni']}, {'concept': 'quantità e valori', 'queries': ['quantità e valori']}]
 - stock.quant.package.change.qty | Creazione colli e modifica quantità prodotti | score: 5.0 | concepts: [{'concept': 'quantità e valori', 'queries': ['quantità e valori']}] | request concepts: [{'concept': 'filtri e selezioni', 'queries': ['filtri e selezioni']}, {'concept': 'quantità e valori', 'queries': ['quantità e valori']}]
 - res.bc.down | Flag di selezione per indicare che BC non è collegato | score: 5.0 | concepts: [{'concept': 'filtri e selezioni', 'queries': ['filtri e selezioni']}] | request concepts: [{'concept': 'filtri e selezioni', 'queries': ['filtri e selezioni']}, {'concept': 'quantità e valori', 'queries': ['quantità e valori']}]
 - mrp.config.setting.wizard | Impostazioni di configurazione linee | score: 5.0 | concepts: [] | request concepts: [{'concept': 'filtri e selezioni', 'queries': ['filtri e selezioni']}, {'concept': 'quantità e valori', 'queries': ['quantità e valori']}]
 - mrp.workcenter.alarm | Modello che gestisce gli allarmi del centro di lavoro | score: 5.0 | concepts: [] | request concepts: [{'concept': 'filtri e selezioni', 'queries': ['filtri e selezioni']}, {'concept': 'quantità e valori', 'queries': ['quantità e valori']}]
 - mrp.workcenter.employee.journal | Modello che gestisce lo storico ore di un dipendente in un determinato centro di lavoro | score: 5.0 | concepts: [] | request concepts: [{'concept': 'filtri e selezioni', 'queries': ['filtri e selezioni']}, {'concept': 'quantità e valori', 'queries': ['quantità e valori']}]

===== PLANNER OPERATIONAL CONTEXT =====
CONTEXT MODELS: ['mrp.production']
CONTEXTUAL FOLLOW-UP: True
CURRENT MODEL BEFORE NORMALIZATION: mrp.production

===== PLANNER GROUNDED CONTEXT IDS =====
ORIGINAL: ['id', 'in', [385, 388, 2279, 475, 476, 489, 490, 503, 504, 517, 518, 530, 531, 543, 544, 684, 2302, 1043, 1033, 1122, 1123, 1125, 1126, 1127, 1128, 1129, 1130, 1131, 1132, 1133, 1134, 1135, 1136, 1138, 2306, 2848, 2307, 2308, 2314, 2316, 2850, 2906, 2851, 2854, 2855, 2856, 2857, 2912, 2913, 2858, 2914, 2859, 2915, 2916, 2865, 2917, 2910, 2909, 2911, 2908, 2907, 2897, 2894, 2895, 2893, 2892, 2901, 2899, 2904, 2889, 2886, 2888, 2870, 2869, 2868, 2878, 2877, 2873, 2867, 2882, 2881, 2871, 2880, 2879, 2814, 2806, 2809, 2808, 2812, 2804, 2853, 2800, 2852, 2863, 2797, 2862, 2795, 2860, 2861, 2794]]
FILTERED: ['id', 'in', [385, 388, 2279, 475, 476, 489, 490, 503, 504, 517, 518, 530, 531, 543, 544, 684, 2302, 1043, 1033, 1122, 1123, 1125, 1126, 1127, 1128, 1129, 1130, 1131, 1132, 1133, 1134, 1135, 1136, 1138, 2306, 2848, 2307, 2308, 2314, 2316, 2850, 2906, 2851, 2854, 2855, 2856, 2857, 2912, 2913, 2858, 2914, 2859, 2915, 2916, 2865, 2917, 2910, 2909, 2911, 2908, 2907, 2897, 2894, 2895, 2893, 2892, 2901, 2899, 2904, 2889, 2886, 2888, 2870, 2869, 2868, 2878, 2877, 2873, 2867, 2882, 2881, 2871, 2880, 2879, 2814, 2806, 2809, 2808, 2812, 2804, 2853, 2800, 2852, 2863, 2797, 2862, 2795, 2860, 2861, 2794]]
MODEL: mrp.production

===== PLANNER GROUNDED CONTEXT IDS =====
ORIGINAL: ['id', 'in', [385, 388, 2279, 475, 476, 489, 490, 503, 504, 517, 518, 530, 531, 543, 544, 684, 2302, 1043, 1033, 1122, 1123, 1125, 1126, 1127, 1128, 1129, 1130, 1131, 1132, 1133, 1134, 1135, 1136, 1138, 2306, 2848, 2307, 2308, 2314, 2316, 2850, 2906, 2851, 2854, 2855, 2856, 2857, 2912, 2913, 2858, 2914, 2859, 2915, 2916, 2865, 2917, 2910, 2909, 2911, 2908, 2907, 2897, 2894, 2895, 2893, 2892, 2901, 2899, 2904, 2889, 2886, 2888, 2870, 2869, 2868, 2878, 2877, 2873, 2867, 2882, 2881, 2871, 2880, 2879, 2814, 2806, 2809, 2808, 2812, 2804, 2853, 2800, 2852, 2863, 2797, 2862, 2795, 2860, 2861, 2794]]
FILTERED: ['id', 'in', [385, 388, 2279, 475, 476, 489, 490, 503, 504, 517, 518, 530, 531, 543, 544, 684, 2302, 1043, 1033, 1122, 1123, 1125, 1126, 1127, 1128, 1129, 1130, 1131, 1132, 1133, 1134, 1135, 1136, 1138, 2306, 2848, 2307, 2308, 2314, 2316, 2850, 2906, 2851, 2854, 2855, 2856, 2857, 2912, 2913, 2858, 2914, 2859, 2915, 2916, 2865, 2917, 2910, 2909, 2911, 2908, 2907, 2897, 2894, 2895, 2893, 2892, 2901, 2899, 2904, 2889, 2886, 2888, 2870, 2869, 2868, 2878, 2877, 2873, 2867, 2882, 2881, 2871, 2880, 2879, 2814, 2806, 2809, 2808, 2812, 2804, 2853, 2800, 2852, 2863, 2797, 2862, 2795, 2860, 2861, 2794]]
MODEL: mrp.production

===== QUERY NORMALIZATION =====
CURRENT REQUEST: Di questi dimmi quali hanno una quantità superiore a 1000
AGGREGATION: {'is_aggregation': False, 'grouping_field': None, 'has_explicit_grouping': False, 'has_ranking': False, 'aggregation_hits': 0, 'detail_hits': 0}
TOTAL COUNT REQUEST: True
USE READ_GROUP: False
EXPLICIT MODEL: None
OPERATIONAL CONTEXT MODELS: ['mrp.production']
CONTEXTUAL FOLLOW-UP: True
MODEL: mrp.production
METHOD: search_read
EXPLICIT LIMIT: None
FINAL DOMAIN: [['id', 'in', [385, 388, 2279, 475, 476, 489, 490, 503, 504, 517, 518, 530, 531, 543, 544, 684, 2302, 1043, 1033, 1122, 1123, 1125, 1126, 1127, 1128, 1129, 1130, 1131, 1132, 1133, 1134, 1135, 1136, 1138, 2306, 2848, 2307, 2308, 2314, 2316, 2850, 2906, 2851, 2854, 2855, 2856, 2857, 2912, 2913, 2858, 2914, 2859, 2915, 2916, 2865, 2917, 2910, 2909, 2911, 2908, 2907, 2897, 2894, 2895, 2893, 2892, 2901, 2899, 2904, 2889, 2886, 2888, 2870, 2869, 2868, 2878, 2877, 2873, 2867, 2882, 2881, 2871, 2880, 2879, 2814, 2806, 2809, 2808, 2812, 2804, 2853, 2800, 2852, 2863, 2797, 2862, 2795, 2860, 2861, 2794]], ['product_qty', '>', 1000]]
FINAL PARAMS: {'domain': [['id', 'in', [385, 388, 2279, 475, 476, 489, 490, 503, 504, 517, 518, 530, 531, 543, 544, 684, 2302, 1043, 1033, 1122, 1123, 1125, 1126, 1127, 1128, 1129, 1130, 1131, 1132, 1133, 1134, 1135, 1136, 1138, 2306, 2848, 2307, 2308, 2314, 2316, 2850, 2906, 2851, 2854, 2855, 2856, 2857, 2912, 2913, 2858, 2914, 2859, 2915, 2916, 2865, 2917, 2910, 2909, 2911, 2908, 2907, 2897, 2894, 2895, 2893, 2892, 2901, 2899, 2904, 2889, 2886, 2888, 2870, 2869, 2868, 2878, 2877, 2873, 2867, 2882, 2881, 2871, 2880, 2879, 2814, 2806, 2809, 2808, 2812, 2804, 2853, 2800, 2852, 2863, 2797, 2862, 2795, 2860, 2861, 2794]], ['product_qty', '>', 1000]], 'order': 'date_start desc', 'limit': 10}

===== CHIAMATA PORTANT (call_kw) =====
URL: http://10.100.12.131:6969/web/dataset/call_kw/mrp.production/fields_view_get
MODELLO: mrp.production
METHOD: fields_view_get
ARGS: []
KWARGS: {'view_type': 'tree', 'toolbar': False, 'submenu': False}

===== RISPOSTA PORTANT (call_kw) =====
HTTP STATUS: 200

===== ODOO TREE VIEW DISCOVERED =====
MODEL: mrp.production
VIEW ID: 706
VIEW STRING: Manufacturing Orders
DEFAULT ORDER: date_planned_start desc
VIEW FIELDS: ['message_needaction', 'name', 'date_planned_start', 'date_planned_finished', 'product_id', 'product_qty', 'product_uom_id', 'availability', 'routing_id', 'origin', 'state']
VISIBLE FIELDS: ['name', 'date_planned_start', 'date_planned_finished', 'product_id', 'product_qty', 'product_uom_id', 'availability', 'routing_id', 'state']

===== CONTEXT MODEL ACCEPTED =====
MODEL: mrp.production
CONTEXT MODELS: ['mrp.production']
GROUNDED IDS: [385, 388, 2279, 475, 476, 489, 490, 503, 504, 517, 518, 530, 531, 543, 544, 684, 2302, 1043, 1033, 1122, 1123, 1125, 1126, 1127, 1128, 1129, 1130, 1131, 1132, 1133, 1134, 1135, 1136, 1138, 2306, 2848, 2307, 2308, 2314, 2316, 2850, 2906, 2851, 2854, 2855, 2856, 2857, 2912, 2913, 2858, 2914, 2859, 2915, 2916, 2865, 2917, 2910, 2909, 2911, 2908, 2907, 2897, 2894, 2895, 2893, 2892, 2901, 2899, 2904, 2889, 2886, 2888, 2870, 2869, 2868, 2878, 2877, 2873, 2867, 2882, 2881, 2871, 2880, 2879, 2814, 2806, 2809, 2808, 2812, 2804, 2853, 2800, 2852, 2863, 2797, 2862, 2795, 2860, 2861, 2794]

===== SEMANTIC MODEL VALIDATION OVERRIDE =====
MODEL: mrp.production
REASON: model grounded by active operational context
REQUIRED CONCEPTS: ['filtri e selezioni', 'quantità e valori']
CONTEXT MODELS: ['mrp.production']

===== PLANNER PROPOSAL ACCEPTED =====
ATTEMPT: 2

===== GRAPH ROUTE PLANNER =====
RETRY CONTEXT PRESENT
NEW SINGLE PLAN HAS PRIORITY
ROUTE: odoo

===== MULTI ODOO PLAN FALLBACK =====
Nessun 'plans' disponibile.
Uso state['plan'] come singola query.

===== PLANNER EXECUTION ATTEMPT =====
CURRENT ATTEMPT: 2

===== MULTI Portant EXECUTION =====
TOTAL PLANS: 1

============================================
===== Portant QUERY 1 =====
REQUEST: Di questi dimmi quali hanno una quantità superiore a 1000
MODEL: mrp.production
METHOD: search_read
Portant DYNAMIC AGENT ESEGUITO

===== ODOO AGENT SEMANTIC CONTEXT =====
DYNAMIC MODEL CANDIDATES: 8
SEMANTIC CONCEPTS: [{'concept': 'filtri e selezioni', 'queries': ['filtri e selezioni']}, {'concept': 'quantità e valori', 'queries': ['quantità e valori']}]

===== Portant PLAN =====
{'agent': 'odoo', 'action': 'odoo_api_tool', 'domain': [['id', 'in', [385, 388, 2279, 475, 476, 489, 490, 503, 504, 517, 518, 530, 531, 543, 544, 684, 2302, 1043, 1033, 1122, 1123, 1125, 1126, 1127, 1128, 1129, 1130, 1131, 1132, 1133, 1134, 1135, 1136, 1138, 2306, 2848, 2307, 2308, 2314, 2316, 2850, 2906, 2851, 2854, 2855, 2856, 2857, 2912, 2913, 2858, 2914, 2859, 2915, 2916, 2865, 2917, 2910, 2909, 2911, 2908, 2907, 2897, 2894, 2895, 2893, 2892, 2901, 2899, 2904, 2889, 2886, 2888, 2870, 2869, 2868, 2878, 2877, 2873, 2867, 2882, 2881, 2871, 2880, 2879, 2814, 2806, 2809, 2808, 2812, 2804, 2853, 2800, 2852, 2863, 2797, 2862, 2795, 2860, 2861, 2794]], ['product_qty', '>', 1000]], 'parameters': {'model': 'mrp.production', 'method': 'search_read', 'params': {'domain': [['id', 'in', [385, 388, 2279, 475, 476, 489, 490, 503, 504, 517, 518, 530, 531, 543, 544, 684, 2302, 1043, 1033, 1122, 1123, 1125, 1126, 1127, 1128, 1129, 1130, 1131, 1132, 1133, 1134, 1135, 1136, 1138, 2306, 2848, 2307, 2308, 2314, 2316, 2850, 2906, 2851, 2854, 2855, 2856, 2857, 2912, 2913, 2858, 2914, 2859, 2915, 2916, 2865, 2917, 2910, 2909, 2911, 2908, 2907, 2897, 2894, 2895, 2893, 2892, 2901, 2899, 2904, 2889, 2886, 2888, 2870, 2869, 2868, 2878, 2877, 2873, 2867, 2882, 2881, 2871, 2880, 2879, 2814, 2806, 2809, 2808, 2812, 2804, 2853, 2800, 2852, 2863, 2797, 2862, 2795, 2860, 2861, 2794]], ['product_qty', '>', 1000]], 'order': 'date_start desc', 'limit': 10}}}

===== DOMAIN SANITIZATION =====
REMOVED UNGROUNDED RECORD ID FILTER: ['id', 'in', [385, 388, 2279, 475, 476, 489, 490, 503, 504, 517, 518, 530, 531, 543, 544, 684, 2302, 1043, 1033, 1122, 1123, 1125, 1126, 1127, 1128, 1129, 1130, 1131, 1132, 1133, 1134, 1135, 1136, 1138, 2306, 2848, 2307, 2308, 2314, 2316, 2850, 2906, 2851, 2854, 2855, 2856, 2857, 2912, 2913, 2858, 2914, 2859, 2915, 2916, 2865, 2917, 2910, 2909, 2911, 2908, 2907, 2897, 2894, 2895, 2893, 2892, 2901, 2899, 2904, 2889, 2886, 2888, 2870, 2869, 2868, 2878, 2877, 2873, 2867, 2882, 2881, 2871, 2880, 2879, 2814, 2806, 2809, 2808, 2812, 2804, 2853, 2800, 2852, 2863, 2797, 2862, 2795, 2860, 2861, 2794]]

===== MODEL DISCOVERY =====
MODEL: mrp.production
MODEL FOUND IN STATIC CATALOG
STATIC CATALOG USED ONLY AS MODEL POLICY
LOADING REAL ODOO FIELD METADATA...

===== CHIAMATA PORTANT (call_kw) =====
URL: http://10.100.12.131:6969/web/dataset/call_kw/mrp.production/fields_view_get
MODELLO: mrp.production
METHOD: fields_view_get
ARGS: []
KWARGS: {'view_type': 'tree', 'toolbar': False, 'submenu': False}

===== RISPOSTA PORTANT (call_kw) =====
HTTP STATUS: 200

===== ODOO TREE VIEW DISCOVERED =====
MODEL: mrp.production
VIEW ID: 706
VIEW STRING: Manufacturing Orders
DEFAULT ORDER: date_planned_start desc
VIEW FIELDS: ['message_needaction', 'name', 'date_planned_start', 'date_planned_finished', 'product_id', 'product_qty', 'product_uom_id', 'availability', 'routing_id', 'origin', 'state']
VISIBLE FIELDS: ['name', 'date_planned_start', 'date_planned_finished', 'product_id', 'product_qty', 'product_uom_id', 'availability', 'routing_id', 'state']

===== ODOO FIELD METADATA LOADED =====
MODEL: mrp.production
FIELDS: 119

===== DYNAMIC RELATION FIELDS =====
 - activity_type_id | Next Activity Type | relation: mail.activity.type
 - activity_user_id | Responsible | relation: res.users
 - bom_id | Bill of Material | relation: mrp.bom
 - bom_version_id | Bom Version | relation: mrp.bom.versioning
 - company_id | Company | relation: res.company
 - create_uid | Created by | relation: res.users
 - final_lot_id | Lotto/Numero Seriale | relation: stock.production.lot
 - location_dest_id | Finished Products Location | relation: stock.location
 - location_src_id | Raw Materials Location | relation: stock.location
 - material_used | Material Used | relation: stock.move
 - order_line_id | Order Line | relation: sale.order.line
 - parent_production_id | Production that has generated the demand | relation: mrp.production
 - picking_type_id | Operation Type | relation: stock.picking.type
 - procurement_group_id | Procurement Group | relation: procurement.group
 - product_id | Product | relation: product.product
 - product_tmpl_id | Product Template | relation: product.template
 - product_uom_id | Product Unit of Measure | relation: product.uom
 - production_location_id | Production Location | relation: stock.location
 - routing_id | Routing | relation: mrp.routing
 - routing_tmpl_id | Template | relation: mrp.routing.template
 - sale_order_id | Order Reference | relation: sale.order
 - user_id | Responsible | relation: res.users
 - workcenter_id | Workcenter | relation: mrp.workcenter
 - write_uid | Last Updated by | relation: res.users

===== SEMANTIC FIELD REJECTED =====
SOURCE FIELD: filtri e selezioni
REASON: no field contains sufficient direct metadata evidence

===== SEMANTIC CONCEPT KEPT AS CONTEXT =====
CONCEPT: filtri e selezioni
REASON: no sufficient metadata-backed field evidence; treated as entity/context concept

===== SEMANTIC FIELD REJECTED =====
SOURCE FIELD: quantità e valori
REASON: no field contains sufficient direct metadata evidence

===== SEMANTIC CONCEPT KEPT AS CONTEXT =====
CONCEPT: quantità e valori
REASON: no sufficient metadata-backed field evidence; treated as entity/context concept

===== DYNAMIC MODEL COMPATIBILITY PASSED =====
REQUIRED SEMANTIC CONCEPTS: [{'concept': 'filtri e selezioni', 'queries': ['filtri e selezioni']}, {'concept': 'quantità e valori', 'queries': ['quantità e valori']}]
REQUIRED FIELD HINTS: []
RESOLVED FIELDS: {}

===== DYNAMIC HUMAN FIELDS FROM ODOO TREE VIEW =====
TREE VIEW: 706
TREE VIEW STRING: Manufacturing Orders
TREE VIEW FIELDS: ['name', 'date_planned_start', 'date_planned_finished', 'product_id', 'product_qty', 'product_uom_id', 'availability', 'routing_id', 'state']

===== ODOO TREE VIEW PRESENTATION PRIORITY =====
PRESENTATION SOURCE: ODOO TREE VIEW
FIELDS: ['name', 'date_planned_start', 'date_planned_finished', 'product_id', 'product_qty', 'product_uom_id', 'availability', 'routing_id', 'state']

===== FINAL GROUPBY =====
GROUPBY: []

===== ODOO PARAMETERS RESOLVED =====
FIELDS: ['name', 'date_planned_start', 'date_planned_finished', 'product_id', 'product_qty', 'product_uom_id', 'availability', 'routing_id', 'state']
GROUPBY: []
ORDERBY: None
ORDER: date_start desc
DOMAIN: [['product_qty', '>', 1000]]

===== VALIDATING Portant PARAMETERS =====

===== VALIDATED PARAMETERS =====
{'model': 'mrp.production', 'method': 'search_read', 'params': {'domain': [['product_qty', '>', 1000]], 'order': 'date_start desc', 'limit': 10, 'fields': ['name', 'date_planned_start', 'date_planned_finished', 'product_id', 'product_qty', 'product_uom_id', 'availability', 'routing_id', 'state'], 'groupby': []}}

===== FINAL ODOO PARAMETERS =====
MODEL: mrp.production
METHOD: search_read
FIELDS: ['name', 'date_planned_start', 'date_planned_finished', 'product_id', 'product_qty', 'product_uom_id', 'availability', 'routing_id', 'state']
GROUPBY: []
ORDERBY: None
DOMAIN: [['product_qty', '>', 1000]]

===== Portant REQUEST =====
URL: http://10.100.12.131:6969/api/mrp.production/search_read
BODY: {'domain': [['product_qty', '>', 1000]], 'order': 'date_start desc', 'limit': 10, 'fields': ['name', 'date_planned_start', 'date_planned_finished', 'product_id', 'product_qty', 'product_uom_id', 'availability', 'routing_id', 'state'], 'groupby': []}

===== RICHIESTA PORTANT =====
URL: http://10.100.12.131:6969/api/mrp.production/search_read
METHOD: POST
BODY: {'domain': [['product_qty', '>', 1000]], 'order': 'date_start desc', 'limit': 10, 'fields': ['name', 'date_planned_start', 'date_planned_finished', 'product_id', 'product_qty', 'product_uom_id', 'availability', 'routing_id', 'state'], 'groupby': []}

===== RISPOSTA PORTANT =====
HTTP STATUS: 200

===== Portant NORMALIZED RESULT =====
TYPE: records
COUNT: 362
TOTAL RECORDS: 362
RETURNED RECORDS: 10
LIMIT: 10
OFFSET: 0
PAGES: 36
HAS MORE: True

===== EXPERIENCE MEMORY =====
STATUS: SUCCESS
REQUEST: Di questi dimmi quali hanno una quantità superiore a 1000
MODEL: mrp.production
METHOD: search_read

===== MULTI Portant COMPLETE =====
RESULTS: 1
SUCCESS: 1
FAILED: 0

===== ODOO EXECUTION SUCCESS =====
PLANNER ATTEMPT: 2

===== GRAPH ROUTE ODOO =====
EXECUTION FAILED: False
ROUTE: response

===== RESPONSE AGENT =====

===== MULTI QUERY RESPONSE DATA =====
TOTAL REQUESTS: 1
SUCCESS: 1
FAILED: 0
RECORDS AVAILABLE FROM ODOO: 10
RECORDS SENT TO RESPONSE LLM: 10

===== RESPONSE RESULT =====
Ho trovato 362 record corrispondenti alla tua richiesta. Di seguito ti mostro i primi 10 risultati:

| **Nome**       | **Data Inizio Pianificata** | **Data Fine Pianificata** | **Prodotto**                                          | **Quantità** |
|-----------------|-----------------------------|---------------------------|-------------------------------------------------------|--------------|
| MO/2600134 | 2 febbraio 2026 | 3 febbraio 2026 | [S106002499] PF 584 CP S "ULF"       | 25.440 |
| MO/2600137 | 3 febbraio 2026  | 3 febbraio 2026  | [S106005223] PF 581 CP S 'ULF'       | 10.600 |
| MO/2602028 | 23 febbraio 2026 | 23 febbraio 2026 | [S157005242] PF 84 CP S 'ULF'        | 75.360 |
| MO/2600224 | 11 febbraio 2026 | 11 febbraio 2026 | [S131005401] PF 564 CP/80 'XTRUSION' COMBI | 15.720 |
| MO/2600225 | 11 febbraio 2026 | 11 febbraio 2026 | [S131005401] PF 564 CP/80 'XTRUSION' COMBI | 15.720 |
| MO/2600238 | 11 febbraio 2026 | 11 febbraio 2026 | [S131005401] PF 564 CP/80 'XTRUSION' COMBI | 15.720 |
| MO/2600239 | 11 febbraio 2026 | 11 febbraio 2026 | [S131005401] PF 564 CP/80 'XTRUSION' COMBI | 15.720 |
| MO/2600252 | 11 febbraio 2026 | 11 febbraio 2026 | [S131005401] PF 564 CP/80 'XTRUSION' COMBI | 15.720 |
| MO/2600253 | 11 febbraio 2026 | 11 febbraio 2026 | [S131005401] PF 564 CP/80 'XTRUSION' COMBI | 15.720 |
| MO/2600266 | 11 febbraio 2026 | 11 febbraio 2026 | [S131005401] PF 564 CP/80 'XTRUSION' COMBI | 15.720 |

Tutti questi record hanno una quantità superiore a 1000. Sono disponibili ulteriori risultati se necessario.

===== SALVATAGGIO MEMORIA PORTANT =====
USER ID: 1
DATABASE: DM-PLF001-TIPREGO
CONVERSATION ID: 60f48c79-9124-458a-9e96-f07f4add063e
RECORD LINKS: [{'id': 385, 'model': 'mrp.production', 'label': 'MO/2600134', 'url': 'http://10.100.12.131:6969/web#id=385&model=mrp.production&view_type=form'}, {'id': 388, 'model': 'mrp.production', 'label': 'MO/2600137', 'url': 'http://10.100.12.131:6969/web#id=388&model=mrp.production&view_type=form'}, {'id': 2279, 'model': 'mrp.production', 'label': 'MO/2602028', 'url': 'http://10.100.12.131:6969/web#id=2279&model=mrp.production&view_type=form'}, {'id': 475, 'model': 'mrp.production', 'label': 'MO/2600224', 'url': 'http://10.100.12.131:6969/web#id=475&model=mrp.production&view_type=form'}, {'id': 476, 'model': 'mrp.production', 'label': 'MO/2600225', 'url': 'http://10.100.12.131:6969/web#id=476&model=mrp.production&view_type=form'}, {'id': 489, 'model': 'mrp.production', 'label': 'MO/2600238', 'url': 'http://10.100.12.131:6969/web#id=489&model=mrp.production&view_type=form'}, {'id': 490, 'model': 'mrp.production', 'label': 'MO/2600239', 'url': 'http://10.100.12.131:6969/web#id=490&model=mrp.production&view_type=form'}, {'id': 503, 'model': 'mrp.production', 'label': 'MO/2600252', 'url': 'http://10.100.12.131:6969/web#id=503&model=mrp.production&view_type=form'}, {'id': 504, 'model': 'mrp.production', 'label': 'MO/2600253', 'url': 'http://10.100.12.131:6969/web#id=504&model=mrp.production&view_type=form'}, {'id': 517, 'model': 'mrp.production', 'label': 'MO/2600266', 'url': 'http://10.100.12.131:6969/web#id=517&model=mrp.production&view_type=form'}]
CHART PAYLOAD: None
OPERATIONAL CONTEXT: {'version': 1, 'request': 'Di questi dimmi quali hanno una quantità superiore a 1000', 'results': [{'request': 'Di questi dimmi quali hanno una quantità superiore a 1000', 'model': 'mrp.production', 'method': 'search_read', 'params': {'domain': [['product_qty', '>', 1000]], 'order': 'date_start desc', 'limit': 10, 'fields': ['name', 'date_planned_start', 'date_planned_finished', 'product_id', 'product_qty', 'product_uom_id', 'availability', 'routing_id', 'state'], 'groupby': []}, 'type': 'records', 'records': [{'id': 385, 'name': 'MO/2600134', 'date_planned_start': '2026-02-02 23:53:01', 'date_planned_finished': '2026-02-03 06:06:24', 'product_id': [214358, '[S106002499] PF 584 CP S "ULF"'], 'product_qty': 25440.0, 'product_uom_id': [20, 'MQ'], 'availability': 'none', 'routing_id': False, 'state': 'cancel'}, {'id': 388, 'name': 'MO/2600137', 'date_planned_start': '2026-02-03 06:06:24', 'date_planned_finished': '2026-02-03 08:38:31', 'product_id': [216352, "[S106005223] PF 581 CP S 'ULF'"], 'product_qty': 10600.0, 'product_uom_id': [20, 'MQ'], 'availability': 'none', 'routing_id': False, 'state': 'cancel'}, {'id': 2279, 'name': 'MO/2602028', 'date_planned_start': '2026-02-23 03:41:13', 'date_planned_finished': '2026-02-23 21:38:49', 'product_id': [214552, "[S157005242] PF 84 CP S 'ULF'"], 'product_qty': 75360.0, 'product_uom_id': [20, 'MQ'], 'availability': 'none', 'routing_id': False, 'state': 'planned'}, {'id': 475, 'name': 'MO/2600224', 'date_planned_start': '2026-02-11 12:49:16', 'date_planned_finished': '2026-02-11 14:41:08', 'product_id': [216306, "[S131005401] PF 564 CP/80 'XTRUSION' COMBI"], 'product_qty': 15720.0, 'product_uom_id': [20, 'MQ'], 'availability': 'none', 'routing_id': False, 'state': 'planned'}, {'id': 476, 'name': 'MO/2600225', 'date_planned_start': '2026-02-11 14:41:08', 'date_planned_finished': '2026-02-11 16:33:00', 'product_id': [216306, "[S131005401] PF 564 CP/80 'XTRUSION' COMBI"], 'product_qty': 15720.0, 'product_uom_id': [20, 'MQ'], 'availability': 'none', 'routing_id': False, 'state': 'planned'}, {'id': 489, 'name': 'MO/2600238', 'date_planned_start': '2026-02-11 12:49:16', 'date_planned_finished': '2026-02-11 14:41:08', 'product_id': [216306, "[S131005401] PF 564 CP/80 'XTRUSION' COMBI"], 'product_qty': 15720.0, 'product_uom_id': [20, 'MQ'], 'availability': 'none', 'routing_id': False, 'state': 'planned'}, {'id': 490, 'name': 'MO/2600239', 'date_planned_start': '2026-02-11 14:41:08', 'date_planned_finished': '2026-02-11 16:33:00', 'product_id': [216306, "[S131005401] PF 564 CP/80 'XTRUSION' COMBI"], 'product_qty': 15720.0, 'product_uom_id': [20, 'MQ'], 'availability': 'none', 'routing_id': False, 'state': 'planned'}, {'id': 503, 'name': 'MO/2600252', 'date_planned_start': '2026-02-11 12:49:16', 'date_planned_finished': '2026-02-11 14:41:08', 'product_id': [216306, "[S131005401] PF 564 CP/80 'XTRUSION' COMBI"], 'product_qty': 15720.0, 'product_uom_id': [20, 'MQ'], 'availability': 'none', 'routing_id': False, 'state': 'planned'}, {'id': 504, 'name': 'MO/2600253', 'date_planned_start': '2026-02-11 14:41:08', 'date_planned_finished': '2026-02-11 16:33:00', 'product_id': [216306, "[S131005401] PF 564 CP/80 'XTRUSION' COMBI"], 'product_qty': 15720.0, 'product_uom_id': [20, 'MQ'], 'availability': 'none', 'routing_id': False, 'state': 'planned'}, {'id': 517, 'name': 'MO/2600266', 'date_planned_start': '2026-02-11 12:49:16', 'date_planned_finished': '2026-02-11 14:41:08', 'product_id': [216306, "[S131005401] PF 564 CP/80 'XTRUSION' COMBI"], 'product_qty': 15720.0, 'product_uom_id': [20, 'MQ'], 'availability': 'none', 'routing_id': False, 'state': 'planned'}], 'aggregation': [], 'count': 362, 'pagination': {'total_records': 362, 'returned_records': 10, 'limit': 10, 'offset': 0, 'pages': 36, 'has_more': True}, 'record_links': [{'id': 385, 'model': 'mrp.production', 'label': 'MO/2600134', 'url': 'http://10.100.12.131:6969/web#id=385&model=mrp.production&view_type=form'}, {'id': 388, 'model': 'mrp.production', 'label': 'MO/2600137', 'url': 'http://10.100.12.131:6969/web#id=388&model=mrp.production&view_type=form'}, {'id': 2279, 'model': 'mrp.production', 'label': 'MO/2602028', 'url': 'http://10.100.12.131:6969/web#id=2279&model=mrp.production&view_type=form'}, {'id': 475, 'model': 'mrp.production', 'label': 'MO/2600224', 'url': 'http://10.100.12.131:6969/web#id=475&model=mrp.production&view_type=form'}, {'id': 476, 'model': 'mrp.production', 'label': 'MO/2600225', 'url': 'http://10.100.12.131:6969/web#id=476&model=mrp.production&view_type=form'}, {'id': 489, 'model': 'mrp.production', 'label': 'MO/2600238', 'url': 'http://10.100.12.131:6969/web#id=489&model=mrp.production&view_type=form'}, {'id': 490, 'model': 'mrp.production', 'label': 'MO/2600239', 'url': 'http://10.100.12.131:6969/web#id=490&model=mrp.production&view_type=form'}, {'id': 503, 'model': 'mrp.production', 'label': 'MO/2600252', 'url': 'http://10.100.12.131:6969/web#id=503&model=mrp.production&view_type=form'}, {'id': 504, 'model': 'mrp.production', 'label': 'MO/2600253', 'url': 'http://10.100.12.131:6969/web#id=504&model=mrp.production&view_type=form'}, {'id': 517, 'model': 'mrp.production', 'label': 'MO/2600266', 'url': 'http://10.100.12.131:6969/web#id=517&model=mrp.production&view_type=form'}]}], 'record_links': [{'id': 385, 'model': 'mrp.production', 'label': 'MO/2600134', 'url': 'http://10.100.12.131:6969/web#id=385&model=mrp.production&view_type=form'}, {'id': 388, 'model': 'mrp.production', 'label': 'MO/2600137', 'url': 'http://10.100.12.131:6969/web#id=388&model=mrp.production&view_type=form'}, {'id': 2279, 'model': 'mrp.production', 'label': 'MO/2602028', 'url': 'http://10.100.12.131:6969/web#id=2279&model=mrp.production&view_type=form'}, {'id': 475, 'model': 'mrp.production', 'label': 'MO/2600224', 'url': 'http://10.100.12.131:6969/web#id=475&model=mrp.production&view_type=form'}, {'id': 476, 'model': 'mrp.production', 'label': 'MO/2600225', 'url': 'http://10.100.12.131:6969/web#id=476&model=mrp.production&view_type=form'}, {'id': 489, 'model': 'mrp.production', 'label': 'MO/2600238', 'url': 'http://10.100.12.131:6969/web#id=489&model=mrp.production&view_type=form'}, {'id': 490, 'model': 'mrp.production', 'label': 'MO/2600239', 'url': 'http://10.100.12.131:6969/web#id=490&model=mrp.production&view_type=form'}, {'id': 503, 'model': 'mrp.production', 'label': 'MO/2600252', 'url': 'http://10.100.12.131:6969/web#id=503&model=mrp.production&view_type=form'}, {'id': 504, 'model': 'mrp.production', 'label': 'MO/2600253', 'url': 'http://10.100.12.131:6969/web#id=504&model=mrp.production&view_type=form'}, {'id': 517, 'model': 'mrp.production', 'label': 'MO/2600266', 'url': 'http://10.100.12.131:6969/web#id=517&model=mrp.production&view_type=form'}]}
USER MESSAGE: Di questi dimmi quali hanno una quantità superiore a 1000
ASSISTANT MESSAGE: Ho trovato 362 record corrispondenti alla tua richiesta. Di seguito ti mostro i primi 10 risultati:

| **Nome**       | **Data Inizio Pianificata** | **Data Fine Pianificata** | **Prodotto**                                          | **Quantità** |
|-----------------|-----------------------------|---------------------------|-------------------------------------------------------|--------------|
| MO/2600134 | 2 febbraio 2026 | 3 febbraio 2026 | [S106002499] PF 584 CP S "ULF"       | 25.440 |
| MO/2600137 | 3 febbraio 2026  | 3 febbraio 2026  | [S106005223] PF 581 CP S 'ULF'       | 10.600 |
| MO/2602028 | 23 febbraio 2026 | 23 febbraio 2026 | [S157005242] PF 84 CP S 'ULF'        | 75.360 |
| MO/2600224 | 11 febbraio 2026 | 11 febbraio 2026 | [S131005401] PF 564 CP/80 'XTRUSION' COMBI | 15.720 |
| MO/2600225 | 11 febbraio 2026 | 11 febbraio 2026 | [S131005401] PF 564 CP/80 'XTRUSION' COMBI | 15.720 |
| MO/2600238 | 11 febbraio 2026 | 11 febbraio 2026 | [S131005401] PF 564 CP/80 'XTRUSION' COMBI | 15.720 |
| MO/2600239 | 11 febbraio 2026 | 11 febbraio 2026 | [S131005401] PF 564 CP/80 'XTRUSION' COMBI | 15.720 |
| MO/2600252 | 11 febbraio 2026 | 11 febbraio 2026 | [S131005401] PF 564 CP/80 'XTRUSION' COMBI | 15.720 |
| MO/2600253 | 11 febbraio 2026 | 11 febbraio 2026 | [S131005401] PF 564 CP/80 'XTRUSION' COMBI | 15.720 |
| MO/2600266 | 11 febbraio 2026 | 11 febbraio 2026 | [S131005401] PF 564 CP/80 'XTRUSION' COMBI | 15.720 |

Tutti questi record hanno una quantità superiore a 1000. Sono disponibili ulteriori risultati se necessario.
USER MESSAGE SAVED
ASSISTANT MESSAGE SAVED
OPERATIONAL CONTEXT SAVED
MESSAGES CURRENTLY IN DB: 4
 - user : Mostrami gli ultimi 10 ordini di produzione
 - assistant : Ho trovato 367 ordini di produzione. Ecco gli ultimi 10 in base alla data di conclusione pianificata:

| Nome | Prodotto | Quantità | Unità di misura | Data di inizio pianificata | Data di conclusione pianificata |
| --- | --- | ---: | --- | --- | --- |
| MO/2602601 | [S165005412] PF 564 CP/80 'LARSON INTERNATIONAL III' | 35.640 | MQ | 28 marzo 2026 | 28 marzo 2026 |
| MO/2602600 | [S131005294] PF 564 CP 'LASER' COMBI | 5.240 | MQ | 27 marzo 2026 | 28 marzo 2026 |
| MO/2602594 | [S135005464] PF 564 CP 'LASER' COMBI | 32.400 | MQ | 27 marzo 2026 | 27 marzo 2026 |
| MO/2602542 | [S257005057] PF 12/4 WP PV3 MP TRANSPARENT | 92.520 | MQ | 20 marzo 2026 | 20 marzo 2026 |
| MO/2602546 | [S257002304] PF 32/3/70 WP PV2 TRANSP | 15.420 | MQ | 20 marzo 2026 | 20 marzo 2026 |
| MO/2602545 | [S257002304] PF 32/3/70 WP PV2 TRANSP | 15.420 | MQ | 20 marzo 2026 | 20 marzo 2026 |
| MO/2602538 | [S257005507] PF 32/3/70 WP PV2 MP TRANSP | 19.275 | MQ | 20 marzo 2026 | 20 marzo 2026 |
| MO/2602536 | [S257004906] PF 12/4 WP PV3 TRANSPARENT | 30.840 | MQ | 20 marzo 2026 | 20 marzo 2026 |
| MO/2602065 | [S135005630] PF 14 CP/N/60/PLK TRANSP | 270 | MQ | 22 febbraio 2026 | 22 febbraio 2026 |
| MO/2602063 | [S135004459] PFT 14 CP/N/60 V2 PLK 'FENIX DOPPIA FRECCIA' | 27.000 | MQ | 22 febbraio 2026 | 22 febbraio 2026 |
   OPERATIONAL RESULTS: 1
 - user : Di questi dimmi quali hanno una quantità superiore a 1000
 - assistant : Ho trovato 362 record corrispondenti alla tua richiesta. Di seguito ti mostro i primi 10 risultati:

| **Nome**       | **Data Inizio Pianificata** | **Data Fine Pianificata** | **Prodotto**                                          | **Quantità** |
|-----------------|-----------------------------|---------------------------|-------------------------------------------------------|--------------|
| MO/2600134 | 2 febbraio 2026 | 3 febbraio 2026 | [S106002499] PF 584 CP S "ULF"       | 25.440 |
| MO/2600137 | 3 febbraio 2026  | 3 febbraio 2026  | [S106005223] PF 581 CP S 'ULF'       | 10.600 |
| MO/2602028 | 23 febbraio 2026 | 23 febbraio 2026 | [S157005242] PF 84 CP S 'ULF'        | 75.360 |
| MO/2600224 | 11 febbraio 2026 | 11 febbraio 2026 | [S131005401] PF 564 CP/80 'XTRUSION' COMBI | 15.720 |
| MO/2600225 | 11 febbraio 2026 | 11 febbraio 2026 | [S131005401] PF 564 CP/80 'XTRUSION' COMBI | 15.720 |
| MO/2600238 | 11 febbraio 2026 | 11 febbraio 2026 | [S131005401] PF 564 CP/80 'XTRUSION' COMBI | 15.720 |
| MO/2600239 | 11 febbraio 2026 | 11 febbraio 2026 | [S131005401] PF 564 CP/80 'XTRUSION' COMBI | 15.720 |
| MO/2600252 | 11 febbraio 2026 | 11 febbraio 2026 | [S131005401] PF 564 CP/80 'XTRUSION' COMBI | 15.720 |
| MO/2600253 | 11 febbraio 2026 | 11 febbraio 2026 | [S131005401] PF 564 CP/80 'XTRUSION' COMBI | 15.720 |
| MO/2600266 | 11 febbraio 2026 | 11 febbraio 2026 | [S131005401] PF 564 CP/80 'XTRUSION' COMBI | 15.720 |

Tutti questi record hanno una quantità superiore a 1000. Sono disponibili ulteriori risultati se necessario.
   OPERATIONAL RESULTS: 1

===== GRAPH RESULT =====
MESSAGES: 1
CURRENT REQUEST: Di questi dimmi quali hanno una quantità superiore a 1000
SUB_REQUESTS: ['Di questi dimmi quali hanno una quantità superiore a 1000']
SCOPE ALLOWED: True

===== PLAN =====
MODEL: mrp.production
METHOD: search_read
DOMAIN: [['product_qty', '>', 1000]]
FIELDS: ['name', 'date_planned_start', 'date_planned_finished', 'product_id', 'product_qty', 'product_uom_id', 'availability', 'routing_id', 'state']
ORDER: date_start desc
LIMIT: 10

===== ODOO RESULTS SUMMARY =====
QUERIES: 1
--------------------------------------------
INDEX: 1
SUCCESS: True
MODEL: mrp.production
METHOD: search_read
DOMAIN: [['product_qty', '>', 1000]]
RESULT TYPE: records
TOTAL: 362
RETURNED: 10
LIMIT: 10
PAGES: 36
HAS MORE: True
FIRST RECORD: {'id': 385, 'name': 'MO/2600134', 'date_planned_start': '2026-02-02 23:53:01', 'date_planned_finished': '2026-02-03 06:06:24', 'product_id': [214358, '[S106002499] PF 584 CP S "ULF"'], 'product_qty': 25440.0, 'product_uom_id': [20, 'MQ'], 'availability': 'none', 'routing_id': False, 'state': 'cancel'}
SECOND RECORD: {'id': 388, 'name': 'MO/2600137', 'date_planned_start': '2026-02-03 06:06:24', 'date_planned_finished': '2026-02-03 08:38:31', 'product_id': [216352, "[S106005223] PF 581 CP S 'ULF'"], 'product_qty': 10600.0, 'product_uom_id': [20, 'MQ'], 'availability': 'none', 'routing_id': False, 'state': 'cancel'}

===== RESPONSE =====
STATUS: GENERATED
LENGTH: 1557
PREVIEW: Ho trovato 362 record corrispondenti alla tua richiesta. Di seguito ti mostro i primi 10 risultati:  | **Nome**       | **Data Inizio Pianificata** | **Data Fine Pianificata** | **Prodotto**                                          | **Quantità** | |-----------------|-----------------------------|--...

===== CHART ANALYZER =====
SHOULD RENDER: True
TYPE: bar
ORIENTATION: horizontal
TITLE: Ordini di produzione con quantità superiore a 1000
SOURCE INDEX: 1
GROUPING: name
VALUE: product_qty
PALETTE: professional
ANIMATION: dynamic

===== CHART PAYLOAD =====
TYPE: bar
TITLE: Ordini di produzione con quantità superiore a 1000
SOURCE: 1
SOURCE TYPE: records
GROUPING: name
VALUE: product_qty
POINTS: 10
DATA: [{'label': 'MO/2602028', 'value': 75360.0}, {'label': 'MO/2600134', 'value': 25440.0}, {'label': 'MO/2600224', 'value': 15720.0}, {'label': 'MO/2600225', 'value': 15720.0}, {'label': 'MO/2600238', 'value': 15720.0}, {'label': 'MO/2600239', 'value': 15720.0}, {'label': 'MO/2600252', 'value': 15720.0}, {'label': 'MO/2600253', 'value': 15720.0}, {'label': 'MO/2600266', 'value': 15720.0}, {'label': 'MO/2600137', 'value': 10600.0}]
MEMORY UPDATED: True

===== CHAT REQUEST =====
MESSAGE: Di questi dimmi quali hanno una quantità superiore a 1000
CONVERSATION: <redacted>

===== ODOO SESSION =====
STATUS: ACTIVE

===== CARICAMENTO MEMORIA PORTANT =====
USER ID: 1
DATABASE: DM-PLF001-TIPREGO
CONVERSATION ID: 60f48c79-9124-458a-9e96-f07f4add063e
MESSAGES LOADED: 4
OPERATIONAL CONTEXTS LOADED: 2
ACTIVE OPERATIONAL CONTEXT RESULTS: 1
 - RESULT 0 MODEL: mrp.production METHOD: search_read RECORDS: 10
FIRST MESSAGE: {'role': 'user', 'content': 'Mostrami gli ultimi 10 ordini di produzione'}
LAST MESSAGE: {'role': 'assistant', 'content': 'Ho trovato 362 record corrispondenti alla tua richiesta. Di seguito ti mostro i primi 10 risultati:\n\n| **Nome**       | **Data Inizio Pianificata** | **Data Fine Pianificata** | **Prodotto**                                          | **Quantità** |\n|-----------------|-----------------------------|---------------------------|-------------------------------------------------------|--------------|\n| MO/2600134 | 2 febbraio 2026 | 3 febbraio 2026 | [S106002499] PF 584 CP S "ULF"       | 25.440 |\n| MO/2600137 | 3 febbraio 2026  | 3 febbraio 2026  | [S106005223] PF 581 CP S \'ULF\'       | 10.600 |\n| MO/2602028 | 23 febbraio 2026 | 23 febbraio 2026 | [S157005242] PF 84 CP S \'ULF\'        | 75.360 |\n| MO/2600224 | 11 febbraio 2026 | 11 febbraio 2026 | [S131005401] PF 564 CP/80 \'XTRUSION\' COMBI | 15.720 |\n| MO/2600225 | 11 febbraio 2026 | 11 febbraio 2026 | [S131005401] PF 564 CP/80 \'XTRUSION\' COMBI | 15.720 |\n| MO/2600238 | 11 febbraio 2026 | 11 febbraio 2026 | [S131005401] PF 564 CP/80 \'XTRUSION\' COMBI | 15.720 |\n| MO/2600239 | 11 febbraio 2026 | 11 febbraio 2026 | [S131005401] PF 564 CP/80 \'XTRUSION\' COMBI | 15.720 |\n| MO/2600252 | 11 febbraio 2026 | 11 febbraio 2026 | [S131005401] PF 564 CP/80 \'XTRUSION\' COMBI | 15.720 |\n| MO/2600253 | 11 febbraio 2026 | 11 febbraio 2026 | [S131005401] PF 564 CP/80 \'XTRUSION\' COMBI | 15.720 |\n| MO/2600266 | 11 febbraio 2026 | 11 febbraio 2026 | [S131005401] PF 564 CP/80 \'XTRUSION\' COMBI | 15.720 |\n\nTutti questi record hanno una quantità superiore a 1000. Sono disponibili ulteriori risultati se necessario.'}

===== REQUEST SPLITTER NODE =====
INPUT: Di questi dimmi quali hanno una quantità superiore a 1000

===== REQUEST SPLITTER =====
INPUT: Di questi dimmi quali hanno una quantità superiore a 1000

===== SEMANTIC SCOPE =====
SCOPE: IN_SCOPE
CONFIDENCE: 0.95
CONTINUATION: True
INTENT FAMILY: filtraggio dati
CONCEPTS: ['quantità', 'filtri e selezioni', 'richieste contestuali']
REASON: Richiesta di filtraggio quantitativo su risultati precedenti

===== SCOPE DECISION =====
SCOPE: IN_SCOPE
IN SCOPE: True
CONTINUATION: True
CONCEPTS: ['quantità', 'filtri e selezioni', 'richieste contestuali']
REQUEST COUNT: 1
REQUEST 1: Di questi dimmi quali hanno una quantità superiore a 1000

===== SCOPE DECISION =====
SCOPE: IN_SCOPE
IN SCOPE: True
CONFIDENCE: 0.95
CONTINUATION: True
INTENT FAMILY: filtraggio dati
CONCEPTS: ['quantità', 'filtri e selezioni', 'richieste contestuali']
REQUEST COUNT: 1
REASON: Richiesta di filtraggio quantitativo su risultati precedenti
EVIDENCE: ["Riferimento anaforico 'Di questi' a risultati Portant/Odoo", 'Operazione di filtraggio esplicita (quantità > 1000)', 'Continuità con richiesta IN_SCOPE precedente', 'Struttura linguistica tipica di filtraggio dati']
REQUEST 1: Di questi dimmi quali hanno una quantità superiore a 1000

===== GRAPH ROUTE SCOPE =====
SCOPE: IN_SCOPE
INTENT FAMILY: filtraggio dati
CONVERSATIONAL INTENT: False
ROUTE: planner

===== PLANNER SEMANTIC CONTEXT =====
CONCEPTS: [{'concept': 'quantità', 'queries': []}, {'concept': 'filtri e selezioni', 'queries': []}, {'concept': 'richieste contestuali', 'queries': []}]

===== PLANNER ACTIVE OPERATIONAL CONTEXT =====
CONTINUATION: True
CONTEXT MODELS: ['mrp.production']
CONTEXT HISTORY SIZE: 2

===== PLANNER GLOBAL ATTEMPT STATE =====
ATTEMPTS ALREADY CONSUMED: 0
EXECUTION FEEDBACK: []

===== PLANNER PREVIOUS RETRY CONTEXT =====
RETRY HISTORY: []

===== PLANNER TEMPORAL CONTEXT =====
CURRENT DATETIME: 2026-09-22T14:13:27+02:00
CURRENT DATE: 2026-09-22
CURRENT TIME: 14:13:27
TIMEZONE: Europe/Rome
UTC OFFSET: +0200

===== PLANNER OPERATIONAL CONTEXT =====
CONTINUATION: True
CONTEXT MODELS: ['mrp.production']
CONTEXT GROUNDED IDS: {'mrp.production': [385, 388, 2279, 475, 476, 489, 490, 503, 504, 517]}

===== CHIAMATA PORTANT (call_kw) =====
URL: http://10.100.12.131:6969/web/dataset/call_kw/ir.model/search_read
MODELLO: ir.model
METHOD: search_read
ARGS: [[]]
KWARGS: {'fields': ['id', 'model', 'name', 'state'], 'limit': 0, 'order': 'model asc'}

===== RISPOSTA PORTANT (call_kw) =====
HTTP STATUS: 200

===== MODEL SEARCH INDEX =====
QUERY: Di questi dimmi quali hanno una quantità superiore a 1000
MODELS LOADED: 475
MATCHED MODELS: 26

===== SEMANTIC QUERY EXPANSION =====
INPUT: Di questi dimmi quali hanno una quantità superiore a 1000
QUERIES: ['quantità', 'filtri e selezioni', 'richieste contestuali']
CONCEPTS: [{'concept': 'quantità', 'queries': ['quantità']}, {'concept': 'filtri e selezioni', 'queries': ['filtri e selezioni']}, {'concept': 'richieste contestuali', 'queries': ['richieste contestuali']}]

===== MODEL SEARCH INDEX =====
QUERY: quantità
MODELS LOADED: 475
MATCHED MODELS: 8

===== MODEL SEARCH INDEX =====
QUERY: filtri e selezioni
MODELS LOADED: 475
MATCHED MODELS: 2

===== MODEL SEARCH INDEX =====
QUERY: richieste contestuali
MODELS LOADED: 475
MATCHED MODELS: 13

===== SEMANTIC MODEL CONTEXT =====
REQUEST SEMANTIC CONCEPTS: [{'concept': 'quantità', 'queries': ['quantità']}, {'concept': 'filtri e selezioni', 'queries': ['filtri e selezioni']}, {'concept': 'richieste contestuali', 'queries': ['richieste contestuali']}]
MODEL: stock.quant.package.change.qty
SEMANTIC QUERIES: ['quantità']
SEMANTIC CONCEPTS: [{'concept': 'quantità', 'queries': ['quantità']}]
REQUEST CONCEPTS: [{'concept': 'quantità', 'queries': ['quantità']}, {'concept': 'filtri e selezioni', 'queries': ['filtri e selezioni']}, {'concept': 'richieste contestuali', 'queries': ['richieste contestuali']}]
MODEL: res.portant.kill.switch
SEMANTIC QUERIES: ['filtri e selezioni']
SEMANTIC CONCEPTS: [{'concept': 'filtri e selezioni', 'queries': ['filtri e selezioni']}]
REQUEST CONCEPTS: [{'concept': 'quantità', 'queries': ['quantità']}, {'concept': 'filtri e selezioni', 'queries': ['filtri e selezioni']}, {'concept': 'richieste contestuali', 'queries': ['richieste contestuali']}]
MODEL: qc.test.question.value
SEMANTIC QUERIES: []
SEMANTIC CONCEPTS: []
REQUEST CONCEPTS: [{'concept': 'quantità', 'queries': ['quantità']}, {'concept': 'filtri e selezioni', 'queries': ['filtri e selezioni']}, {'concept': 'richieste contestuali', 'queries': ['richieste contestuali']}]
MODEL: qc.test.question
SEMANTIC QUERIES: []
SEMANTIC CONCEPTS: []
REQUEST CONCEPTS: [{'concept': 'quantità', 'queries': ['quantità']}, {'concept': 'filtri e selezioni', 'queries': ['filtri e selezioni']}, {'concept': 'richieste contestuali', 'queries': ['richieste contestuali']}]
MODEL: res.bc.down
SEMANTIC QUERIES: ['filtri e selezioni']
SEMANTIC CONCEPTS: [{'concept': 'filtri e selezioni', 'queries': ['filtri e selezioni']}]
REQUEST CONCEPTS: [{'concept': 'quantità', 'queries': ['quantità']}, {'concept': 'filtri e selezioni', 'queries': ['filtri e selezioni']}, {'concept': 'richieste contestuali', 'queries': ['richieste contestuali']}]
MODEL: mrp.config.setting.wizard
SEMANTIC QUERIES: []
SEMANTIC CONCEPTS: []
REQUEST CONCEPTS: [{'concept': 'quantità', 'queries': ['quantità']}, {'concept': 'filtri e selezioni', 'queries': ['filtri e selezioni']}, {'concept': 'richieste contestuali', 'queries': ['richieste contestuali']}]
MODEL: mrp.workcenter.alarm
SEMANTIC QUERIES: []
SEMANTIC CONCEPTS: []
REQUEST CONCEPTS: [{'concept': 'quantità', 'queries': ['quantità']}, {'concept': 'filtri e selezioni', 'queries': ['filtri e selezioni']}, {'concept': 'richieste contestuali', 'queries': ['richieste contestuali']}]
MODEL: mrp.workcenter.employee.journal
SEMANTIC QUERIES: []
SEMANTIC CONCEPTS: []
REQUEST CONCEPTS: [{'concept': 'quantità', 'queries': ['quantità']}, {'concept': 'filtri e selezioni', 'queries': ['filtri e selezioni']}, {'concept': 'richieste contestuali', 'queries': ['richieste contestuali']}]

===== SEMANTIC MODEL RESULTS =====
INPUT: Di questi dimmi quali hanno una quantità superiore a 1000
 - stock.quant.package.change.qty | Creazione colli e modifica quantità prodotti | score: 16.0
 - res.portant.kill.switch | Flag di selezione per ignorare le chiamate di una linea con Portant | score: 10.0
 - qc.test.question.value | Possible values for qualitative questions. | score: 7.0
 - qc.test.question | Quality control question | score: 7.0
 - res.bc.down | Flag di selezione per indicare che BC non è collegato | score: 5.0
 - mrp.config.setting.wizard | Impostazioni di configurazione linee | score: 5.0
 - mrp.workcenter.alarm | Modello che gestisce gli allarmi del centro di lavoro | score: 5.0
 - mrp.workcenter.employee.journal | Modello che gestisce lo storico ore di un dipendente in un determinato centro di lavoro | score: 5.0

===== DYNAMIC MODEL DISCOVERY =====
QUERY: Di questi dimmi quali hanno una quantità superiore a 1000
REQUEST SEMANTIC CONCEPTS: [{'concept': 'quantità', 'queries': []}, {'concept': 'filtri e selezioni', 'queries': []}, {'concept': 'richieste contestuali', 'queries': []}]
CANDIDATES:
 - stock.quant.package.change.qty | Creazione colli e modifica quantità prodotti | score: 16.0
   semantic concepts: [{'concept': 'quantità', 'queries': ['quantità']}]
   request concepts: [{'concept': 'quantità', 'queries': ['quantità']}, {'concept': 'filtri e selezioni', 'queries': ['filtri e selezioni']}, {'concept': 'richieste contestuali', 'queries': ['richieste contestuali']}]
 - res.portant.kill.switch | Flag di selezione per ignorare le chiamate di una linea con Portant | score: 10.0
   semantic concepts: [{'concept': 'filtri e selezioni', 'queries': ['filtri e selezioni']}]
   request concepts: [{'concept': 'quantità', 'queries': ['quantità']}, {'concept': 'filtri e selezioni', 'queries': ['filtri e selezioni']}, {'concept': 'richieste contestuali', 'queries': ['richieste contestuali']}]
 - qc.test.question.value | Possible values for qualitative questions. | score: 7.0
   semantic concepts: []
   request concepts: [{'concept': 'quantità', 'queries': ['quantità']}, {'concept': 'filtri e selezioni', 'queries': ['filtri e selezioni']}, {'concept': 'richieste contestuali', 'queries': ['richieste contestuali']}]
 - qc.test.question | Quality control question | score: 7.0
   semantic concepts: []
   request concepts: [{'concept': 'quantità', 'queries': ['quantità']}, {'concept': 'filtri e selezioni', 'queries': ['filtri e selezioni']}, {'concept': 'richieste contestuali', 'queries': ['richieste contestuali']}]
 - res.bc.down | Flag di selezione per indicare che BC non è collegato | score: 5.0
   semantic concepts: [{'concept': 'filtri e selezioni', 'queries': ['filtri e selezioni']}]
   request concepts: [{'concept': 'quantità', 'queries': ['quantità']}, {'concept': 'filtri e selezioni', 'queries': ['filtri e selezioni']}, {'concept': 'richieste contestuali', 'queries': ['richieste contestuali']}]
 - mrp.config.setting.wizard | Impostazioni di configurazione linee | score: 5.0
   semantic concepts: []
   request concepts: [{'concept': 'quantità', 'queries': ['quantità']}, {'concept': 'filtri e selezioni', 'queries': ['filtri e selezioni']}, {'concept': 'richieste contestuali', 'queries': ['richieste contestuali']}]
 - mrp.workcenter.alarm | Modello che gestisce gli allarmi del centro di lavoro | score: 5.0
   semantic concepts: []
   request concepts: [{'concept': 'quantità', 'queries': ['quantità']}, {'concept': 'filtri e selezioni', 'queries': ['filtri e selezioni']}, {'concept': 'richieste contestuali', 'queries': ['richieste contestuali']}]
 - mrp.workcenter.employee.journal | Modello che gestisce lo storico ore di un dipendente in un determinato centro di lavoro | score: 5.0
   semantic concepts: []
   request concepts: [{'concept': 'quantità', 'queries': ['quantità']}, {'concept': 'filtri e selezioni', 'queries': ['filtri e selezioni']}, {'concept': 'richieste contestuali', 'queries': ['richieste contestuali']}]

===== PLANNER ATTEMPT =====
ATTEMPT: 1 / 4

===== DYNAMIC MODEL CANDIDATES AVAILABLE =====
 - stock.quant.package.change.qty | Creazione colli e modifica quantità prodotti | score: 16.0 | concepts: [{'concept': 'quantità', 'queries': ['quantità']}] | request concepts: [{'concept': 'quantità', 'queries': ['quantità']}, {'concept': 'filtri e selezioni', 'queries': ['filtri e selezioni']}, {'concept': 'richieste contestuali', 'queries': ['richieste contestuali']}]
 - res.portant.kill.switch | Flag di selezione per ignorare le chiamate di una linea con Portant | score: 10.0 | concepts: [{'concept': 'filtri e selezioni', 'queries': ['filtri e selezioni']}] | request concepts: [{'concept': 'quantità', 'queries': ['quantità']}, {'concept': 'filtri e selezioni', 'queries': ['filtri e selezioni']}, {'concept': 'richieste contestuali', 'queries': ['richieste contestuali']}]
 - qc.test.question.value | Possible values for qualitative questions. | score: 7.0 | concepts: [] | request concepts: [{'concept': 'quantità', 'queries': ['quantità']}, {'concept': 'filtri e selezioni', 'queries': ['filtri e selezioni']}, {'concept': 'richieste contestuali', 'queries': ['richieste contestuali']}]
 - qc.test.question | Quality control question | score: 7.0 | concepts: [] | request concepts: [{'concept': 'quantità', 'queries': ['quantità']}, {'concept': 'filtri e selezioni', 'queries': ['filtri e selezioni']}, {'concept': 'richieste contestuali', 'queries': ['richieste contestuali']}]
 - res.bc.down | Flag di selezione per indicare che BC non è collegato | score: 5.0 | concepts: [{'concept': 'filtri e selezioni', 'queries': ['filtri e selezioni']}] | request concepts: [{'concept': 'quantità', 'queries': ['quantità']}, {'concept': 'filtri e selezioni', 'queries': ['filtri e selezioni']}, {'concept': 'richieste contestuali', 'queries': ['richieste contestuali']}]
 - mrp.config.setting.wizard | Impostazioni di configurazione linee | score: 5.0 | concepts: [] | request concepts: [{'concept': 'quantità', 'queries': ['quantità']}, {'concept': 'filtri e selezioni', 'queries': ['filtri e selezioni']}, {'concept': 'richieste contestuali', 'queries': ['richieste contestuali']}]
 - mrp.workcenter.alarm | Modello che gestisce gli allarmi del centro di lavoro | score: 5.0 | concepts: [] | request concepts: [{'concept': 'quantità', 'queries': ['quantità']}, {'concept': 'filtri e selezioni', 'queries': ['filtri e selezioni']}, {'concept': 'richieste contestuali', 'queries': ['richieste contestuali']}]
 - mrp.workcenter.employee.journal | Modello che gestisce lo storico ore di un dipendente in un determinato centro di lavoro | score: 5.0 | concepts: [] | request concepts: [{'concept': 'quantità', 'queries': ['quantità']}, {'concept': 'filtri e selezioni', 'queries': ['filtri e selezioni']}, {'concept': 'richieste contestuali', 'queries': ['richieste contestuali']}]

===== PLANNER OPERATIONAL CONTEXT =====
CONTEXT MODELS: ['mrp.production']
CONTEXTUAL FOLLOW-UP: True
CURRENT MODEL BEFORE NORMALIZATION: mrp.production

===== QUERY NORMALIZATION =====
CURRENT REQUEST: Di questi dimmi quali hanno una quantità superiore a 1000
AGGREGATION: {'is_aggregation': False, 'grouping_field': None, 'has_explicit_grouping': False, 'has_ranking': False, 'aggregation_hits': 0, 'detail_hits': 0}
TOTAL COUNT REQUEST: True
USE READ_GROUP: False
EXPLICIT MODEL: None
OPERATIONAL CONTEXT MODELS: ['mrp.production']
CONTEXTUAL FOLLOW-UP: True
MODEL: mrp.production
METHOD: search_read
EXPLICIT LIMIT: None
FINAL DOMAIN: [['product_qty', '>', 1000]]
FINAL PARAMS: {'domain': [['product_qty', '>', 1000]], 'limit': 10, 'order': 'date_start desc'}

===== CHIAMATA PORTANT (call_kw) =====
URL: http://10.100.12.131:6969/web/dataset/call_kw/mrp.production/fields_view_get
MODELLO: mrp.production
METHOD: fields_view_get
ARGS: []
KWARGS: {'view_type': 'tree', 'toolbar': False, 'submenu': False}

===== RISPOSTA PORTANT (call_kw) =====
HTTP STATUS: 200

===== ODOO TREE VIEW DISCOVERED =====
MODEL: mrp.production
VIEW ID: 706
VIEW STRING: Manufacturing Orders
DEFAULT ORDER: date_planned_start desc
VIEW FIELDS: ['message_needaction', 'name', 'date_planned_start', 'date_planned_finished', 'product_id', 'product_qty', 'product_uom_id', 'availability', 'routing_id', 'origin', 'state']
VISIBLE FIELDS: ['name', 'date_planned_start', 'date_planned_finished', 'product_id', 'product_qty', 'product_uom_id', 'availability', 'routing_id', 'state']

===== PLANNER PROPOSAL REJECTED =====
{
  "attempt": 1,
  "status": "REJECTED",
  "reason": "missing_grounded_context_filter",
  "proposal": {
    "model": "mrp.production",
    "method": "search_read",
    "params": {
      "domain": [
        [
          "product_qty",
          ">",
          1000
        ]
      ],
      "limit": 10,
      "order": "date_start desc"
    }
  },
  "details": {
    "reason": "missing_grounded_context_filter",
    "model": "mrp.production",
    "context_models": [
      "mrp.production"
    ],
    "grounded_record_ids": [
      385,
      388,
      2279,
      475,
      476,
      489,
      490,
      503,
      504,
      517
    ],
    "proposal_domain": [
      [
        "product_qty",
        ">",
        1000
      ]
    ],
    "message": "La richiesta è anaforica e il contesto contiene record concreti, ma il piano non li ha vincolati tramite i relativi ID grounded."
  }
}

===== PLANNER ATTEMPT =====
ATTEMPT: 2 / 4

===== DYNAMIC MODEL CANDIDATES AVAILABLE =====
 - stock.quant.package.change.qty | Creazione colli e modifica quantità prodotti | score: 16.0 | concepts: [{'concept': 'quantità', 'queries': ['quantità']}] | request concepts: [{'concept': 'quantità', 'queries': ['quantità']}, {'concept': 'filtri e selezioni', 'queries': ['filtri e selezioni']}, {'concept': 'richieste contestuali', 'queries': ['richieste contestuali']}]
 - res.portant.kill.switch | Flag di selezione per ignorare le chiamate di una linea con Portant | score: 10.0 | concepts: [{'concept': 'filtri e selezioni', 'queries': ['filtri e selezioni']}] | request concepts: [{'concept': 'quantità', 'queries': ['quantità']}, {'concept': 'filtri e selezioni', 'queries': ['filtri e selezioni']}, {'concept': 'richieste contestuali', 'queries': ['richieste contestuali']}]
 - qc.test.question.value | Possible values for qualitative questions. | score: 7.0 | concepts: [] | request concepts: [{'concept': 'quantità', 'queries': ['quantità']}, {'concept': 'filtri e selezioni', 'queries': ['filtri e selezioni']}, {'concept': 'richieste contestuali', 'queries': ['richieste contestuali']}]
 - qc.test.question | Quality control question | score: 7.0 | concepts: [] | request concepts: [{'concept': 'quantità', 'queries': ['quantità']}, {'concept': 'filtri e selezioni', 'queries': ['filtri e selezioni']}, {'concept': 'richieste contestuali', 'queries': ['richieste contestuali']}]
 - res.bc.down | Flag di selezione per indicare che BC non è collegato | score: 5.0 | concepts: [{'concept': 'filtri e selezioni', 'queries': ['filtri e selezioni']}] | request concepts: [{'concept': 'quantità', 'queries': ['quantità']}, {'concept': 'filtri e selezioni', 'queries': ['filtri e selezioni']}, {'concept': 'richieste contestuali', 'queries': ['richieste contestuali']}]
 - mrp.config.setting.wizard | Impostazioni di configurazione linee | score: 5.0 | concepts: [] | request concepts: [{'concept': 'quantità', 'queries': ['quantità']}, {'concept': 'filtri e selezioni', 'queries': ['filtri e selezioni']}, {'concept': 'richieste contestuali', 'queries': ['richieste contestuali']}]
 - mrp.workcenter.alarm | Modello che gestisce gli allarmi del centro di lavoro | score: 5.0 | concepts: [] | request concepts: [{'concept': 'quantità', 'queries': ['quantità']}, {'concept': 'filtri e selezioni', 'queries': ['filtri e selezioni']}, {'concept': 'richieste contestuali', 'queries': ['richieste contestuali']}]
 - mrp.workcenter.employee.journal | Modello che gestisce lo storico ore di un dipendente in un determinato centro di lavoro | score: 5.0 | concepts: [] | request concepts: [{'concept': 'quantità', 'queries': ['quantità']}, {'concept': 'filtri e selezioni', 'queries': ['filtri e selezioni']}, {'concept': 'richieste contestuali', 'queries': ['richieste contestuali']}]

===== PLANNER OPERATIONAL CONTEXT =====
CONTEXT MODELS: ['mrp.production']
CONTEXTUAL FOLLOW-UP: True
CURRENT MODEL BEFORE NORMALIZATION: mrp.production

===== PLANNER GROUNDED CONTEXT IDS =====
ORIGINAL: ['id', 'in', [385, 388, 2279, 475, 476, 489, 490, 503, 504, 517]]
FILTERED: ['id', 'in', [385, 388, 2279, 475, 476, 489, 490, 503, 504, 517]]
MODEL: mrp.production

===== PLANNER GROUNDED CONTEXT IDS =====
ORIGINAL: ['id', 'in', [385, 388, 2279, 475, 476, 489, 490, 503, 504, 517]]
FILTERED: ['id', 'in', [385, 388, 2279, 475, 476, 489, 490, 503, 504, 517]]
MODEL: mrp.production

===== QUERY NORMALIZATION =====
CURRENT REQUEST: Di questi dimmi quali hanno una quantità superiore a 1000
AGGREGATION: {'is_aggregation': False, 'grouping_field': None, 'has_explicit_grouping': False, 'has_ranking': False, 'aggregation_hits': 0, 'detail_hits': 0}
TOTAL COUNT REQUEST: True
USE READ_GROUP: False
EXPLICIT MODEL: None
OPERATIONAL CONTEXT MODELS: ['mrp.production']
CONTEXTUAL FOLLOW-UP: True
MODEL: mrp.production
METHOD: search_read
EXPLICIT LIMIT: None
FINAL DOMAIN: [['product_qty', '>', 1000], ['id', 'in', [385, 388, 2279, 475, 476, 489, 490, 503, 504, 517]]]
FINAL PARAMS: {'domain': [['product_qty', '>', 1000], ['id', 'in', [385, 388, 2279, 475, 476, 489, 490, 503, 504, 517]]], 'order': 'date_start desc', 'limit': 10}

===== CHIAMATA PORTANT (call_kw) =====
URL: http://10.100.12.131:6969/web/dataset/call_kw/mrp.production/fields_view_get
MODELLO: mrp.production
METHOD: fields_view_get
ARGS: []
KWARGS: {'view_type': 'tree', 'toolbar': False, 'submenu': False}

===== RISPOSTA PORTANT (call_kw) =====
HTTP STATUS: 200

===== ODOO TREE VIEW DISCOVERED =====
MODEL: mrp.production
VIEW ID: 706
VIEW STRING: Manufacturing Orders
DEFAULT ORDER: date_planned_start desc
VIEW FIELDS: ['message_needaction', 'name', 'date_planned_start', 'date_planned_finished', 'product_id', 'product_qty', 'product_uom_id', 'availability', 'routing_id', 'origin', 'state']
VISIBLE FIELDS: ['name', 'date_planned_start', 'date_planned_finished', 'product_id', 'product_qty', 'product_uom_id', 'availability', 'routing_id', 'state']

===== CONTEXT MODEL ACCEPTED =====
MODEL: mrp.production
CONTEXT MODELS: ['mrp.production']
GROUNDED IDS: [385, 388, 2279, 475, 476, 489, 490, 503, 504, 517]

===== SEMANTIC MODEL VALIDATION OVERRIDE =====
MODEL: mrp.production
REASON: model grounded by active operational context
REQUIRED CONCEPTS: ['filtri e selezioni', 'quantità', 'richieste contestuali']
CONTEXT MODELS: ['mrp.production']

===== PLANNER PROPOSAL ACCEPTED =====
ATTEMPT: 2

===== GRAPH ROUTE PLANNER =====
RETRY CONTEXT PRESENT
NEW SINGLE PLAN HAS PRIORITY
ROUTE: odoo

===== MULTI ODOO PLAN FALLBACK =====
Nessun 'plans' disponibile.
Uso state['plan'] come singola query.

===== PLANNER EXECUTION ATTEMPT =====
CURRENT ATTEMPT: 2

===== MULTI Portant EXECUTION =====
TOTAL PLANS: 1

============================================
===== Portant QUERY 1 =====
REQUEST: Di questi dimmi quali hanno una quantità superiore a 1000
MODEL: mrp.production
METHOD: search_read
Portant DYNAMIC AGENT ESEGUITO

===== ODOO AGENT SEMANTIC CONTEXT =====
DYNAMIC MODEL CANDIDATES: 8
SEMANTIC CONCEPTS: [{'concept': 'quantità', 'queries': ['quantità']}, {'concept': 'filtri e selezioni', 'queries': ['filtri e selezioni']}, {'concept': 'richieste contestuali', 'queries': ['richieste contestuali']}]

===== Portant PLAN =====
{'agent': 'odoo', 'action': 'odoo_api_tool', 'domain': [['product_qty', '>', 1000], ['id', 'in', [385, 388, 2279, 475, 476, 489, 490, 503, 504, 517]]], 'parameters': {'model': 'mrp.production', 'method': 'search_read', 'params': {'domain': [['product_qty', '>', 1000], ['id', 'in', [385, 388, 2279, 475, 476, 489, 490, 503, 504, 517]]], 'order': 'date_start desc', 'limit': 10}}}

===== DOMAIN SANITIZATION =====
REMOVED UNGROUNDED RECORD ID FILTER: ['id', 'in', [385, 388, 2279, 475, 476, 489, 490, 503, 504, 517]]

===== MODEL DISCOVERY =====
MODEL: mrp.production
MODEL FOUND IN STATIC CATALOG
STATIC CATALOG USED ONLY AS MODEL POLICY
LOADING REAL ODOO FIELD METADATA...

===== CHIAMATA PORTANT (call_kw) =====
URL: http://10.100.12.131:6969/web/dataset/call_kw/mrp.production/fields_view_get
MODELLO: mrp.production
METHOD: fields_view_get
ARGS: []
KWARGS: {'view_type': 'tree', 'toolbar': False, 'submenu': False}

===== RISPOSTA PORTANT (call_kw) =====
HTTP STATUS: 200

===== ODOO TREE VIEW DISCOVERED =====
MODEL: mrp.production
VIEW ID: 706
VIEW STRING: Manufacturing Orders
DEFAULT ORDER: date_planned_start desc
VIEW FIELDS: ['message_needaction', 'name', 'date_planned_start', 'date_planned_finished', 'product_id', 'product_qty', 'product_uom_id', 'availability', 'routing_id', 'origin', 'state']
VISIBLE FIELDS: ['name', 'date_planned_start', 'date_planned_finished', 'product_id', 'product_qty', 'product_uom_id', 'availability', 'routing_id', 'state']

===== ODOO FIELD METADATA LOADED =====
MODEL: mrp.production
FIELDS: 119

===== DYNAMIC RELATION FIELDS =====
 - activity_type_id | Next Activity Type | relation: mail.activity.type
 - activity_user_id | Responsible | relation: res.users
 - bom_id | Bill of Material | relation: mrp.bom
 - bom_version_id | Bom Version | relation: mrp.bom.versioning
 - company_id | Company | relation: res.company
 - create_uid | Created by | relation: res.users
 - final_lot_id | Lotto/Numero Seriale | relation: stock.production.lot
 - location_dest_id | Finished Products Location | relation: stock.location
 - location_src_id | Raw Materials Location | relation: stock.location
 - material_used | Material Used | relation: stock.move
 - order_line_id | Order Line | relation: sale.order.line
 - parent_production_id | Production that has generated the demand | relation: mrp.production
 - picking_type_id | Operation Type | relation: stock.picking.type
 - procurement_group_id | Procurement Group | relation: procurement.group
 - product_id | Product | relation: product.product
 - product_tmpl_id | Product Template | relation: product.template
 - product_uom_id | Product Unit of Measure | relation: product.uom
 - production_location_id | Production Location | relation: stock.location
 - routing_id | Routing | relation: mrp.routing
 - routing_tmpl_id | Template | relation: mrp.routing.template
 - sale_order_id | Order Reference | relation: sale.order
 - user_id | Responsible | relation: res.users
 - workcenter_id | Workcenter | relation: mrp.workcenter
 - write_uid | Last Updated by | relation: res.users

===== SEMANTIC FIELD REJECTED =====
SOURCE FIELD: quantità
BEST CANDIDATE: produced_qty
BEST SCORE: 280.0
SECOND SCORE: 280.0
MARGIN: 0.0
REASON: ambiguous metadata-backed semantic resolution

===== SEMANTIC CONCEPT KEPT AS CONTEXT =====
CONCEPT: quantità
REASON: no sufficient metadata-backed field evidence; treated as entity/context concept

===== SEMANTIC FIELD REJECTED =====
SOURCE FIELD: filtri e selezioni
REASON: no field contains sufficient direct metadata evidence

===== SEMANTIC CONCEPT KEPT AS CONTEXT =====
CONCEPT: filtri e selezioni
REASON: no sufficient metadata-backed field evidence; treated as entity/context concept

===== SEMANTIC FIELD REJECTED =====
SOURCE FIELD: richieste contestuali
REASON: no field contains sufficient direct metadata evidence

===== SEMANTIC CONCEPT KEPT AS CONTEXT =====
CONCEPT: richieste contestuali
REASON: no sufficient metadata-backed field evidence; treated as entity/context concept

===== DYNAMIC MODEL COMPATIBILITY PASSED =====
REQUIRED SEMANTIC CONCEPTS: [{'concept': 'quantità', 'queries': ['quantità']}, {'concept': 'filtri e selezioni', 'queries': ['filtri e selezioni']}, {'concept': 'richieste contestuali', 'queries': ['richieste contestuali']}]
REQUIRED FIELD HINTS: []
RESOLVED FIELDS: {}

===== DYNAMIC HUMAN FIELDS FROM ODOO TREE VIEW =====
TREE VIEW: 706
TREE VIEW STRING: Manufacturing Orders
TREE VIEW FIELDS: ['name', 'date_planned_start', 'date_planned_finished', 'product_id', 'product_qty', 'product_uom_id', 'availability', 'routing_id', 'state']

===== ODOO TREE VIEW PRESENTATION PRIORITY =====
PRESENTATION SOURCE: ODOO TREE VIEW
FIELDS: ['name', 'date_planned_start', 'date_planned_finished', 'product_id', 'product_qty', 'product_uom_id', 'availability', 'routing_id', 'state']

===== FINAL GROUPBY =====
GROUPBY: []

===== ODOO PARAMETERS RESOLVED =====
FIELDS: ['name', 'date_planned_start', 'date_planned_finished', 'product_id', 'product_qty', 'product_uom_id', 'availability', 'routing_id', 'state']
GROUPBY: []
ORDERBY: None
ORDER: date_start desc
DOMAIN: [['product_qty', '>', 1000]]

===== VALIDATING Portant PARAMETERS =====

===== VALIDATED PARAMETERS =====
{'model': 'mrp.production', 'method': 'search_read', 'params': {'domain': [['product_qty', '>', 1000]], 'order': 'date_start desc', 'limit': 10, 'fields': ['name', 'date_planned_start', 'date_planned_finished', 'product_id', 'product_qty', 'product_uom_id', 'availability', 'routing_id', 'state'], 'groupby': []}}

===== FINAL ODOO PARAMETERS =====
MODEL: mrp.production
METHOD: search_read
FIELDS: ['name', 'date_planned_start', 'date_planned_finished', 'product_id', 'product_qty', 'product_uom_id', 'availability', 'routing_id', 'state']
GROUPBY: []
ORDERBY: None
DOMAIN: [['product_qty', '>', 1000]]

===== Portant REQUEST =====
URL: http://10.100.12.131:6969/api/mrp.production/search_read
BODY: {'domain': [['product_qty', '>', 1000]], 'order': 'date_start desc', 'limit': 10, 'fields': ['name', 'date_planned_start', 'date_planned_finished', 'product_id', 'product_qty', 'product_uom_id', 'availability', 'routing_id', 'state'], 'groupby': []}

===== RICHIESTA PORTANT =====
URL: http://10.100.12.131:6969/api/mrp.production/search_read
METHOD: POST
BODY: {'domain': [['product_qty', '>', 1000]], 'order': 'date_start desc', 'limit': 10, 'fields': ['name', 'date_planned_start', 'date_planned_finished', 'product_id', 'product_qty', 'product_uom_id', 'availability', 'routing_id', 'state'], 'groupby': []}

===== RISPOSTA PORTANT =====
HTTP STATUS: 200

===== Portant NORMALIZED RESULT =====
TYPE: records
COUNT: 362
TOTAL RECORDS: 362
RETURNED RECORDS: 10
LIMIT: 10
OFFSET: 0
PAGES: 36
HAS MORE: True

===== EXPERIENCE MEMORY =====
STATUS: SUCCESS
REQUEST: Di questi dimmi quali hanno una quantità superiore a 1000
MODEL: mrp.production
METHOD: search_read

===== MULTI Portant COMPLETE =====
RESULTS: 1
SUCCESS: 1
FAILED: 0

===== ODOO EXECUTION SUCCESS =====
PLANNER ATTEMPT: 2

===== GRAPH ROUTE ODOO =====
EXECUTION FAILED: False
ROUTE: response

===== RESPONSE AGENT =====

===== MULTI QUERY RESPONSE DATA =====
TOTAL REQUESTS: 1
SUCCESS: 1
FAILED: 0
RECORDS AVAILABLE FROM ODOO: 10
RECORDS SENT TO RESPONSE LLM: 10

===== RESPONSE RESULT =====
Ho trovato 362 ordini con una quantità superiore a 1000. Ecco i 10 più recenti:

| # | Nome | Quantità |
|---|---------------------|-------------|
| 1 | MO/2600134 | 25.440 |
| 2 | MO/2600137 | 10.600 |
| 3 | MO/2602028 | 75.360 |
| 4 | MO/2600224 | 15.720 |
| 5 | MO/2600225 | 15.720 |
| 6 | MO/2600238 | 15.720 |
| 7 | MO/2600239 | 15.720 |
| 8 | MO/2600252 | 15.720 |
| 9 | MO/2600253 | 15.720 |
| 10 | MO/2600266 | 15.720 |

===== SALVATAGGIO MEMORIA PORTANT =====
USER ID: 1
DATABASE: DM-PLF001-TIPREGO
CONVERSATION ID: 60f48c79-9124-458a-9e96-f07f4add063e
RECORD LINKS: [{'id': 385, 'model': 'mrp.production', 'label': 'MO/2600134', 'url': 'http://10.100.12.131:6969/web#id=385&model=mrp.production&view_type=form'}, {'id': 388, 'model': 'mrp.production', 'label': 'MO/2600137', 'url': 'http://10.100.12.131:6969/web#id=388&model=mrp.production&view_type=form'}, {'id': 2279, 'model': 'mrp.production', 'label': 'MO/2602028', 'url': 'http://10.100.12.131:6969/web#id=2279&model=mrp.production&view_type=form'}, {'id': 475, 'model': 'mrp.production', 'label': 'MO/2600224', 'url': 'http://10.100.12.131:6969/web#id=475&model=mrp.production&view_type=form'}, {'id': 476, 'model': 'mrp.production', 'label': 'MO/2600225', 'url': 'http://10.100.12.131:6969/web#id=476&model=mrp.production&view_type=form'}, {'id': 489, 'model': 'mrp.production', 'label': 'MO/2600238', 'url': 'http://10.100.12.131:6969/web#id=489&model=mrp.production&view_type=form'}, {'id': 490, 'model': 'mrp.production', 'label': 'MO/2600239', 'url': 'http://10.100.12.131:6969/web#id=490&model=mrp.production&view_type=form'}, {'id': 503, 'model': 'mrp.production', 'label': 'MO/2600252', 'url': 'http://10.100.12.131:6969/web#id=503&model=mrp.production&view_type=form'}, {'id': 504, 'model': 'mrp.production', 'label': 'MO/2600253', 'url': 'http://10.100.12.131:6969/web#id=504&model=mrp.production&view_type=form'}, {'id': 517, 'model': 'mrp.production', 'label': 'MO/2600266', 'url': 'http://10.100.12.131:6969/web#id=517&model=mrp.production&view_type=form'}]
CHART PAYLOAD: None
OPERATIONAL CONTEXT: {'version': 1, 'request': 'Di questi dimmi quali hanno una quantità superiore a 1000', 'results': [{'request': 'Di questi dimmi quali hanno una quantità superiore a 1000', 'model': 'mrp.production', 'method': 'search_read', 'params': {'domain': [['product_qty', '>', 1000]], 'order': 'date_start desc', 'limit': 10, 'fields': ['name', 'date_planned_start', 'date_planned_finished', 'product_id', 'product_qty', 'product_uom_id', 'availability', 'routing_id', 'state'], 'groupby': []}, 'type': 'records', 'records': [{'id': 385, 'name': 'MO/2600134', 'date_planned_start': '2026-02-02 23:53:01', 'date_planned_finished': '2026-02-03 06:06:24', 'product_id': [214358, '[S106002499] PF 584 CP S "ULF"'], 'product_qty': 25440.0, 'product_uom_id': [20, 'MQ'], 'availability': 'none', 'routing_id': False, 'state': 'cancel'}, {'id': 388, 'name': 'MO/2600137', 'date_planned_start': '2026-02-03 06:06:24', 'date_planned_finished': '2026-02-03 08:38:31', 'product_id': [216352, "[S106005223] PF 581 CP S 'ULF'"], 'product_qty': 10600.0, 'product_uom_id': [20, 'MQ'], 'availability': 'none', 'routing_id': False, 'state': 'cancel'}, {'id': 2279, 'name': 'MO/2602028', 'date_planned_start': '2026-02-23 03:41:13', 'date_planned_finished': '2026-02-23 21:38:49', 'product_id': [214552, "[S157005242] PF 84 CP S 'ULF'"], 'product_qty': 75360.0, 'product_uom_id': [20, 'MQ'], 'availability': 'none', 'routing_id': False, 'state': 'planned'}, {'id': 475, 'name': 'MO/2600224', 'date_planned_start': '2026-02-11 12:49:16', 'date_planned_finished': '2026-02-11 14:41:08', 'product_id': [216306, "[S131005401] PF 564 CP/80 'XTRUSION' COMBI"], 'product_qty': 15720.0, 'product_uom_id': [20, 'MQ'], 'availability': 'none', 'routing_id': False, 'state': 'planned'}, {'id': 476, 'name': 'MO/2600225', 'date_planned_start': '2026-02-11 14:41:08', 'date_planned_finished': '2026-02-11 16:33:00', 'product_id': [216306, "[S131005401] PF 564 CP/80 'XTRUSION' COMBI"], 'product_qty': 15720.0, 'product_uom_id': [20, 'MQ'], 'availability': 'none', 'routing_id': False, 'state': 'planned'}, {'id': 489, 'name': 'MO/2600238', 'date_planned_start': '2026-02-11 12:49:16', 'date_planned_finished': '2026-02-11 14:41:08', 'product_id': [216306, "[S131005401] PF 564 CP/80 'XTRUSION' COMBI"], 'product_qty': 15720.0, 'product_uom_id': [20, 'MQ'], 'availability': 'none', 'routing_id': False, 'state': 'planned'}, {'id': 490, 'name': 'MO/2600239', 'date_planned_start': '2026-02-11 14:41:08', 'date_planned_finished': '2026-02-11 16:33:00', 'product_id': [216306, "[S131005401] PF 564 CP/80 'XTRUSION' COMBI"], 'product_qty': 15720.0, 'product_uom_id': [20, 'MQ'], 'availability': 'none', 'routing_id': False, 'state': 'planned'}, {'id': 503, 'name': 'MO/2600252', 'date_planned_start': '2026-02-11 12:49:16', 'date_planned_finished': '2026-02-11 14:41:08', 'product_id': [216306, "[S131005401] PF 564 CP/80 'XTRUSION' COMBI"], 'product_qty': 15720.0, 'product_uom_id': [20, 'MQ'], 'availability': 'none', 'routing_id': False, 'state': 'planned'}, {'id': 504, 'name': 'MO/2600253', 'date_planned_start': '2026-02-11 14:41:08', 'date_planned_finished': '2026-02-11 16:33:00', 'product_id': [216306, "[S131005401] PF 564 CP/80 'XTRUSION' COMBI"], 'product_qty': 15720.0, 'product_uom_id': [20, 'MQ'], 'availability': 'none', 'routing_id': False, 'state': 'planned'}, {'id': 517, 'name': 'MO/2600266', 'date_planned_start': '2026-02-11 12:49:16', 'date_planned_finished': '2026-02-11 14:41:08', 'product_id': [216306, "[S131005401] PF 564 CP/80 'XTRUSION' COMBI"], 'product_qty': 15720.0, 'product_uom_id': [20, 'MQ'], 'availability': 'none', 'routing_id': False, 'state': 'planned'}], 'aggregation': [], 'count': 362, 'pagination': {'total_records': 362, 'returned_records': 10, 'limit': 10, 'offset': 0, 'pages': 36, 'has_more': True}, 'record_links': [{'id': 385, 'model': 'mrp.production', 'label': 'MO/2600134', 'url': 'http://10.100.12.131:6969/web#id=385&model=mrp.production&view_type=form'}, {'id': 388, 'model': 'mrp.production', 'label': 'MO/2600137', 'url': 'http://10.100.12.131:6969/web#id=388&model=mrp.production&view_type=form'}, {'id': 2279, 'model': 'mrp.production', 'label': 'MO/2602028', 'url': 'http://10.100.12.131:6969/web#id=2279&model=mrp.production&view_type=form'}, {'id': 475, 'model': 'mrp.production', 'label': 'MO/2600224', 'url': 'http://10.100.12.131:6969/web#id=475&model=mrp.production&view_type=form'}, {'id': 476, 'model': 'mrp.production', 'label': 'MO/2600225', 'url': 'http://10.100.12.131:6969/web#id=476&model=mrp.production&view_type=form'}, {'id': 489, 'model': 'mrp.production', 'label': 'MO/2600238', 'url': 'http://10.100.12.131:6969/web#id=489&model=mrp.production&view_type=form'}, {'id': 490, 'model': 'mrp.production', 'label': 'MO/2600239', 'url': 'http://10.100.12.131:6969/web#id=490&model=mrp.production&view_type=form'}, {'id': 503, 'model': 'mrp.production', 'label': 'MO/2600252', 'url': 'http://10.100.12.131:6969/web#id=503&model=mrp.production&view_type=form'}, {'id': 504, 'model': 'mrp.production', 'label': 'MO/2600253', 'url': 'http://10.100.12.131:6969/web#id=504&model=mrp.production&view_type=form'}, {'id': 517, 'model': 'mrp.production', 'label': 'MO/2600266', 'url': 'http://10.100.12.131:6969/web#id=517&model=mrp.production&view_type=form'}]}], 'record_links': [{'id': 385, 'model': 'mrp.production', 'label': 'MO/2600134', 'url': 'http://10.100.12.131:6969/web#id=385&model=mrp.production&view_type=form'}, {'id': 388, 'model': 'mrp.production', 'label': 'MO/2600137', 'url': 'http://10.100.12.131:6969/web#id=388&model=mrp.production&view_type=form'}, {'id': 2279, 'model': 'mrp.production', 'label': 'MO/2602028', 'url': 'http://10.100.12.131:6969/web#id=2279&model=mrp.production&view_type=form'}, {'id': 475, 'model': 'mrp.production', 'label': 'MO/2600224', 'url': 'http://10.100.12.131:6969/web#id=475&model=mrp.production&view_type=form'}, {'id': 476, 'model': 'mrp.production', 'label': 'MO/2600225', 'url': 'http://10.100.12.131:6969/web#id=476&model=mrp.production&view_type=form'}, {'id': 489, 'model': 'mrp.production', 'label': 'MO/2600238', 'url': 'http://10.100.12.131:6969/web#id=489&model=mrp.production&view_type=form'}, {'id': 490, 'model': 'mrp.production', 'label': 'MO/2600239', 'url': 'http://10.100.12.131:6969/web#id=490&model=mrp.production&view_type=form'}, {'id': 503, 'model': 'mrp.production', 'label': 'MO/2600252', 'url': 'http://10.100.12.131:6969/web#id=503&model=mrp.production&view_type=form'}, {'id': 504, 'model': 'mrp.production', 'label': 'MO/2600253', 'url': 'http://10.100.12.131:6969/web#id=504&model=mrp.production&view_type=form'}, {'id': 517, 'model': 'mrp.production', 'label': 'MO/2600266', 'url': 'http://10.100.12.131:6969/web#id=517&model=mrp.production&view_type=form'}]}
USER MESSAGE: Di questi dimmi quali hanno una quantità superiore a 1000
ASSISTANT MESSAGE: Ho trovato 362 ordini con una quantità superiore a 1000. Ecco i 10 più recenti:

| # | Nome | Quantità |
|---|---------------------|-------------|
| 1 | MO/2600134 | 25.440 |
| 2 | MO/2600137 | 10.600 |
| 3 | MO/2602028 | 75.360 |
| 4 | MO/2600224 | 15.720 |
| 5 | MO/2600225 | 15.720 |
| 6 | MO/2600238 | 15.720 |
| 7 | MO/2600239 | 15.720 |
| 8 | MO/2600252 | 15.720 |
| 9 | MO/2600253 | 15.720 |
| 10 | MO/2600266 | 15.720 |
USER MESSAGE SAVED
ASSISTANT MESSAGE SAVED
OPERATIONAL CONTEXT SAVED
MESSAGES CURRENTLY IN DB: 6
 - user : Mostrami gli ultimi 10 ordini di produzione
 - assistant : Ho trovato 367 ordini di produzione. Ecco gli ultimi 10 in base alla data di conclusione pianificata:

| Nome | Prodotto | Quantità | Unità di misura | Data di inizio pianificata | Data di conclusione pianificata |
| --- | --- | ---: | --- | --- | --- |
| MO/2602601 | [S165005412] PF 564 CP/80 'LARSON INTERNATIONAL III' | 35.640 | MQ | 28 marzo 2026 | 28 marzo 2026 |
| MO/2602600 | [S131005294] PF 564 CP 'LASER' COMBI | 5.240 | MQ | 27 marzo 2026 | 28 marzo 2026 |
| MO/2602594 | [S135005464] PF 564 CP 'LASER' COMBI | 32.400 | MQ | 27 marzo 2026 | 27 marzo 2026 |
| MO/2602542 | [S257005057] PF 12/4 WP PV3 MP TRANSPARENT | 92.520 | MQ | 20 marzo 2026 | 20 marzo 2026 |
| MO/2602546 | [S257002304] PF 32/3/70 WP PV2 TRANSP | 15.420 | MQ | 20 marzo 2026 | 20 marzo 2026 |
| MO/2602545 | [S257002304] PF 32/3/70 WP PV2 TRANSP | 15.420 | MQ | 20 marzo 2026 | 20 marzo 2026 |
| MO/2602538 | [S257005507] PF 32/3/70 WP PV2 MP TRANSP | 19.275 | MQ | 20 marzo 2026 | 20 marzo 2026 |
| MO/2602536 | [S257004906] PF 12/4 WP PV3 TRANSPARENT | 30.840 | MQ | 20 marzo 2026 | 20 marzo 2026 |
| MO/2602065 | [S135005630] PF 14 CP/N/60/PLK TRANSP | 270 | MQ | 22 febbraio 2026 | 22 febbraio 2026 |
| MO/2602063 | [S135004459] PFT 14 CP/N/60 V2 PLK 'FENIX DOPPIA FRECCIA' | 27.000 | MQ | 22 febbraio 2026 | 22 febbraio 2026 |
   OPERATIONAL RESULTS: 1
 - user : Di questi dimmi quali hanno una quantità superiore a 1000
 - assistant : Ho trovato 362 record corrispondenti alla tua richiesta. Di seguito ti mostro i primi 10 risultati:

| **Nome**       | **Data Inizio Pianificata** | **Data Fine Pianificata** | **Prodotto**                                          | **Quantità** |
|-----------------|-----------------------------|---------------------------|-------------------------------------------------------|--------------|
| MO/2600134 | 2 febbraio 2026 | 3 febbraio 2026 | [S106002499] PF 584 CP S "ULF"       | 25.440 |
| MO/2600137 | 3 febbraio 2026  | 3 febbraio 2026  | [S106005223] PF 581 CP S 'ULF'       | 10.600 |
| MO/2602028 | 23 febbraio 2026 | 23 febbraio 2026 | [S157005242] PF 84 CP S 'ULF'        | 75.360 |
| MO/2600224 | 11 febbraio 2026 | 11 febbraio 2026 | [S131005401] PF 564 CP/80 'XTRUSION' COMBI | 15.720 |
| MO/2600225 | 11 febbraio 2026 | 11 febbraio 2026 | [S131005401] PF 564 CP/80 'XTRUSION' COMBI | 15.720 |
| MO/2600238 | 11 febbraio 2026 | 11 febbraio 2026 | [S131005401] PF 564 CP/80 'XTRUSION' COMBI | 15.720 |
| MO/2600239 | 11 febbraio 2026 | 11 febbraio 2026 | [S131005401] PF 564 CP/80 'XTRUSION' COMBI | 15.720 |
| MO/2600252 | 11 febbraio 2026 | 11 febbraio 2026 | [S131005401] PF 564 CP/80 'XTRUSION' COMBI | 15.720 |
| MO/2600253 | 11 febbraio 2026 | 11 febbraio 2026 | [S131005401] PF 564 CP/80 'XTRUSION' COMBI | 15.720 |
| MO/2600266 | 11 febbraio 2026 | 11 febbraio 2026 | [S131005401] PF 564 CP/80 'XTRUSION' COMBI | 15.720 |

Tutti questi record hanno una quantità superiore a 1000. Sono disponibili ulteriori risultati se necessario.
   OPERATIONAL RESULTS: 1
 - user : Di questi dimmi quali hanno una quantità superiore a 1000
 - assistant : Ho trovato 362 ordini con una quantità superiore a 1000. Ecco i 10 più recenti:

| # | Nome | Quantità |
|---|---------------------|-------------|
| 1 | MO/2600134 | 25.440 |
| 2 | MO/2600137 | 10.600 |
| 3 | MO/2602028 | 75.360 |
| 4 | MO/2600224 | 15.720 |
| 5 | MO/2600225 | 15.720 |
| 6 | MO/2600238 | 15.720 |
| 7 | MO/2600239 | 15.720 |
| 8 | MO/2600252 | 15.720 |
| 9 | MO/2600253 | 15.720 |
| 10 | MO/2600266 | 15.720 |
   OPERATIONAL RESULTS: 1

===== GRAPH RESULT =====
MESSAGES: 1
CURRENT REQUEST: Di questi dimmi quali hanno una quantità superiore a 1000
SUB_REQUESTS: ['Di questi dimmi quali hanno una quantità superiore a 1000']
SCOPE ALLOWED: True

===== PLAN =====
MODEL: mrp.production
METHOD: search_read
DOMAIN: [['product_qty', '>', 1000]]
FIELDS: ['name', 'date_planned_start', 'date_planned_finished', 'product_id', 'product_qty', 'product_uom_id', 'availability', 'routing_id', 'state']
ORDER: date_start desc
LIMIT: 10

===== ODOO RESULTS SUMMARY =====
QUERIES: 1
--------------------------------------------
INDEX: 1
SUCCESS: True
MODEL: mrp.production
METHOD: search_read
DOMAIN: [['product_qty', '>', 1000]]
RESULT TYPE: records
TOTAL: 362
RETURNED: 10
LIMIT: 10
PAGES: 36
HAS MORE: True
FIRST RECORD: {'id': 385, 'name': 'MO/2600134', 'date_planned_start': '2026-02-02 23:53:01', 'date_planned_finished': '2026-02-03 06:06:24', 'product_id': [214358, '[S106002499] PF 584 CP S "ULF"'], 'product_qty': 25440.0, 'product_uom_id': [20, 'MQ'], 'availability': 'none', 'routing_id': False, 'state': 'cancel'}
SECOND RECORD: {'id': 388, 'name': 'MO/2600137', 'date_planned_start': '2026-02-03 06:06:24', 'date_planned_finished': '2026-02-03 08:38:31', 'product_id': [216352, "[S106005223] PF 581 CP S 'ULF'"], 'product_qty': 10600.0, 'product_uom_id': [20, 'MQ'], 'availability': 'none', 'routing_id': False, 'state': 'cancel'}

===== RESPONSE =====
STATUS: GENERATED
LENGTH: 427
PREVIEW: Ho trovato 362 ordini con una quantità superiore a 1000. Ecco i 10 più recenti:  | # | Nome | Quantità | |---|---------------------|-------------| | 1 | MO/2600134 | 25.440 | | 2 | MO/2600137 | 10.600 | | 3 | MO/2602028 | 75.360 | | 4 | MO/2600224 | 15.720 | | 5 | MO/2600225 | 15.720 | | 6 | MO/2600...

===== CHART ANALYZER =====
SHOULD RENDER: True
TYPE: bar
ORIENTATION: horizontal
TITLE: Top 10 ordini recenti con quantità > 1000
SOURCE INDEX: 0
GROUPING: name
VALUE: product_qty
PALETTE: professional
ANIMATION: dynamic

===== CHART PAYLOAD =====
TYPE: bar
TITLE: Top 10 ordini recenti con quantità > 1000
SOURCE: 1
SOURCE TYPE: records
GROUPING: name
VALUE: product_qty
POINTS: 10
DATA: [{'label': 'MO/2602028', 'value': 75360.0}, {'label': 'MO/2600134', 'value': 25440.0}, {'label': 'MO/2600224', 'value': 15720.0}, {'label': 'MO/2600225', 'value': 15720.0}, {'label': 'MO/2600238', 'value': 15720.0}, {'label': 'MO/2600239', 'value': 15720.0}, {'label': 'MO/2600252', 'value': 15720.0}, {'label': 'MO/2600253', 'value': 15720.0}, {'label': 'MO/2600266', 'value': 15720.0}, {'label': 'MO/2600137', 'value': 10600.0}]
MEMORY UPDATED: True

===== CHAT REQUEST =====
MESSAGE: cosa ti ho chiesto prima?
CONVERSATION: <redacted>

===== ODOO SESSION =====
STATUS: ACTIVE

===== CARICAMENTO MEMORIA PORTANT =====
USER ID: 1
DATABASE: DM-PLF001-TIPREGO
CONVERSATION ID: 60f48c79-9124-458a-9e96-f07f4add063e
MESSAGES LOADED: 6
OPERATIONAL CONTEXTS LOADED: 3
ACTIVE OPERATIONAL CONTEXT RESULTS: 1
 - RESULT 0 MODEL: mrp.production METHOD: search_read RECORDS: 10
FIRST MESSAGE: {'role': 'user', 'content': 'Mostrami gli ultimi 10 ordini di produzione'}
LAST MESSAGE: {'role': 'assistant', 'content': 'Ho trovato 362 ordini con una quantità superiore a 1000. Ecco i 10 più recenti:\n\n| # | Nome | Quantità |\n|---|---------------------|-------------|\n| 1 | MO/2600134 | 25.440 |\n| 2 | MO/2600137 | 10.600 |\n| 3 | MO/2602028 | 75.360 |\n| 4 | MO/2600224 | 15.720 |\n| 5 | MO/2600225 | 15.720 |\n| 6 | MO/2600238 | 15.720 |\n| 7 | MO/2600239 | 15.720 |\n| 8 | MO/2600252 | 15.720 |\n| 9 | MO/2600253 | 15.720 |\n| 10 | MO/2600266 | 15.720 |'}

===== REQUEST SPLITTER NODE =====
INPUT: cosa ti ho chiesto prima?

===== REQUEST SPLITTER =====
INPUT: cosa ti ho chiesto prima?

===== SEMANTIC SCOPE =====
SCOPE: IN_SCOPE
CONFIDENCE: 0.95
CONTINUATION: True
INTENT FAMILY: richiesta_contestuale
CONCEPTS: ['richieste contestuali', 'produzione']
REASON: La richiesta è un riferimento anaforico alla conversazione precedente, chiedendo chiarimento su una richiesta Portant/Odoo già gestita (ordini di produzione).

===== SCOPE DECISION =====
SCOPE: IN_SCOPE
IN SCOPE: True
CONTINUATION: True
CONCEPTS: ['richieste contestuali', 'produzione']
REQUEST COUNT: 1
REQUEST 1: Ricordami la mia richiesta iniziale

===== SCOPE DECISION =====
SCOPE: IN_SCOPE
IN SCOPE: True
CONFIDENCE: 0.95
CONTINUATION: True
INTENT FAMILY: richiesta_contestuale
CONCEPTS: ['richieste contestuali', 'produzione']
REQUEST COUNT: 1
REASON: La richiesta è un riferimento anaforico alla conversazione precedente, chiedendo chiarimento su una richiesta Portant/Odoo già gestita (ordini di produzione).
EVIDENCE: ["Presenza di 'cosa ti ho chiesto prima' che richiama esplicitamente il contesto precedente", "La conversazione recente contiene richieste IN_SCOPE su 'ordini di produzione'", "Il pattern 'riferimento_anaforico' nella knowledge base copre questo tipo di continuità"]
REQUEST 1: Ricordami la mia richiesta iniziale

===== GRAPH ROUTE SCOPE =====
SCOPE: IN_SCOPE
INTENT FAMILY: richiesta_contestuale
CONVERSATIONAL INTENT: False
ROUTE: planner

===== PLANNER SEMANTIC CONTEXT =====
CONCEPTS: [{'concept': 'richieste contestuali', 'queries': []}, {'concept': 'produzione', 'queries': []}]

===== PLANNER ACTIVE OPERATIONAL CONTEXT =====
CONTINUATION: True
CONTEXT MODELS: ['mrp.production']
CONTEXT HISTORY SIZE: 3

===== PLANNER GLOBAL ATTEMPT STATE =====
ATTEMPTS ALREADY CONSUMED: 0
EXECUTION FEEDBACK: []

===== PLANNER PREVIOUS RETRY CONTEXT =====
RETRY HISTORY: []

===== PLANNER TEMPORAL CONTEXT =====
CURRENT DATETIME: 2026-09-22T14:14:43+02:00
CURRENT DATE: 2026-09-22
CURRENT TIME: 14:14:43
TIMEZONE: Europe/Rome
UTC OFFSET: +0200

===== PLANNER OPERATIONAL CONTEXT =====
CONTINUATION: True
CONTEXT MODELS: ['mrp.production']
CONTEXT GROUNDED IDS: {'mrp.production': [385, 388, 2279, 475, 476, 489, 490, 503, 504, 517]}

===== CHIAMATA PORTANT (call_kw) =====
URL: http://10.100.12.131:6969/web/dataset/call_kw/ir.model/search_read
MODELLO: ir.model
METHOD: search_read
ARGS: [[]]
KWARGS: {'fields': ['id', 'model', 'name', 'state'], 'limit': 0, 'order': 'model asc'}

===== RISPOSTA PORTANT (call_kw) =====
HTTP STATUS: 200

===== MODEL SEARCH INDEX =====
QUERY: cosa ti ho chiesto prima?
MODELS LOADED: 475
MATCHED MODELS: 1

===== SEMANTIC QUERY EXPANSION =====
INPUT: cosa ti ho chiesto prima?
QUERIES: ['richieste contestuali', 'produzione']
CONCEPTS: [{'concept': 'richieste contestuali', 'queries': ['richieste contestuali']}, {'concept': 'produzione', 'queries': ['produzione']}]

===== MODEL SEARCH INDEX =====
QUERY: richieste contestuali
MODELS LOADED: 475
MATCHED MODELS: 13

===== MODEL SEARCH INDEX =====
QUERY: produzione
MODELS LOADED: 475
MATCHED MODELS: 1

===== SEMANTIC MODEL CONTEXT =====
REQUEST SEMANTIC CONCEPTS: [{'concept': 'richieste contestuali', 'queries': ['richieste contestuali']}, {'concept': 'produzione', 'queries': ['produzione']}]
MODEL: mrp.workorder.less.production
SEMANTIC QUERIES: ['produzione']
SEMANTIC CONCEPTS: [{'concept': 'produzione', 'queries': ['produzione']}]
REQUEST CONCEPTS: [{'concept': 'richieste contestuali', 'queries': ['richieste contestuali']}, {'concept': 'produzione', 'queries': ['produzione']}]
MODEL: mrp.bc.times.fix.line
SEMANTIC QUERIES: []
SEMANTIC CONCEPTS: []
REQUEST CONCEPTS: [{'concept': 'richieste contestuali', 'queries': ['richieste contestuali']}, {'concept': 'produzione', 'queries': ['produzione']}]
MODEL: base.automation.line.test
SEMANTIC QUERIES: ['richieste contestuali']
SEMANTIC CONCEPTS: [{'concept': 'richieste contestuali', 'queries': ['richieste contestuali']}]
REQUEST CONCEPTS: [{'concept': 'richieste contestuali', 'queries': ['richieste contestuali']}, {'concept': 'produzione', 'queries': ['produzione']}]
MODEL: base.automation.lead.test
SEMANTIC QUERIES: ['richieste contestuali']
SEMANTIC CONCEPTS: [{'concept': 'richieste contestuali', 'queries': ['richieste contestuali']}]
REQUEST CONCEPTS: [{'concept': 'richieste contestuali', 'queries': ['richieste contestuali']}, {'concept': 'produzione', 'queries': ['produzione']}]
MODEL: decimal.precision.test
SEMANTIC QUERIES: ['richieste contestuali']
SEMANTIC CONCEPTS: [{'concept': 'richieste contestuali', 'queries': ['richieste contestuali']}]
REQUEST CONCEPTS: [{'concept': 'richieste contestuali', 'queries': ['richieste contestuali']}, {'concept': 'produzione', 'queries': ['produzione']}]
MODEL: qc.inspection.set.test
SEMANTIC QUERIES: ['richieste contestuali']
SEMANTIC CONCEPTS: [{'concept': 'richieste contestuali', 'queries': ['richieste contestuali']}]
REQUEST CONCEPTS: [{'concept': 'richieste contestuali', 'queries': ['richieste contestuali']}, {'concept': 'produzione', 'queries': ['produzione']}]
MODEL: qc.test
SEMANTIC QUERIES: ['richieste contestuali']
SEMANTIC CONCEPTS: [{'concept': 'richieste contestuali', 'queries': ['richieste contestuali']}]
REQUEST CONCEPTS: [{'concept': 'richieste contestuali', 'queries': ['richieste contestuali']}, {'concept': 'produzione', 'queries': ['produzione']}]
MODEL: qc.test.category
SEMANTIC QUERIES: ['richieste contestuali']
SEMANTIC CONCEPTS: [{'concept': 'richieste contestuali', 'queries': ['richieste contestuali']}]
REQUEST CONCEPTS: [{'concept': 'richieste contestuali', 'queries': ['richieste contestuali']}, {'concept': 'produzione', 'queries': ['produzione']}]

===== SEMANTIC MODEL RESULTS =====
INPUT: cosa ti ho chiesto prima?
 - mrp.workorder.less.production | Termina produzione | score: 16.0
 - mrp.bc.times.fix.line | Riga anteprima correzione fermi BC Times | score: 3.5
 - base.automation.line.test | Action Rule Line Test | score: 2.5
 - base.automation.lead.test | Action Rule Test | score: 2.5
 - decimal.precision.test | decimal.precision.test | score: 2.5
 - qc.inspection.set.test | qc.inspection.set.test | score: 2.5
 - qc.test | Quality control test | score: 2.5
 - qc.test.category | Test category | score: 2.5

===== DYNAMIC MODEL DISCOVERY =====
QUERY: cosa ti ho chiesto prima?
REQUEST SEMANTIC CONCEPTS: [{'concept': 'richieste contestuali', 'queries': []}, {'concept': 'produzione', 'queries': []}]
CANDIDATES:
 - mrp.workorder.less.production | Termina produzione | score: 16.0
   semantic concepts: [{'concept': 'produzione', 'queries': ['produzione']}]
   request concepts: [{'concept': 'richieste contestuali', 'queries': ['richieste contestuali']}, {'concept': 'produzione', 'queries': ['produzione']}]
 - mrp.bc.times.fix.line | Riga anteprima correzione fermi BC Times | score: 3.5
   semantic concepts: []
   request concepts: [{'concept': 'richieste contestuali', 'queries': ['richieste contestuali']}, {'concept': 'produzione', 'queries': ['produzione']}]
 - base.automation.line.test | Action Rule Line Test | score: 2.5
   semantic concepts: [{'concept': 'richieste contestuali', 'queries': ['richieste contestuali']}]
   request concepts: [{'concept': 'richieste contestuali', 'queries': ['richieste contestuali']}, {'concept': 'produzione', 'queries': ['produzione']}]
 - base.automation.lead.test | Action Rule Test | score: 2.5
   semantic concepts: [{'concept': 'richieste contestuali', 'queries': ['richieste contestuali']}]
   request concepts: [{'concept': 'richieste contestuali', 'queries': ['richieste contestuali']}, {'concept': 'produzione', 'queries': ['produzione']}]
 - decimal.precision.test | decimal.precision.test | score: 2.5
   semantic concepts: [{'concept': 'richieste contestuali', 'queries': ['richieste contestuali']}]
   request concepts: [{'concept': 'richieste contestuali', 'queries': ['richieste contestuali']}, {'concept': 'produzione', 'queries': ['produzione']}]
 - qc.inspection.set.test | qc.inspection.set.test | score: 2.5
   semantic concepts: [{'concept': 'richieste contestuali', 'queries': ['richieste contestuali']}]
   request concepts: [{'concept': 'richieste contestuali', 'queries': ['richieste contestuali']}, {'concept': 'produzione', 'queries': ['produzione']}]
 - qc.test | Quality control test | score: 2.5
   semantic concepts: [{'concept': 'richieste contestuali', 'queries': ['richieste contestuali']}]
   request concepts: [{'concept': 'richieste contestuali', 'queries': ['richieste contestuali']}, {'concept': 'produzione', 'queries': ['produzione']}]
 - qc.test.category | Test category | score: 2.5
   semantic concepts: [{'concept': 'richieste contestuali', 'queries': ['richieste contestuali']}]
   request concepts: [{'concept': 'richieste contestuali', 'queries': ['richieste contestuali']}, {'concept': 'produzione', 'queries': ['produzione']}]

===== PLANNER ATTEMPT =====
ATTEMPT: 1 / 4

===== PLANNER ERROR =====
ATTEMPT: 1 / 4
TYPE: OutputParserException
MESSAGE: Invalid json output: La tua richiesta precedente era: "Di questi dimmi quali hanno una quantità superiore a 1000".
For troubleshooting, visit: https://docs.langchain.com/oss/python/langchain/errors/OUTPUT_PARSING_FAILURE 

===== PLANNER ATTEMPT =====
ATTEMPT: 2 / 4

===== PLANNER ERROR =====
ATTEMPT: 2 / 4
TYPE: OutputParserException
MESSAGE: Invalid json output: La tua richiesta precedente era: "Di questi dimmi quali hanno una quantità superiore a 1000".
For troubleshooting, visit: https://docs.langchain.com/oss/python/langchain/errors/OUTPUT_PARSING_FAILURE 

===== PLANNER ATTEMPT =====
ATTEMPT: 3 / 4

===== PLANNER ERROR =====
ATTEMPT: 3 / 4
TYPE: OutputParserException
MESSAGE: Invalid json output: La tua richiesta precedente era: "Di questi dimmi quali hanno una quantità superiore a 1000".
For troubleshooting, visit: https://docs.langchain.com/oss/python/langchain/errors/OUTPUT_PARSING_FAILURE 

===== PLANNER ATTEMPT =====
ATTEMPT: 4 / 4

===== PLANNER ERROR =====
ATTEMPT: 4 / 4
TYPE: OutputParserException
MESSAGE: Invalid json output: La tua richiesta precedente era: "Di questi dimmi quali hanno una quantità superiore a 1000".
For troubleshooting, visit: https://docs.langchain.com/oss/python/langchain/errors/OUTPUT_PARSING_FAILURE 

===== PLANNER EXCEPTIONS EXHAUSTED =====
MAX ATTEMPTS: 4
EXPERIENCE MEMORY FALLBACK REQUIRED

===== PLANNER EXHAUSTED =====
EXPERIENCE MEMORY FALLBACK REQUIRED

===== GRAPH ROUTE PLANNER =====
PLANNER EXHAUSTED: True
ROUTE: experience_memory

===== EXPERIENCE MEMORY FALLBACK =====
REQUEST: cosa ti ho chiesto prima?
SEMANTIC CONCEPTS: ['richieste contestuali', 'produzione']
EXPERIENCES FOUND: 10

===== EXPERIENCE CANDIDATE =====
INDEX: 1
EXPERIENCE ID: exp_effa173d7b904939a2dbd514314b8551
STATUS: success
MODEL: mrp.production
METHOD: search_read

===== CHIAMATA PORTANT (call_kw) =====
URL: http://10.100.12.131:6969/web/dataset/call_kw/mrp.production/fields_view_get
MODELLO: mrp.production
METHOD: fields_view_get
ARGS: []
KWARGS: {'view_type': 'tree', 'toolbar': False, 'submenu': False}

===== RISPOSTA PORTANT (call_kw) =====
HTTP STATUS: 200

===== ODOO TREE VIEW DISCOVERED =====
MODEL: mrp.production
VIEW ID: 706
VIEW STRING: Manufacturing Orders
DEFAULT ORDER: date_planned_start desc
VIEW FIELDS: ['message_needaction', 'name', 'date_planned_start', 'date_planned_finished', 'product_id', 'product_qty', 'product_uom_id', 'availability', 'routing_id', 'origin', 'state']
VISIBLE FIELDS: ['name', 'date_planned_start', 'date_planned_finished', 'product_id', 'product_qty', 'product_uom_id', 'availability', 'routing_id', 'state']

===== CHIAMATA PORTANT (call_kw) =====
URL: http://10.100.12.131:6969/web/dataset/call_kw/mrp.production/fields_view_get
MODELLO: mrp.production
METHOD: fields_view_get
ARGS: []
KWARGS: {'view_type': 'tree', 'toolbar': False, 'submenu': False}

===== RISPOSTA PORTANT (call_kw) =====
HTTP STATUS: 200

===== ODOO TREE VIEW DISCOVERED =====
MODEL: mrp.production
VIEW ID: 706
VIEW STRING: Manufacturing Orders
DEFAULT ORDER: date_planned_start desc
VIEW FIELDS: ['message_needaction', 'name', 'date_planned_start', 'date_planned_finished', 'product_id', 'product_qty', 'product_uom_id', 'availability', 'routing_id', 'origin', 'state']
VISIBLE FIELDS: ['name', 'date_planned_start', 'date_planned_finished', 'product_id', 'product_qty', 'product_uom_id', 'availability', 'routing_id', 'state']

===== EXPERIENCE CANDIDATE ACCEPTED =====
EXPERIENCE ID: exp_effa173d7b904939a2dbd514314b8551
MODEL: mrp.production
METHOD: search_read
REASON: historical solution compatible with current Odoo metadata

===== GRAPH ROUTE EXPERIENCE MEMORY =====
VALID HISTORICAL PLAN FOUND
ROUTE: odoo

===== PLANNER EXECUTION ATTEMPT =====
CURRENT ATTEMPT: 4

===== MULTI Portant EXECUTION =====
TOTAL PLANS: 1

============================================
===== Portant QUERY 1 =====
REQUEST: cosa ti ho chiesto prima?
MODEL: mrp.production
METHOD: search_read
Portant DYNAMIC AGENT ESEGUITO

===== ODOO AGENT SEMANTIC CONTEXT =====
DYNAMIC MODEL CANDIDATES: 8
SEMANTIC CONCEPTS: [{'concept': 'richieste contestuali', 'queries': ['richieste contestuali']}, {'concept': 'produzione', 'queries': ['produzione']}]

===== Portant PLAN =====
{'agent': None, 'action': None, 'domain': [], 'parameters': {'model': 'mrp.production', 'method': 'search_read', 'params': {'fields': ['name', 'date_planned_start', 'date_planned_finished', 'product_id', 'product_qty', 'product_uom_id', 'availability', 'routing_id', 'state'], 'groupby': [], 'domain': [], 'orderby': None, 'order': 'id desc'}}}

===== MODEL DISCOVERY =====
MODEL: mrp.production
MODEL FOUND IN STATIC CATALOG
STATIC CATALOG USED ONLY AS MODEL POLICY
LOADING REAL ODOO FIELD METADATA...

===== CHIAMATA PORTANT (call_kw) =====
URL: http://10.100.12.131:6969/web/dataset/call_kw/mrp.production/fields_view_get
MODELLO: mrp.production
METHOD: fields_view_get
ARGS: []
KWARGS: {'view_type': 'tree', 'toolbar': False, 'submenu': False}

===== RISPOSTA PORTANT (call_kw) =====
HTTP STATUS: 200

===== ODOO TREE VIEW DISCOVERED =====
MODEL: mrp.production
VIEW ID: 706
VIEW STRING: Manufacturing Orders
DEFAULT ORDER: date_planned_start desc
VIEW FIELDS: ['message_needaction', 'name', 'date_planned_start', 'date_planned_finished', 'product_id', 'product_qty', 'product_uom_id', 'availability', 'routing_id', 'origin', 'state']
VISIBLE FIELDS: ['name', 'date_planned_start', 'date_planned_finished', 'product_id', 'product_qty', 'product_uom_id', 'availability', 'routing_id', 'state']

===== ODOO FIELD METADATA LOADED =====
MODEL: mrp.production
FIELDS: 119

===== DYNAMIC RELATION FIELDS =====
 - activity_type_id | Next Activity Type | relation: mail.activity.type
 - activity_user_id | Responsible | relation: res.users
 - bom_id | Bill of Material | relation: mrp.bom
 - bom_version_id | Bom Version | relation: mrp.bom.versioning
 - company_id | Company | relation: res.company
 - create_uid | Created by | relation: res.users
 - final_lot_id | Lotto/Numero Seriale | relation: stock.production.lot
 - location_dest_id | Finished Products Location | relation: stock.location
 - location_src_id | Raw Materials Location | relation: stock.location
 - material_used | Material Used | relation: stock.move
 - order_line_id | Order Line | relation: sale.order.line
 - parent_production_id | Production that has generated the demand | relation: mrp.production
 - picking_type_id | Operation Type | relation: stock.picking.type
 - procurement_group_id | Procurement Group | relation: procurement.group
 - product_id | Product | relation: product.product
 - product_tmpl_id | Product Template | relation: product.template
 - product_uom_id | Product Unit of Measure | relation: product.uom
 - production_location_id | Production Location | relation: stock.location
 - routing_id | Routing | relation: mrp.routing
 - routing_tmpl_id | Template | relation: mrp.routing.template
 - sale_order_id | Order Reference | relation: sale.order
 - user_id | Responsible | relation: res.users
 - workcenter_id | Workcenter | relation: mrp.workcenter
 - write_uid | Last Updated by | relation: res.users

===== SEMANTIC FIELD REJECTED =====
SOURCE FIELD: richieste contestuali
REASON: no field contains sufficient direct metadata evidence

===== SEMANTIC CONCEPT KEPT AS CONTEXT =====
CONCEPT: richieste contestuali
REASON: no sufficient metadata-backed field evidence; treated as entity/context concept

===== SEMANTIC FIELD REJECTED =====
SOURCE FIELD: produzione
REASON: no field contains sufficient direct metadata evidence

===== SEMANTIC CONCEPT KEPT AS CONTEXT =====
CONCEPT: produzione
REASON: no sufficient metadata-backed field evidence; treated as entity/context concept
FIELD COMPATIBLE: name -> name | exact technical match
FIELD COMPATIBLE: date_planned_start -> date_planned_start | exact technical match
FIELD COMPATIBLE: date_planned_finished -> date_planned_finished | exact technical match
FIELD COMPATIBLE: product_id -> product_id | exact technical match
FIELD COMPATIBLE: product_qty -> product_qty | exact technical match
FIELD COMPATIBLE: product_uom_id -> product_uom_id | exact technical match
FIELD COMPATIBLE: availability -> availability | exact technical match
FIELD COMPATIBLE: routing_id -> routing_id | exact technical match
FIELD COMPATIBLE: state -> state | exact technical match

===== DYNAMIC MODEL COMPATIBILITY PASSED =====
REQUIRED SEMANTIC CONCEPTS: [{'concept': 'richieste contestuali', 'queries': ['richieste contestuali']}, {'concept': 'produzione', 'queries': ['produzione']}]
REQUIRED FIELD HINTS: ['name', 'date_planned_start', 'date_planned_finished', 'product_id', 'product_qty', 'product_uom_id', 'availability', 'routing_id', 'state']
RESOLVED FIELDS: {'name': 'name', 'date_planned_start': 'date_planned_start', 'date_planned_finished': 'date_planned_finished', 'product_id': 'product_id', 'product_qty': 'product_qty', 'product_uom_id': 'product_uom_id', 'availability': 'availability', 'routing_id': 'routing_id', 'state': 'state'}

===== DYNAMIC HUMAN FIELDS FROM ODOO TREE VIEW =====
TREE VIEW: 706
TREE VIEW STRING: Manufacturing Orders
TREE VIEW FIELDS: ['name', 'date_planned_start', 'date_planned_finished', 'product_id', 'product_qty', 'product_uom_id', 'availability', 'routing_id', 'state']

===== ODOO TREE VIEW PRESENTATION PRIORITY =====
PRESENTATION SOURCE: ODOO TREE VIEW
FIELDS: ['name', 'date_planned_start', 'date_planned_finished', 'product_id', 'product_qty', 'product_uom_id', 'availability', 'routing_id', 'state']

===== FINAL GROUPBY =====
GROUPBY: []

===== ODOO PARAMETERS RESOLVED =====
FIELDS: ['name', 'date_planned_start', 'date_planned_finished', 'product_id', 'product_qty', 'product_uom_id', 'availability', 'routing_id', 'state']
GROUPBY: []
ORDERBY: None
ORDER: id desc
DOMAIN: []

===== VALIDATING Portant PARAMETERS =====

===== VALIDATED PARAMETERS =====
{'model': 'mrp.production', 'method': 'search_read', 'params': {'fields': ['name', 'date_planned_start', 'date_planned_finished', 'product_id', 'product_qty', 'product_uom_id', 'availability', 'routing_id', 'state'], 'groupby': [], 'domain': [], 'orderby': None, 'order': 'id desc'}}

===== FINAL ODOO PARAMETERS =====
MODEL: mrp.production
METHOD: search_read
FIELDS: ['name', 'date_planned_start', 'date_planned_finished', 'product_id', 'product_qty', 'product_uom_id', 'availability', 'routing_id', 'state']
GROUPBY: []
ORDERBY: None
DOMAIN: []

===== Portant REQUEST =====
URL: http://10.100.12.131:6969/api/mrp.production/search_read
BODY: {'fields': ['name', 'date_planned_start', 'date_planned_finished', 'product_id', 'product_qty', 'product_uom_id', 'availability', 'routing_id', 'state'], 'groupby': [], 'domain': [], 'orderby': None, 'order': 'id desc'}

===== RICHIESTA PORTANT =====
URL: http://10.100.12.131:6969/api/mrp.production/search_read
METHOD: POST
BODY: {'fields': ['name', 'date_planned_start', 'date_planned_finished', 'product_id', 'product_qty', 'product_uom_id', 'availability', 'routing_id', 'state'], 'groupby': [], 'domain': [], 'orderby': None, 'order': 'id desc'}

===== RISPOSTA PORTANT =====
HTTP STATUS: 200

===== Portant NORMALIZED RESULT =====
TYPE: records
COUNT: 367
TOTAL RECORDS: 367
RETURNED RECORDS: 367
LIMIT: 0
OFFSET: 0
PAGES: 1
HAS MORE: False

===== EXPERIENCE MEMORY =====
STATUS: SUCCESS
REQUEST: cosa ti ho chiesto prima?
MODEL: mrp.production
METHOD: search_read

===== MULTI Portant COMPLETE =====
RESULTS: 1
SUCCESS: 1
FAILED: 0

===== ODOO EXECUTION SUCCESS =====
PLANNER ATTEMPT: 4

===== GRAPH ROUTE ODOO =====
EXECUTION FAILED: False
ROUTE: response

===== RESPONSE AGENT =====

===== MULTI QUERY RESPONSE DATA =====
TOTAL REQUESTS: 1
SUCCESS: 1
FAILED: 0
RECORDS AVAILABLE FROM ODOO: 367
RECORDS SENT TO RESPONSE LLM: 50

===== RESPONSE RESULT =====
La tua ultima richiesta è stata: "cosa ti ho chiesto prima?".

In precedenza, avevi chiesto di vedere gli ordini di produzione. Ecco un esempio dei dati mostrati:

**Ordine di produzione:** MO/2602605  
**Prodotto:** [S096005653] PF 13 CP/60 PV2 PLK 'VERO CUOIO'  
**Quantità:** 19.200 MQ  
**Stato:** In pausa  

Se hai bisogno di ulteriori dettagli o vuoi fare una nuova richiesta, fammelo sapere!

===== SALVATAGGIO MEMORIA PORTANT =====
USER ID: 1
DATABASE: DM-PLF001-TIPREGO
CONVERSATION ID: 60f48c79-9124-458a-9e96-f07f4add063e
RECORD LINKS: [{'id': 2917, 'model': 'mrp.production', 'label': 'MO/2602605', 'url': 'http://10.100.12.131:6969/web#id=2917&model=mrp.production&view_type=form'}, {'id': 2916, 'model': 'mrp.production', 'label': 'MO/2602604', 'url': 'http://10.100.12.131:6969/web#id=2916&model=mrp.production&view_type=form'}, {'id': 2915, 'model': 'mrp.production', 'label': 'MO/2602603', 'url': 'http://10.100.12.131:6969/web#id=2915&model=mrp.production&view_type=form'}, {'id': 2914, 'model': 'mrp.production', 'label': 'MO/2602602', 'url': 'http://10.100.12.131:6969/web#id=2914&model=mrp.production&view_type=form'}, {'id': 2913, 'model': 'mrp.production', 'label': 'MO/2602601', 'url': 'http://10.100.12.131:6969/web#id=2913&model=mrp.production&view_type=form'}, {'id': 2912, 'model': 'mrp.production', 'label': 'MO/2602600', 'url': 'http://10.100.12.131:6969/web#id=2912&model=mrp.production&view_type=form'}, {'id': 2911, 'model': 'mrp.production', 'label': 'MO/2602599', 'url': 'http://10.100.12.131:6969/web#id=2911&model=mrp.production&view_type=form'}, {'id': 2910, 'model': 'mrp.production', 'label': 'MO/2602598', 'url': 'http://10.100.12.131:6969/web#id=2910&model=mrp.production&view_type=form'}, {'id': 2909, 'model': 'mrp.production', 'label': 'MO/2602597', 'url': 'http://10.100.12.131:6969/web#id=2909&model=mrp.production&view_type=form'}, {'id': 2908, 'model': 'mrp.production', 'label': 'MO/2602596', 'url': 'http://10.100.12.131:6969/web#id=2908&model=mrp.production&view_type=form'}, {'id': 2907, 'model': 'mrp.production', 'label': 'MO/2602595', 'url': 'http://10.100.12.131:6969/web#id=2907&model=mrp.production&view_type=form'}, {'id': 2906, 'model': 'mrp.production', 'label': 'MO/2602594', 'url': 'http://10.100.12.131:6969/web#id=2906&model=mrp.production&view_type=form'}, {'id': 2904, 'model': 'mrp.production', 'label': 'MO/2602592', 'url': 'http://10.100.12.131:6969/web#id=2904&model=mrp.production&view_type=form'}, {'id': 2901, 'model': 'mrp.production', 'label': 'MO/2602589', 'url': 'http://10.100.12.131:6969/web#id=2901&model=mrp.production&view_type=form'}, {'id': 2899, 'model': 'mrp.production', 'label': 'MO/2602587', 'url': 'http://10.100.12.131:6969/web#id=2899&model=mrp.production&view_type=form'}, {'id': 2897, 'model': 'mrp.production', 'label': 'MO/2602585', 'url': 'http://10.100.12.131:6969/web#id=2897&model=mrp.production&view_type=form'}, {'id': 2895, 'model': 'mrp.production', 'label': 'MO/2602583', 'url': 'http://10.100.12.131:6969/web#id=2895&model=mrp.production&view_type=form'}, {'id': 2894, 'model': 'mrp.production', 'label': 'MO/2602582', 'url': 'http://10.100.12.131:6969/web#id=2894&model=mrp.production&view_type=form'}, {'id': 2893, 'model': 'mrp.production', 'label': 'MO/2602581', 'url': 'http://10.100.12.131:6969/web#id=2893&model=mrp.production&view_type=form'}, {'id': 2892, 'model': 'mrp.production', 'label': 'MO/2602580', 'url': 'http://10.100.12.131:6969/web#id=2892&model=mrp.production&view_type=form'}, {'id': 2889, 'model': 'mrp.production', 'label': 'MO/2602577', 'url': 'http://10.100.12.131:6969/web#id=2889&model=mrp.production&view_type=form'}, {'id': 2888, 'model': 'mrp.production', 'label': 'MO/2602576', 'url': 'http://10.100.12.131:6969/web#id=2888&model=mrp.production&view_type=form'}, {'id': 2886, 'model': 'mrp.production', 'label': 'MO/2602574', 'url': 'http://10.100.12.131:6969/web#id=2886&model=mrp.production&view_type=form'}, {'id': 2882, 'model': 'mrp.production', 'label': 'MO/2602570', 'url': 'http://10.100.12.131:6969/web#id=2882&model=mrp.production&view_type=form'}, {'id': 2881, 'model': 'mrp.production', 'label': 'MO/2602569', 'url': 'http://10.100.12.131:6969/web#id=2881&model=mrp.production&view_type=form'}, {'id': 2880, 'model': 'mrp.production', 'label': 'MO/2602568', 'url': 'http://10.100.12.131:6969/web#id=2880&model=mrp.production&view_type=form'}, {'id': 2879, 'model': 'mrp.production', 'label': 'MO/2602567', 'url': 'http://10.100.12.131:6969/web#id=2879&model=mrp.production&view_type=form'}, {'id': 2878, 'model': 'mrp.production', 'label': 'MO/2602566', 'url': 'http://10.100.12.131:6969/web#id=2878&model=mrp.production&view_type=form'}, {'id': 2877, 'model': 'mrp.production', 'label': 'MO/2602565', 'url': 'http://10.100.12.131:6969/web#id=2877&model=mrp.production&view_type=form'}, {'id': 2873, 'model': 'mrp.production', 'label': 'MO/2602561', 'url': 'http://10.100.12.131:6969/web#id=2873&model=mrp.production&view_type=form'}, {'id': 2871, 'model': 'mrp.production', 'label': 'MO/2602559', 'url': 'http://10.100.12.131:6969/web#id=2871&model=mrp.production&view_type=form'}, {'id': 2870, 'model': 'mrp.production', 'label': 'MO/2602558', 'url': 'http://10.100.12.131:6969/web#id=2870&model=mrp.production&view_type=form'}, {'id': 2869, 'model': 'mrp.production', 'label': 'MO/2602557', 'url': 'http://10.100.12.131:6969/web#id=2869&model=mrp.production&view_type=form'}, {'id': 2868, 'model': 'mrp.production', 'label': 'MO/2602556', 'url': 'http://10.100.12.131:6969/web#id=2868&model=mrp.production&view_type=form'}, {'id': 2867, 'model': 'mrp.production', 'label': 'MO/2602555', 'url': 'http://10.100.12.131:6969/web#id=2867&model=mrp.production&view_type=form'}, {'id': 2866, 'model': 'mrp.production', 'label': 'MO/2602554', 'url': 'http://10.100.12.131:6969/web#id=2866&model=mrp.production&view_type=form'}, {'id': 2865, 'model': 'mrp.production', 'label': 'MO/2602553', 'url': 'http://10.100.12.131:6969/web#id=2865&model=mrp.production&view_type=form'}, {'id': 2864, 'model': 'mrp.production', 'label': 'MO/2602552', 'url': 'http://10.100.12.131:6969/web#id=2864&model=mrp.production&view_type=form'}, {'id': 2863, 'model': 'mrp.production', 'label': 'MO/2602551', 'url': 'http://10.100.12.131:6969/web#id=2863&model=mrp.production&view_type=form'}, {'id': 2862, 'model': 'mrp.production', 'label': 'MO/2602550', 'url': 'http://10.100.12.131:6969/web#id=2862&model=mrp.production&view_type=form'}, {'id': 2861, 'model': 'mrp.production', 'label': 'MO/2602549', 'url': 'http://10.100.12.131:6969/web#id=2861&model=mrp.production&view_type=form'}, {'id': 2860, 'model': 'mrp.production', 'label': 'MO/2602548', 'url': 'http://10.100.12.131:6969/web#id=2860&model=mrp.production&view_type=form'}, {'id': 2859, 'model': 'mrp.production', 'label': 'MO/2602547', 'url': 'http://10.100.12.131:6969/web#id=2859&model=mrp.production&view_type=form'}, {'id': 2858, 'model': 'mrp.production', 'label': 'MO/2602546', 'url': 'http://10.100.12.131:6969/web#id=2858&model=mrp.production&view_type=form'}, {'id': 2857, 'model': 'mrp.production', 'label': 'MO/2602545', 'url': 'http://10.100.12.131:6969/web#id=2857&model=mrp.production&view_type=form'}, {'id': 2856, 'model': 'mrp.production', 'label': 'MO/2602544', 'url': 'http://10.100.12.131:6969/web#id=2856&model=mrp.production&view_type=form'}, {'id': 2855, 'model': 'mrp.production', 'label': 'MO/2602543', 'url': 'http://10.100.12.131:6969/web#id=2855&model=mrp.production&view_type=form'}, {'id': 2854, 'model': 'mrp.production', 'label': 'MO/2602542', 'url': 'http://10.100.12.131:6969/web#id=2854&model=mrp.production&view_type=form'}, {'id': 2853, 'model': 'mrp.production', 'label': 'MO/2602541', 'url': 'http://10.100.12.131:6969/web#id=2853&model=mrp.production&view_type=form'}, {'id': 2852, 'model': 'mrp.production', 'label': 'MO/2602540', 'url': 'http://10.100.12.131:6969/web#id=2852&model=mrp.production&view_type=form'}, {'id': 2851, 'model': 'mrp.production', 'label': 'MO/2602539', 'url': 'http://10.100.12.131:6969/web#id=2851&model=mrp.production&view_type=form'}, {'id': 2850, 'model': 'mrp.production', 'label': 'MO/2602538', 'url': 'http://10.100.12.131:6969/web#id=2850&model=mrp.production&view_type=form'}, {'id': 2849, 'model': 'mrp.production', 'label': 'MO/2602537', 'url': 'http://10.100.12.131:6969/web#id=2849&model=mrp.production&view_type=form'}, {'id': 2848, 'model': 'mrp.production', 'label': 'MO/2602536', 'url': 'http://10.100.12.131:6969/web#id=2848&model=mrp.production&view_type=form'}, {'id': 2845, 'model': 'mrp.production', 'label': 'MO/2602533', 'url': 'http://10.100.12.131:6969/web#id=2845&model=mrp.production&view_type=form'}, {'id': 2844, 'model': 'mrp.production', 'label': 'MO/2602532', 'url': 'http://10.100.12.131:6969/web#id=2844&model=mrp.production&view_type=form'}, {'id': 2837, 'model': 'mrp.production', 'label': 'MO/2602525', 'url': 'http://10.100.12.131:6969/web#id=2837&model=mrp.production&view_type=form'}, {'id': 2835, 'model': 'mrp.production', 'label': 'MO/2602523', 'url': 'http://10.100.12.131:6969/web#id=2835&model=mrp.production&view_type=form'}, {'id': 2834, 'model': 'mrp.production', 'label': 'MO/2602522', 'url': 'http://10.100.12.131:6969/web#id=2834&model=mrp.production&view_type=form'}, {'id': 2814, 'model': 'mrp.production', 'label': 'MO/2602502', 'url': 'http://10.100.12.131:6969/web#id=2814&model=mrp.production&view_type=form'}, {'id': 2812, 'model': 'mrp.production', 'label': 'MO/2602500', 'url': 'http://10.100.12.131:6969/web#id=2812&model=mrp.production&view_type=form'}, {'id': 2809, 'model': 'mrp.production', 'label': 'MO/2602497', 'url': 'http://10.100.12.131:6969/web#id=2809&model=mrp.production&view_type=form'}, {'id': 2808, 'model': 'mrp.production', 'label': 'MO/2602496', 'url': 'http://10.100.12.131:6969/web#id=2808&model=mrp.production&view_type=form'}, {'id': 2806, 'model': 'mrp.production', 'label': 'MO/2602494', 'url': 'http://10.100.12.131:6969/web#id=2806&model=mrp.production&view_type=form'}, {'id': 2804, 'model': 'mrp.production', 'label': 'MO/2602492', 'url': 'http://10.100.12.131:6969/web#id=2804&model=mrp.production&view_type=form'}, {'id': 2803, 'model': 'mrp.production', 'label': 'MO/2602491', 'url': 'http://10.100.12.131:6969/web#id=2803&model=mrp.production&view_type=form'}, {'id': 2802, 'model': 'mrp.production', 'label': 'MO/2602490', 'url': 'http://10.100.12.131:6969/web#id=2802&model=mrp.production&view_type=form'}, {'id': 2801, 'model': 'mrp.production', 'label': 'MO/2602489', 'url': 'http://10.100.12.131:6969/web#id=2801&model=mrp.production&view_type=form'}, {'id': 2800, 'model': 'mrp.production', 'label': 'MO/2602488', 'url': 'http://10.100.12.131:6969/web#id=2800&model=mrp.production&view_type=form'}, {'id': 2797, 'model': 'mrp.production', 'label': 'MO/2602485', 'url': 'http://10.100.12.131:6969/web#id=2797&model=mrp.production&view_type=form'}, {'id': 2796, 'model': 'mrp.production', 'label': 'MO/2602484', 'url': 'http://10.100.12.131:6969/web#id=2796&model=mrp.production&view_type=form'}, {'id': 2795, 'model': 'mrp.production', 'label': 'MO/2602483', 'url': 'http://10.100.12.131:6969/web#id=2795&model=mrp.production&view_type=form'}, {'id': 2794, 'model': 'mrp.production', 'label': 'MO/2602482', 'url': 'http://10.100.12.131:6969/web#id=2794&model=mrp.production&view_type=form'}, {'id': 2793, 'model': 'mrp.production', 'label': 'MO/2602481', 'url': 'http://10.100.12.131:6969/web#id=2793&model=mrp.production&view_type=form'}, {'id': 2775, 'model': 'mrp.production', 'label': 'MO/2602463', 'url': 'http://10.100.12.131:6969/web#id=2775&model=mrp.production&view_type=form'}, {'id': 2774, 'model': 'mrp.production', 'label': 'MO/2602462', 'url': 'http://10.100.12.131:6969/web#id=2774&model=mrp.production&view_type=form'}, {'id': 2773, 'model': 'mrp.production', 'label': 'MO/2602461', 'url': 'http://10.100.12.131:6969/web#id=2773&model=mrp.production&view_type=form'}, {'id': 2772, 'model': 'mrp.production', 'label': 'MO/2602460', 'url': 'http://10.100.12.131:6969/web#id=2772&model=mrp.production&view_type=form'}, {'id': 2770, 'model': 'mrp.production', 'label': 'MO/2602458', 'url': 'http://10.100.12.131:6969/web#id=2770&model=mrp.production&view_type=form'}, {'id': 2769, 'model': 'mrp.production', 'label': 'MO/2602457', 'url': 'http://10.100.12.131:6969/web#id=2769&model=mrp.production&view_type=form'}, {'id': 2768, 'model': 'mrp.production', 'label': 'MO/2602456', 'url': 'http://10.100.12.131:6969/web#id=2768&model=mrp.production&view_type=form'}, {'id': 2767, 'model': 'mrp.production', 'label': 'MO/2602455', 'url': 'http://10.100.12.131:6969/web#id=2767&model=mrp.production&view_type=form'}, {'id': 2765, 'model': 'mrp.production', 'label': 'MO/2602453', 'url': 'http://10.100.12.131:6969/web#id=2765&model=mrp.production&view_type=form'}, {'id': 2764, 'model': 'mrp.production', 'label': 'MO/2602452', 'url': 'http://10.100.12.131:6969/web#id=2764&model=mrp.production&view_type=form'}, {'id': 2758, 'model': 'mrp.production', 'label': 'MO/2602446', 'url': 'http://10.100.12.131:6969/web#id=2758&model=mrp.production&view_type=form'}, {'id': 2752, 'model': 'mrp.production', 'label': 'MO/2602440', 'url': 'http://10.100.12.131:6969/web#id=2752&model=mrp.production&view_type=form'}, {'id': 2750, 'model': 'mrp.production', 'label': 'MO/2602438', 'url': 'http://10.100.12.131:6969/web#id=2750&model=mrp.production&view_type=form'}, {'id': 2747, 'model': 'mrp.production', 'label': 'MO/2602435', 'url': 'http://10.100.12.131:6969/web#id=2747&model=mrp.production&view_type=form'}, {'id': 2744, 'model': 'mrp.production', 'label': 'MO/2602432', 'url': 'http://10.100.12.131:6969/web#id=2744&model=mrp.production&view_type=form'}, {'id': 2743, 'model': 'mrp.production', 'label': 'MO/2602431', 'url': 'http://10.100.12.131:6969/web#id=2743&model=mrp.production&view_type=form'}, {'id': 2742, 'model': 'mrp.production', 'label': 'MO/2602430', 'url': 'http://10.100.12.131:6969/web#id=2742&model=mrp.production&view_type=form'}, {'id': 2741, 'model': 'mrp.production', 'label': 'MO/2602429', 'url': 'http://10.100.12.131:6969/web#id=2741&model=mrp.production&view_type=form'}, {'id': 2737, 'model': 'mrp.production', 'label': 'MO/2602425', 'url': 'http://10.100.12.131:6969/web#id=2737&model=mrp.production&view_type=form'}, {'id': 2736, 'model': 'mrp.production', 'label': 'MO/2602424', 'url': 'http://10.100.12.131:6969/web#id=2736&model=mrp.production&view_type=form'}, {'id': 2735, 'model': 'mrp.production', 'label': 'MO/2602423', 'url': 'http://10.100.12.131:6969/web#id=2735&model=mrp.production&view_type=form'}, {'id': 2734, 'model': 'mrp.production', 'label': 'MO/2602422', 'url': 'http://10.100.12.131:6969/web#id=2734&model=mrp.production&view_type=form'}, {'id': 2733, 'model': 'mrp.production', 'label': 'MO/2602421', 'url': 'http://10.100.12.131:6969/web#id=2733&model=mrp.production&view_type=form'}, {'id': 2732, 'model': 'mrp.production', 'label': 'MO/2602420', 'url': 'http://10.100.12.131:6969/web#id=2732&model=mrp.production&view_type=form'}, {'id': 2731, 'model': 'mrp.production', 'label': 'MO/2602419', 'url': 'http://10.100.12.131:6969/web#id=2731&model=mrp.production&view_type=form'}, {'id': 2730, 'model': 'mrp.production', 'label': 'MO/2602418', 'url': 'http://10.100.12.131:6969/web#id=2730&model=mrp.production&view_type=form'}, {'id': 2729, 'model': 'mrp.production', 'label': 'MO/2602417', 'url': 'http://10.100.12.131:6969/web#id=2729&model=mrp.production&view_type=form'}, {'id': 2728, 'model': 'mrp.production', 'label': 'MO/2602416', 'url': 'http://10.100.12.131:6969/web#id=2728&model=mrp.production&view_type=form'}, {'id': 2726, 'model': 'mrp.production', 'label': 'MO/2602414', 'url': 'http://10.100.12.131:6969/web#id=2726&model=mrp.production&view_type=form'}, {'id': 2725, 'model': 'mrp.production', 'label': 'MO/2602413', 'url': 'http://10.100.12.131:6969/web#id=2725&model=mrp.production&view_type=form'}, {'id': 2722, 'model': 'mrp.production', 'label': 'MO/2602410', 'url': 'http://10.100.12.131:6969/web#id=2722&model=mrp.production&view_type=form'}, {'id': 2721, 'model': 'mrp.production', 'label': 'MO/2602409', 'url': 'http://10.100.12.131:6969/web#id=2721&model=mrp.production&view_type=form'}, {'id': 2720, 'model': 'mrp.production', 'label': 'MO/2602408', 'url': 'http://10.100.12.131:6969/web#id=2720&model=mrp.production&view_type=form'}, {'id': 2719, 'model': 'mrp.production', 'label': 'MO/2602407', 'url': 'http://10.100.12.131:6969/web#id=2719&model=mrp.production&view_type=form'}, {'id': 2716, 'model': 'mrp.production', 'label': 'MO/2602404', 'url': 'http://10.100.12.131:6969/web#id=2716&model=mrp.production&view_type=form'}, {'id': 2699, 'model': 'mrp.production', 'label': 'MO/2602387', 'url': 'http://10.100.12.131:6969/web#id=2699&model=mrp.production&view_type=form'}, {'id': 2694, 'model': 'mrp.production', 'label': 'MO/2602382', 'url': 'http://10.100.12.131:6969/web#id=2694&model=mrp.production&view_type=form'}, {'id': 2690, 'model': 'mrp.production', 'label': 'MO/2602378', 'url': 'http://10.100.12.131:6969/web#id=2690&model=mrp.production&view_type=form'}, {'id': 2689, 'model': 'mrp.production', 'label': 'MO/2602377', 'url': 'http://10.100.12.131:6969/web#id=2689&model=mrp.production&view_type=form'}, {'id': 2687, 'model': 'mrp.production', 'label': 'MO/2602375', 'url': 'http://10.100.12.131:6969/web#id=2687&model=mrp.production&view_type=form'}, {'id': 2663, 'model': 'mrp.production', 'label': 'MO/2602351', 'url': 'http://10.100.12.131:6969/web#id=2663&model=mrp.production&view_type=form'}, {'id': 2662, 'model': 'mrp.production', 'label': 'MO/2602350', 'url': 'http://10.100.12.131:6969/web#id=2662&model=mrp.production&view_type=form'}, {'id': 2659, 'model': 'mrp.production', 'label': 'MO/2602347', 'url': 'http://10.100.12.131:6969/web#id=2659&model=mrp.production&view_type=form'}, {'id': 2658, 'model': 'mrp.production', 'label': 'MO/2602346', 'url': 'http://10.100.12.131:6969/web#id=2658&model=mrp.production&view_type=form'}, {'id': 2657, 'model': 'mrp.production', 'label': 'MO/2602345', 'url': 'http://10.100.12.131:6969/web#id=2657&model=mrp.production&view_type=form'}, {'id': 2651, 'model': 'mrp.production', 'label': 'MO/2602339', 'url': 'http://10.100.12.131:6969/web#id=2651&model=mrp.production&view_type=form'}, {'id': 2645, 'model': 'mrp.production', 'label': 'MO/2602333', 'url': 'http://10.100.12.131:6969/web#id=2645&model=mrp.production&view_type=form'}, {'id': 2644, 'model': 'mrp.production', 'label': 'MO/2602332', 'url': 'http://10.100.12.131:6969/web#id=2644&model=mrp.production&view_type=form'}, {'id': 2642, 'model': 'mrp.production', 'label': 'MO/2602330', 'url': 'http://10.100.12.131:6969/web#id=2642&model=mrp.production&view_type=form'}, {'id': 2637, 'model': 'mrp.production', 'label': 'MO/2602325', 'url': 'http://10.100.12.131:6969/web#id=2637&model=mrp.production&view_type=form'}, {'id': 2626, 'model': 'mrp.production', 'label': 'MO/2602314', 'url': 'http://10.100.12.131:6969/web#id=2626&model=mrp.production&view_type=form'}, {'id': 2625, 'model': 'mrp.production', 'label': 'MO/2602313', 'url': 'http://10.100.12.131:6969/web#id=2625&model=mrp.production&view_type=form'}, {'id': 2624, 'model': 'mrp.production', 'label': 'MO/2602312', 'url': 'http://10.100.12.131:6969/web#id=2624&model=mrp.production&view_type=form'}, {'id': 2623, 'model': 'mrp.production', 'label': 'MO/2602311', 'url': 'http://10.100.12.131:6969/web#id=2623&model=mrp.production&view_type=form'}, {'id': 2622, 'model': 'mrp.production', 'label': 'MO/2602310', 'url': 'http://10.100.12.131:6969/web#id=2622&model=mrp.production&view_type=form'}, {'id': 2621, 'model': 'mrp.production', 'label': 'MO/2602309', 'url': 'http://10.100.12.131:6969/web#id=2621&model=mrp.production&view_type=form'}, {'id': 2620, 'model': 'mrp.production', 'label': 'MO/2602308', 'url': 'http://10.100.12.131:6969/web#id=2620&model=mrp.production&view_type=form'}, {'id': 2596, 'model': 'mrp.production', 'label': 'MO/2602284', 'url': 'http://10.100.12.131:6969/web#id=2596&model=mrp.production&view_type=form'}, {'id': 2595, 'model': 'mrp.production', 'label': 'MO/2602283', 'url': 'http://10.100.12.131:6969/web#id=2595&model=mrp.production&view_type=form'}, {'id': 2594, 'model': 'mrp.production', 'label': 'MO/2602282', 'url': 'http://10.100.12.131:6969/web#id=2594&model=mrp.production&view_type=form'}, {'id': 2593, 'model': 'mrp.production', 'label': 'MO/2602281', 'url': 'http://10.100.12.131:6969/web#id=2593&model=mrp.production&view_type=form'}, {'id': 2592, 'model': 'mrp.production', 'label': 'MO/2602280', 'url': 'http://10.100.12.131:6969/web#id=2592&model=mrp.production&view_type=form'}, {'id': 2591, 'model': 'mrp.production', 'label': 'MO/2602279', 'url': 'http://10.100.12.131:6969/web#id=2591&model=mrp.production&view_type=form'}, {'id': 2589, 'model': 'mrp.production', 'label': 'MO/2602277', 'url': 'http://10.100.12.131:6969/web#id=2589&model=mrp.production&view_type=form'}, {'id': 2588, 'model': 'mrp.production', 'label': 'MO/2602276', 'url': 'http://10.100.12.131:6969/web#id=2588&model=mrp.production&view_type=form'}, {'id': 2587, 'model': 'mrp.production', 'label': 'MO/2602275', 'url': 'http://10.100.12.131:6969/web#id=2587&model=mrp.production&view_type=form'}, {'id': 2584, 'model': 'mrp.production', 'label': 'MO/2602272', 'url': 'http://10.100.12.131:6969/web#id=2584&model=mrp.production&view_type=form'}, {'id': 2583, 'model': 'mrp.production', 'label': 'MO/2602271', 'url': 'http://10.100.12.131:6969/web#id=2583&model=mrp.production&view_type=form'}, {'id': 2581, 'model': 'mrp.production', 'label': 'MO/2602269', 'url': 'http://10.100.12.131:6969/web#id=2581&model=mrp.production&view_type=form'}, {'id': 2580, 'model': 'mrp.production', 'label': 'MO/2602268', 'url': 'http://10.100.12.131:6969/web#id=2580&model=mrp.production&view_type=form'}, {'id': 2579, 'model': 'mrp.production', 'label': 'MO/2602267', 'url': 'http://10.100.12.131:6969/web#id=2579&model=mrp.production&view_type=form'}, {'id': 2578, 'model': 'mrp.production', 'label': 'MO/2602266', 'url': 'http://10.100.12.131:6969/web#id=2578&model=mrp.production&view_type=form'}, {'id': 2577, 'model': 'mrp.production', 'label': 'MO/2602265', 'url': 'http://10.100.12.131:6969/web#id=2577&model=mrp.production&view_type=form'}, {'id': 2569, 'model': 'mrp.production', 'label': 'MO/2602257', 'url': 'http://10.100.12.131:6969/web#id=2569&model=mrp.production&view_type=form'}, {'id': 2567, 'model': 'mrp.production', 'label': 'MO/2602255', 'url': 'http://10.100.12.131:6969/web#id=2567&model=mrp.production&view_type=form'}, {'id': 2566, 'model': 'mrp.production', 'label': 'MO/2602254', 'url': 'http://10.100.12.131:6969/web#id=2566&model=mrp.production&view_type=form'}, {'id': 2564, 'model': 'mrp.production', 'label': 'MO/2602252', 'url': 'http://10.100.12.131:6969/web#id=2564&model=mrp.production&view_type=form'}, {'id': 2563, 'model': 'mrp.production', 'label': 'MO/2602251', 'url': 'http://10.100.12.131:6969/web#id=2563&model=mrp.production&view_type=form'}, {'id': 2562, 'model': 'mrp.production', 'label': 'MO/2602250', 'url': 'http://10.100.12.131:6969/web#id=2562&model=mrp.production&view_type=form'}, {'id': 2561, 'model': 'mrp.production', 'label': 'MO/2602249', 'url': 'http://10.100.12.131:6969/web#id=2561&model=mrp.production&view_type=form'}, {'id': 2560, 'model': 'mrp.production', 'label': 'MO/2602248', 'url': 'http://10.100.12.131:6969/web#id=2560&model=mrp.production&view_type=form'}, {'id': 2557, 'model': 'mrp.production', 'label': 'MO/2602245', 'url': 'http://10.100.12.131:6969/web#id=2557&model=mrp.production&view_type=form'}, {'id': 2555, 'model': 'mrp.production', 'label': 'MO/2602243', 'url': 'http://10.100.12.131:6969/web#id=2555&model=mrp.production&view_type=form'}, {'id': 2554, 'model': 'mrp.production', 'label': 'MO/2602242', 'url': 'http://10.100.12.131:6969/web#id=2554&model=mrp.production&view_type=form'}, {'id': 2552, 'model': 'mrp.production', 'label': 'MO/2602240', 'url': 'http://10.100.12.131:6969/web#id=2552&model=mrp.production&view_type=form'}, {'id': 2549, 'model': 'mrp.production', 'label': 'MO/2602237', 'url': 'http://10.100.12.131:6969/web#id=2549&model=mrp.production&view_type=form'}, {'id': 2548, 'model': 'mrp.production', 'label': 'MO/2602236', 'url': 'http://10.100.12.131:6969/web#id=2548&model=mrp.production&view_type=form'}, {'id': 2547, 'model': 'mrp.production', 'label': 'MO/2602235', 'url': 'http://10.100.12.131:6969/web#id=2547&model=mrp.production&view_type=form'}, {'id': 2546, 'model': 'mrp.production', 'label': 'MO/2602234', 'url': 'http://10.100.12.131:6969/web#id=2546&model=mrp.production&view_type=form'}, {'id': 2545, 'model': 'mrp.production', 'label': 'MO/2602233', 'url': 'http://10.100.12.131:6969/web#id=2545&model=mrp.production&view_type=form'}, {'id': 2544, 'model': 'mrp.production', 'label': 'MO/2602232', 'url': 'http://10.100.12.131:6969/web#id=2544&model=mrp.production&view_type=form'}, {'id': 2543, 'model': 'mrp.production', 'label': 'MO/2602231', 'url': 'http://10.100.12.131:6969/web#id=2543&model=mrp.production&view_type=form'}, {'id': 2542, 'model': 'mrp.production', 'label': 'MO/2602230', 'url': 'http://10.100.12.131:6969/web#id=2542&model=mrp.production&view_type=form'}, {'id': 2541, 'model': 'mrp.production', 'label': 'MO/2602229', 'url': 'http://10.100.12.131:6969/web#id=2541&model=mrp.production&view_type=form'}, {'id': 2540, 'model': 'mrp.production', 'label': 'MO/2602228', 'url': 'http://10.100.12.131:6969/web#id=2540&model=mrp.production&view_type=form'}, {'id': 2539, 'model': 'mrp.production', 'label': 'MO/2602227', 'url': 'http://10.100.12.131:6969/web#id=2539&model=mrp.production&view_type=form'}, {'id': 2538, 'model': 'mrp.production', 'label': 'MO/2602226', 'url': 'http://10.100.12.131:6969/web#id=2538&model=mrp.production&view_type=form'}, {'id': 2537, 'model': 'mrp.production', 'label': 'MO/2602225', 'url': 'http://10.100.12.131:6969/web#id=2537&model=mrp.production&view_type=form'}, {'id': 2536, 'model': 'mrp.production', 'label': 'MO/2602224', 'url': 'http://10.100.12.131:6969/web#id=2536&model=mrp.production&view_type=form'}, {'id': 2535, 'model': 'mrp.production', 'label': 'MO/2602223', 'url': 'http://10.100.12.131:6969/web#id=2535&model=mrp.production&view_type=form'}, {'id': 2534, 'model': 'mrp.production', 'label': 'MO/2602222', 'url': 'http://10.100.12.131:6969/web#id=2534&model=mrp.production&view_type=form'}, {'id': 2533, 'model': 'mrp.production', 'label': 'MO/2602221', 'url': 'http://10.100.12.131:6969/web#id=2533&model=mrp.production&view_type=form'}, {'id': 2515, 'model': 'mrp.production', 'label': 'MO/2602203', 'url': 'http://10.100.12.131:6969/web#id=2515&model=mrp.production&view_type=form'}, {'id': 2514, 'model': 'mrp.production', 'label': 'MO/2602202', 'url': 'http://10.100.12.131:6969/web#id=2514&model=mrp.production&view_type=form'}, {'id': 2513, 'model': 'mrp.production', 'label': 'MO/2602201', 'url': 'http://10.100.12.131:6969/web#id=2513&model=mrp.production&view_type=form'}, {'id': 2512, 'model': 'mrp.production', 'label': 'MO/2602200', 'url': 'http://10.100.12.131:6969/web#id=2512&model=mrp.production&view_type=form'}, {'id': 2507, 'model': 'mrp.production', 'label': 'MO/2602195', 'url': 'http://10.100.12.131:6969/web#id=2507&model=mrp.production&view_type=form'}, {'id': 2503, 'model': 'mrp.production', 'label': 'MO/2602191', 'url': 'http://10.100.12.131:6969/web#id=2503&model=mrp.production&view_type=form'}, {'id': 2483, 'model': 'mrp.production', 'label': 'MO/2602171', 'url': 'http://10.100.12.131:6969/web#id=2483&model=mrp.production&view_type=form'}, {'id': 2481, 'model': 'mrp.production', 'label': 'MO/2602169', 'url': 'http://10.100.12.131:6969/web#id=2481&model=mrp.production&view_type=form'}, {'id': 2480, 'model': 'mrp.production', 'label': 'MO/2602168', 'url': 'http://10.100.12.131:6969/web#id=2480&model=mrp.production&view_type=form'}, {'id': 2477, 'model': 'mrp.production', 'label': 'MO/2602165', 'url': 'http://10.100.12.131:6969/web#id=2477&model=mrp.production&view_type=form'}, {'id': 2471, 'model': 'mrp.production', 'label': 'MO/2602159', 'url': 'http://10.100.12.131:6969/web#id=2471&model=mrp.production&view_type=form'}, {'id': 2464, 'model': 'mrp.production', 'label': 'MO/2602152', 'url': 'http://10.100.12.131:6969/web#id=2464&model=mrp.production&view_type=form'}, {'id': 2447, 'model': 'mrp.production', 'label': 'MO/2602135', 'url': 'http://10.100.12.131:6969/web#id=2447&model=mrp.production&view_type=form'}, {'id': 2446, 'model': 'mrp.production', 'label': 'MO/2602134', 'url': 'http://10.100.12.131:6969/web#id=2446&model=mrp.production&view_type=form'}, {'id': 2445, 'model': 'mrp.production', 'label': 'MO/2602133', 'url': 'http://10.100.12.131:6969/web#id=2445&model=mrp.production&view_type=form'}, {'id': 2444, 'model': 'mrp.production', 'label': 'MO/2602132', 'url': 'http://10.100.12.131:6969/web#id=2444&model=mrp.production&view_type=form'}, {'id': 2443, 'model': 'mrp.production', 'label': 'MO/2602131', 'url': 'http://10.100.12.131:6969/web#id=2443&model=mrp.production&view_type=form'}, {'id': 2442, 'model': 'mrp.production', 'label': 'MO/2602130', 'url': 'http://10.100.12.131:6969/web#id=2442&model=mrp.production&view_type=form'}, {'id': 2441, 'model': 'mrp.production', 'label': 'MO/2602129', 'url': 'http://10.100.12.131:6969/web#id=2441&model=mrp.production&view_type=form'}, {'id': 2440, 'model': 'mrp.production', 'label': 'MO/2602128', 'url': 'http://10.100.12.131:6969/web#id=2440&model=mrp.production&view_type=form'}, {'id': 2436, 'model': 'mrp.production', 'label': 'MO/2602124', 'url': 'http://10.100.12.131:6969/web#id=2436&model=mrp.production&view_type=form'}, {'id': 2434, 'model': 'mrp.production', 'label': 'MO/2602122', 'url': 'http://10.100.12.131:6969/web#id=2434&model=mrp.production&view_type=form'}, {'id': 2430, 'model': 'mrp.production', 'label': 'MO/2602118', 'url': 'http://10.100.12.131:6969/web#id=2430&model=mrp.production&view_type=form'}, {'id': 2422, 'model': 'mrp.production', 'label': 'MO/2602110', 'url': 'http://10.100.12.131:6969/web#id=2422&model=mrp.production&view_type=form'}, {'id': 2417, 'model': 'mrp.production', 'label': 'MO/2602105', 'url': 'http://10.100.12.131:6969/web#id=2417&model=mrp.production&view_type=form'}, {'id': 2413, 'model': 'mrp.production', 'label': 'MO/2602101', 'url': 'http://10.100.12.131:6969/web#id=2413&model=mrp.production&view_type=form'}, {'id': 2412, 'model': 'mrp.production', 'label': 'MO/2602100', 'url': 'http://10.100.12.131:6969/web#id=2412&model=mrp.production&view_type=form'}, {'id': 2411, 'model': 'mrp.production', 'label': 'MO/2602099', 'url': 'http://10.100.12.131:6969/web#id=2411&model=mrp.production&view_type=form'}, {'id': 2410, 'model': 'mrp.production', 'label': 'MO/2602098', 'url': 'http://10.100.12.131:6969/web#id=2410&model=mrp.production&view_type=form'}, {'id': 2409, 'model': 'mrp.production', 'label': 'MO/2602097', 'url': 'http://10.100.12.131:6969/web#id=2409&model=mrp.production&view_type=form'}, {'id': 2404, 'model': 'mrp.production', 'label': 'MO/2602092', 'url': 'http://10.100.12.131:6969/web#id=2404&model=mrp.production&view_type=form'}, {'id': 2403, 'model': 'mrp.production', 'label': 'MO/2602091', 'url': 'http://10.100.12.131:6969/web#id=2403&model=mrp.production&view_type=form'}, {'id': 2402, 'model': 'mrp.production', 'label': 'MO/2602090', 'url': 'http://10.100.12.131:6969/web#id=2402&model=mrp.production&view_type=form'}, {'id': 2400, 'model': 'mrp.production', 'label': 'MO/2602088', 'url': 'http://10.100.12.131:6969/web#id=2400&model=mrp.production&view_type=form'}, {'id': 2399, 'model': 'mrp.production', 'label': 'MO/2602087', 'url': 'http://10.100.12.131:6969/web#id=2399&model=mrp.production&view_type=form'}, {'id': 2395, 'model': 'mrp.production', 'label': 'MO/2602083', 'url': 'http://10.100.12.131:6969/web#id=2395&model=mrp.production&view_type=form'}, {'id': 2392, 'model': 'mrp.production', 'label': 'MO/2602080', 'url': 'http://10.100.12.131:6969/web#id=2392&model=mrp.production&view_type=form'}, {'id': 2391, 'model': 'mrp.production', 'label': 'MO/2602079', 'url': 'http://10.100.12.131:6969/web#id=2391&model=mrp.production&view_type=form'}, {'id': 2387, 'model': 'mrp.production', 'label': 'MO/2602075', 'url': 'http://10.100.12.131:6969/web#id=2387&model=mrp.production&view_type=form'}, {'id': 2385, 'model': 'mrp.production', 'label': 'MO/2602073', 'url': 'http://10.100.12.131:6969/web#id=2385&model=mrp.production&view_type=form'}, {'id': 2383, 'model': 'mrp.production', 'label': 'MO/2602071', 'url': 'http://10.100.12.131:6969/web#id=2383&model=mrp.production&view_type=form'}, {'id': 2379, 'model': 'mrp.production', 'label': 'MO/2602067', 'url': 'http://10.100.12.131:6969/web#id=2379&model=mrp.production&view_type=form'}, {'id': 2378, 'model': 'mrp.production', 'label': 'MO/2602066', 'url': 'http://10.100.12.131:6969/web#id=2378&model=mrp.production&view_type=form'}, {'id': 2360, 'model': 'mrp.production', 'label': 'MO/2602048', 'url': 'http://10.100.12.131:6969/web#id=2360&model=mrp.production&view_type=form'}, {'id': 2359, 'model': 'mrp.production', 'label': 'MO/2602047', 'url': 'http://10.100.12.131:6969/web#id=2359&model=mrp.production&view_type=form'}, {'id': 2358, 'model': 'mrp.production', 'label': 'MO/2602046', 'url': 'http://10.100.12.131:6969/web#id=2358&model=mrp.production&view_type=form'}, {'id': 2357, 'model': 'mrp.production', 'label': 'MO/2602045', 'url': 'http://10.100.12.131:6969/web#id=2357&model=mrp.production&view_type=form'}, {'id': 2356, 'model': 'mrp.production', 'label': 'MO/2602044', 'url': 'http://10.100.12.131:6969/web#id=2356&model=mrp.production&view_type=form'}, {'id': 2355, 'model': 'mrp.production', 'label': 'MO/2602043', 'url': 'http://10.100.12.131:6969/web#id=2355&model=mrp.production&view_type=form'}, {'id': 2350, 'model': 'mrp.production', 'label': 'MO/2602038', 'url': 'http://10.100.12.131:6969/web#id=2350&model=mrp.production&view_type=form'}, {'id': 2349, 'model': 'mrp.production', 'label': 'MO/2602037', 'url': 'http://10.100.12.131:6969/web#id=2349&model=mrp.production&view_type=form'}, {'id': 2347, 'model': 'mrp.production', 'label': 'MO/2602035', 'url': 'http://10.100.12.131:6969/web#id=2347&model=mrp.production&view_type=form'}, {'id': 2346, 'model': 'mrp.production', 'label': 'MO/2602034', 'url': 'http://10.100.12.131:6969/web#id=2346&model=mrp.production&view_type=form'}, {'id': 2345, 'model': 'mrp.production', 'label': 'MO/2602033', 'url': 'http://10.100.12.131:6969/web#id=2345&model=mrp.production&view_type=form'}, {'id': 2344, 'model': 'mrp.production', 'label': 'MO/2602032', 'url': 'http://10.100.12.131:6969/web#id=2344&model=mrp.production&view_type=form'}, {'id': 2342, 'model': 'mrp.production', 'label': 'MO/2602030', 'url': 'http://10.100.12.131:6969/web#id=2342&model=mrp.production&view_type=form'}, {'id': 2334, 'model': 'mrp.production', 'label': 'MO/2602022', 'url': 'http://10.100.12.131:6969/web#id=2334&model=mrp.production&view_type=form'}, {'id': 2333, 'model': 'mrp.production', 'label': 'MO/2602021', 'url': 'http://10.100.12.131:6969/web#id=2333&model=mrp.production&view_type=form'}, {'id': 2332, 'model': 'mrp.production', 'label': 'MO/2602020', 'url': 'http://10.100.12.131:6969/web#id=2332&model=mrp.production&view_type=form'}, {'id': 2331, 'model': 'mrp.production', 'label': 'MO/2602019', 'url': 'http://10.100.12.131:6969/web#id=2331&model=mrp.production&view_type=form'}, {'id': 2330, 'model': 'mrp.production', 'label': 'MO/2602018', 'url': 'http://10.100.12.131:6969/web#id=2330&model=mrp.production&view_type=form'}, {'id': 2329, 'model': 'mrp.production', 'label': 'MO/2602017', 'url': 'http://10.100.12.131:6969/web#id=2329&model=mrp.production&view_type=form'}, {'id': 2328, 'model': 'mrp.production', 'label': 'MO/2602016', 'url': 'http://10.100.12.131:6969/web#id=2328&model=mrp.production&view_type=form'}, {'id': 2327, 'model': 'mrp.production', 'label': 'MO/2602015', 'url': 'http://10.100.12.131:6969/web#id=2327&model=mrp.production&view_type=form'}, {'id': 2326, 'model': 'mrp.production', 'label': 'MO/2602014', 'url': 'http://10.100.12.131:6969/web#id=2326&model=mrp.production&view_type=form'}, {'id': 2325, 'model': 'mrp.production', 'label': 'MO/2602013', 'url': 'http://10.100.12.131:6969/web#id=2325&model=mrp.production&view_type=form'}, {'id': 2324, 'model': 'mrp.production', 'label': 'MO/2602012', 'url': 'http://10.100.12.131:6969/web#id=2324&model=mrp.production&view_type=form'}, {'id': 2323, 'model': 'mrp.production', 'label': 'MO/2602011', 'url': 'http://10.100.12.131:6969/web#id=2323&model=mrp.production&view_type=form'}, {'id': 2322, 'model': 'mrp.production', 'label': 'MO/2602010', 'url': 'http://10.100.12.131:6969/web#id=2322&model=mrp.production&view_type=form'}, {'id': 2320, 'model': 'mrp.production', 'label': 'MO/2602008', 'url': 'http://10.100.12.131:6969/web#id=2320&model=mrp.production&view_type=form'}, {'id': 2319, 'model': 'mrp.production', 'label': 'MO/2602007', 'url': 'http://10.100.12.131:6969/web#id=2319&model=mrp.production&view_type=form'}, {'id': 2318, 'model': 'mrp.production', 'label': 'MO/2602006', 'url': 'http://10.100.12.131:6969/web#id=2318&model=mrp.production&view_type=form'}, {'id': 2317, 'model': 'mrp.production', 'label': 'MO/2602005', 'url': 'http://10.100.12.131:6969/web#id=2317&model=mrp.production&view_type=form'}, {'id': 2316, 'model': 'mrp.production', 'label': 'MO/2602065', 'url': 'http://10.100.12.131:6969/web#id=2316&model=mrp.production&view_type=form'}, {'id': 2314, 'model': 'mrp.production', 'label': 'MO/2602063', 'url': 'http://10.100.12.131:6969/web#id=2314&model=mrp.production&view_type=form'}, {'id': 2308, 'model': 'mrp.production', 'label': 'MO/2602057', 'url': 'http://10.100.12.131:6969/web#id=2308&model=mrp.production&view_type=form'}, {'id': 2307, 'model': 'mrp.production', 'label': 'MO/2602056', 'url': 'http://10.100.12.131:6969/web#id=2307&model=mrp.production&view_type=form'}, {'id': 2306, 'model': 'mrp.production', 'label': 'MO/2602055', 'url': 'http://10.100.12.131:6969/web#id=2306&model=mrp.production&view_type=form'}, {'id': 2302, 'model': 'mrp.production', 'label': 'MO/2602051', 'url': 'http://10.100.12.131:6969/web#id=2302&model=mrp.production&view_type=form'}, {'id': 2279, 'model': 'mrp.production', 'label': 'MO/2602028', 'url': 'http://10.100.12.131:6969/web#id=2279&model=mrp.production&view_type=form'}, {'id': 2255, 'model': 'mrp.production', 'label': 'MO/2602004', 'url': 'http://10.100.12.131:6969/web#id=2255&model=mrp.production&view_type=form'}, {'id': 2254, 'model': 'mrp.production', 'label': 'MO/2602003', 'url': 'http://10.100.12.131:6969/web#id=2254&model=mrp.production&view_type=form'}, {'id': 2253, 'model': 'mrp.production', 'label': 'MO/2602002', 'url': 'http://10.100.12.131:6969/web#id=2253&model=mrp.production&view_type=form'}, {'id': 2250, 'model': 'mrp.production', 'label': 'MO/2601999', 'url': 'http://10.100.12.131:6969/web#id=2250&model=mrp.production&view_type=form'}, {'id': 2249, 'model': 'mrp.production', 'label': 'MO/2601998', 'url': 'http://10.100.12.131:6969/web#id=2249&model=mrp.production&view_type=form'}, {'id': 2240, 'model': 'mrp.production', 'label': 'MO/2601989', 'url': 'http://10.100.12.131:6969/web#id=2240&model=mrp.production&view_type=form'}, {'id': 2239, 'model': 'mrp.production', 'label': 'MO/2601988', 'url': 'http://10.100.12.131:6969/web#id=2239&model=mrp.production&view_type=form'}, {'id': 2238, 'model': 'mrp.production', 'label': 'MO/2601987', 'url': 'http://10.100.12.131:6969/web#id=2238&model=mrp.production&view_type=form'}, {'id': 2237, 'model': 'mrp.production', 'label': 'MO/2601986', 'url': 'http://10.100.12.131:6969/web#id=2237&model=mrp.production&view_type=form'}, {'id': 2236, 'model': 'mrp.production', 'label': 'MO/2601985', 'url': 'http://10.100.12.131:6969/web#id=2236&model=mrp.production&view_type=form'}, {'id': 2227, 'model': 'mrp.production', 'label': 'MO/2601976', 'url': 'http://10.100.12.131:6969/web#id=2227&model=mrp.production&view_type=form'}, {'id': 2225, 'model': 'mrp.production', 'label': 'MO/2601974', 'url': 'http://10.100.12.131:6969/web#id=2225&model=mrp.production&view_type=form'}, {'id': 2224, 'model': 'mrp.production', 'label': 'MO/2601973', 'url': 'http://10.100.12.131:6969/web#id=2224&model=mrp.production&view_type=form'}, {'id': 2205, 'model': 'mrp.production', 'label': 'MO/2601954', 'url': 'http://10.100.12.131:6969/web#id=2205&model=mrp.production&view_type=form'}, {'id': 2204, 'model': 'mrp.production', 'label': 'MO/2601953', 'url': 'http://10.100.12.131:6969/web#id=2204&model=mrp.production&view_type=form'}, {'id': 2197, 'model': 'mrp.production', 'label': 'MO/2601946', 'url': 'http://10.100.12.131:6969/web#id=2197&model=mrp.production&view_type=form'}, {'id': 2196, 'model': 'mrp.production', 'label': 'MO/2601945', 'url': 'http://10.100.12.131:6969/web#id=2196&model=mrp.production&view_type=form'}, {'id': 2195, 'model': 'mrp.production', 'label': 'MO/2601944', 'url': 'http://10.100.12.131:6969/web#id=2195&model=mrp.production&view_type=form'}, {'id': 2194, 'model': 'mrp.production', 'label': 'MO/2601943', 'url': 'http://10.100.12.131:6969/web#id=2194&model=mrp.production&view_type=form'}, {'id': 2090, 'model': 'mrp.production', 'label': 'MO/2601839', 'url': 'http://10.100.12.131:6969/web#id=2090&model=mrp.production&view_type=form'}, {'id': 1138, 'model': 'mrp.production', 'label': 'MO/2600887', 'url': 'http://10.100.12.131:6969/web#id=1138&model=mrp.production&view_type=form'}, {'id': 1137, 'model': 'mrp.production', 'label': 'MO/2600886', 'url': 'http://10.100.12.131:6969/web#id=1137&model=mrp.production&view_type=form'}, {'id': 1136, 'model': 'mrp.production', 'label': 'MO/2600885', 'url': 'http://10.100.12.131:6969/web#id=1136&model=mrp.production&view_type=form'}, {'id': 1135, 'model': 'mrp.production', 'label': 'MO/2600884', 'url': 'http://10.100.12.131:6969/web#id=1135&model=mrp.production&view_type=form'}, {'id': 1134, 'model': 'mrp.production', 'label': 'MO/2600883', 'url': 'http://10.100.12.131:6969/web#id=1134&model=mrp.production&view_type=form'}, {'id': 1133, 'model': 'mrp.production', 'label': 'MO/2600882', 'url': 'http://10.100.12.131:6969/web#id=1133&model=mrp.production&view_type=form'}, {'id': 1132, 'model': 'mrp.production', 'label': 'MO/2600881', 'url': 'http://10.100.12.131:6969/web#id=1132&model=mrp.production&view_type=form'}, {'id': 1131, 'model': 'mrp.production', 'label': 'MO/2600880', 'url': 'http://10.100.12.131:6969/web#id=1131&model=mrp.production&view_type=form'}, {'id': 1130, 'model': 'mrp.production', 'label': 'MO/2600879', 'url': 'http://10.100.12.131:6969/web#id=1130&model=mrp.production&view_type=form'}, {'id': 1129, 'model': 'mrp.production', 'label': 'MO/2600878', 'url': 'http://10.100.12.131:6969/web#id=1129&model=mrp.production&view_type=form'}, {'id': 1128, 'model': 'mrp.production', 'label': 'MO/2600877', 'url': 'http://10.100.12.131:6969/web#id=1128&model=mrp.production&view_type=form'}, {'id': 1127, 'model': 'mrp.production', 'label': 'MO/2600876', 'url': 'http://10.100.12.131:6969/web#id=1127&model=mrp.production&view_type=form'}, {'id': 1126, 'model': 'mrp.production', 'label': 'MO/2600875', 'url': 'http://10.100.12.131:6969/web#id=1126&model=mrp.production&view_type=form'}, {'id': 1125, 'model': 'mrp.production', 'label': 'MO/2600874', 'url': 'http://10.100.12.131:6969/web#id=1125&model=mrp.production&view_type=form'}, {'id': 1124, 'model': 'mrp.production', 'label': 'MO/2600873', 'url': 'http://10.100.12.131:6969/web#id=1124&model=mrp.production&view_type=form'}, {'id': 1123, 'model': 'mrp.production', 'label': 'MO/2600872', 'url': 'http://10.100.12.131:6969/web#id=1123&model=mrp.production&view_type=form'}, {'id': 1122, 'model': 'mrp.production', 'label': 'MO/2600871', 'url': 'http://10.100.12.131:6969/web#id=1122&model=mrp.production&view_type=form'}, {'id': 1089, 'model': 'mrp.production', 'label': 'MO/2600838', 'url': 'http://10.100.12.131:6969/web#id=1089&model=mrp.production&view_type=form'}, {'id': 1088, 'model': 'mrp.production', 'label': 'MO/2600837', 'url': 'http://10.100.12.131:6969/web#id=1088&model=mrp.production&view_type=form'}, {'id': 1082, 'model': 'mrp.production', 'label': 'MO/2600831', 'url': 'http://10.100.12.131:6969/web#id=1082&model=mrp.production&view_type=form'}, {'id': 1064, 'model': 'mrp.production', 'label': 'MO/2600813', 'url': 'http://10.100.12.131:6969/web#id=1064&model=mrp.production&view_type=form'}, {'id': 1058, 'model': 'mrp.production', 'label': 'MO/2600807', 'url': 'http://10.100.12.131:6969/web#id=1058&model=mrp.production&view_type=form'}, {'id': 1043, 'model': 'mrp.production', 'label': 'MO/2600792', 'url': 'http://10.100.12.131:6969/web#id=1043&model=mrp.production&view_type=form'}, {'id': 1033, 'model': 'mrp.production', 'label': 'MO/2600782', 'url': 'http://10.100.12.131:6969/web#id=1033&model=mrp.production&view_type=form'}, {'id': 1003, 'model': 'mrp.production', 'label': 'MO/2600752', 'url': 'http://10.100.12.131:6969/web#id=1003&model=mrp.production&view_type=form'}, {'id': 976, 'model': 'mrp.production', 'label': 'MO/2600725', 'url': 'http://10.100.12.131:6969/web#id=976&model=mrp.production&view_type=form'}, {'id': 970, 'model': 'mrp.production', 'label': 'MO/2600719', 'url': 'http://10.100.12.131:6969/web#id=970&model=mrp.production&view_type=form'}, {'id': 886, 'model': 'mrp.production', 'label': 'MO/2600635', 'url': 'http://10.100.12.131:6969/web#id=886&model=mrp.production&view_type=form'}, {'id': 878, 'model': 'mrp.production', 'label': 'MO/2600627', 'url': 'http://10.100.12.131:6969/web#id=878&model=mrp.production&view_type=form'}, {'id': 852, 'model': 'mrp.production', 'label': 'MO/2600601', 'url': 'http://10.100.12.131:6969/web#id=852&model=mrp.production&view_type=form'}, {'id': 827, 'model': 'mrp.production', 'label': 'MO/2600576', 'url': 'http://10.100.12.131:6969/web#id=827&model=mrp.production&view_type=form'}, {'id': 826, 'model': 'mrp.production', 'label': 'MO/2600575', 'url': 'http://10.100.12.131:6969/web#id=826&model=mrp.production&view_type=form'}, {'id': 823, 'model': 'mrp.production', 'label': 'MO/2600572', 'url': 'http://10.100.12.131:6969/web#id=823&model=mrp.production&view_type=form'}, {'id': 816, 'model': 'mrp.production', 'label': 'MO/2600565', 'url': 'http://10.100.12.131:6969/web#id=816&model=mrp.production&view_type=form'}, {'id': 790, 'model': 'mrp.production', 'label': 'MO/2600539', 'url': 'http://10.100.12.131:6969/web#id=790&model=mrp.production&view_type=form'}, {'id': 783, 'model': 'mrp.production', 'label': 'MO/2600532', 'url': 'http://10.100.12.131:6969/web#id=783&model=mrp.production&view_type=form'}, {'id': 755, 'model': 'mrp.production', 'label': 'MO/2600504', 'url': 'http://10.100.12.131:6969/web#id=755&model=mrp.production&view_type=form'}, {'id': 732, 'model': 'mrp.production', 'label': 'MO/2600481', 'url': 'http://10.100.12.131:6969/web#id=732&model=mrp.production&view_type=form'}, {'id': 711, 'model': 'mrp.production', 'label': 'MO/2600460', 'url': 'http://10.100.12.131:6969/web#id=711&model=mrp.production&view_type=form'}, {'id': 684, 'model': 'mrp.production', 'label': 'MO/2600433', 'url': 'http://10.100.12.131:6969/web#id=684&model=mrp.production&view_type=form'}, {'id': 682, 'model': 'mrp.production', 'label': 'MO/2600431', 'url': 'http://10.100.12.131:6969/web#id=682&model=mrp.production&view_type=form'}, {'id': 653, 'model': 'mrp.production', 'label': 'MO/2600402', 'url': 'http://10.100.12.131:6969/web#id=653&model=mrp.production&view_type=form'}, {'id': 652, 'model': 'mrp.production', 'label': 'MO/2600401', 'url': 'http://10.100.12.131:6969/web#id=652&model=mrp.production&view_type=form'}, {'id': 635, 'model': 'mrp.production', 'label': 'MO/2600384', 'url': 'http://10.100.12.131:6969/web#id=635&model=mrp.production&view_type=form'}, {'id': 551, 'model': 'mrp.production', 'label': 'MO/2600300', 'url': 'http://10.100.12.131:6969/web#id=551&model=mrp.production&view_type=form'}, {'id': 550, 'model': 'mrp.production', 'label': 'MO/2600299', 'url': 'http://10.100.12.131:6969/web#id=550&model=mrp.production&view_type=form'}, {'id': 549, 'model': 'mrp.production', 'label': 'MO/2600298', 'url': 'http://10.100.12.131:6969/web#id=549&model=mrp.production&view_type=form'}, {'id': 544, 'model': 'mrp.production', 'label': 'MO/2600293', 'url': 'http://10.100.12.131:6969/web#id=544&model=mrp.production&view_type=form'}, {'id': 543, 'model': 'mrp.production', 'label': 'MO/2600292', 'url': 'http://10.100.12.131:6969/web#id=543&model=mrp.production&view_type=form'}, {'id': 538, 'model': 'mrp.production', 'label': 'MO/2600287', 'url': 'http://10.100.12.131:6969/web#id=538&model=mrp.production&view_type=form'}, {'id': 536, 'model': 'mrp.production', 'label': 'MO/2600285', 'url': 'http://10.100.12.131:6969/web#id=536&model=mrp.production&view_type=form'}, {'id': 531, 'model': 'mrp.production', 'label': 'MO/2600280', 'url': 'http://10.100.12.131:6969/web#id=531&model=mrp.production&view_type=form'}, {'id': 530, 'model': 'mrp.production', 'label': 'MO/2600279', 'url': 'http://10.100.12.131:6969/web#id=530&model=mrp.production&view_type=form'}, {'id': 518, 'model': 'mrp.production', 'label': 'MO/2600267', 'url': 'http://10.100.12.131:6969/web#id=518&model=mrp.production&view_type=form'}, {'id': 517, 'model': 'mrp.production', 'label': 'MO/2600266', 'url': 'http://10.100.12.131:6969/web#id=517&model=mrp.production&view_type=form'}, {'id': 507, 'model': 'mrp.production', 'label': 'MO/2600256', 'url': 'http://10.100.12.131:6969/web#id=507&model=mrp.production&view_type=form'}, {'id': 504, 'model': 'mrp.production', 'label': 'MO/2600253', 'url': 'http://10.100.12.131:6969/web#id=504&model=mrp.production&view_type=form'}, {'id': 503, 'model': 'mrp.production', 'label': 'MO/2600252', 'url': 'http://10.100.12.131:6969/web#id=503&model=mrp.production&view_type=form'}, {'id': 490, 'model': 'mrp.production', 'label': 'MO/2600239', 'url': 'http://10.100.12.131:6969/web#id=490&model=mrp.production&view_type=form'}, {'id': 489, 'model': 'mrp.production', 'label': 'MO/2600238', 'url': 'http://10.100.12.131:6969/web#id=489&model=mrp.production&view_type=form'}, {'id': 476, 'model': 'mrp.production', 'label': 'MO/2600225', 'url': 'http://10.100.12.131:6969/web#id=476&model=mrp.production&view_type=form'}, {'id': 475, 'model': 'mrp.production', 'label': 'MO/2600224', 'url': 'http://10.100.12.131:6969/web#id=475&model=mrp.production&view_type=form'}, {'id': 466, 'model': 'mrp.production', 'label': 'MO/2600215', 'url': 'http://10.100.12.131:6969/web#id=466&model=mrp.production&view_type=form'}, {'id': 465, 'model': 'mrp.production', 'label': 'MO/2600214', 'url': 'http://10.100.12.131:6969/web#id=465&model=mrp.production&view_type=form'}, {'id': 464, 'model': 'mrp.production', 'label': 'MO/2600213', 'url': 'http://10.100.12.131:6969/web#id=464&model=mrp.production&view_type=form'}, {'id': 463, 'model': 'mrp.production', 'label': 'MO/2600212', 'url': 'http://10.100.12.131:6969/web#id=463&model=mrp.production&view_type=form'}, {'id': 460, 'model': 'mrp.production', 'label': 'MO/2600209', 'url': 'http://10.100.12.131:6969/web#id=460&model=mrp.production&view_type=form'}, {'id': 459, 'model': 'mrp.production', 'label': 'MO/2600208', 'url': 'http://10.100.12.131:6969/web#id=459&model=mrp.production&view_type=form'}, {'id': 458, 'model': 'mrp.production', 'label': 'MO/2600207', 'url': 'http://10.100.12.131:6969/web#id=458&model=mrp.production&view_type=form'}, {'id': 455, 'model': 'mrp.production', 'label': 'MO/2600204', 'url': 'http://10.100.12.131:6969/web#id=455&model=mrp.production&view_type=form'}, {'id': 454, 'model': 'mrp.production', 'label': 'MO/2600203', 'url': 'http://10.100.12.131:6969/web#id=454&model=mrp.production&view_type=form'}, {'id': 451, 'model': 'mrp.production', 'label': 'MO/2600200', 'url': 'http://10.100.12.131:6969/web#id=451&model=mrp.production&view_type=form'}, {'id': 450, 'model': 'mrp.production', 'label': 'MO/2600199', 'url': 'http://10.100.12.131:6969/web#id=450&model=mrp.production&view_type=form'}, {'id': 449, 'model': 'mrp.production', 'label': 'MO/2600198', 'url': 'http://10.100.12.131:6969/web#id=449&model=mrp.production&view_type=form'}, {'id': 433, 'model': 'mrp.production', 'label': 'MO/2600182', 'url': 'http://10.100.12.131:6969/web#id=433&model=mrp.production&view_type=form'}, {'id': 419, 'model': 'mrp.production', 'label': 'MO/2600168', 'url': 'http://10.100.12.131:6969/web#id=419&model=mrp.production&view_type=form'}, {'id': 418, 'model': 'mrp.production', 'label': 'MO/2600167', 'url': 'http://10.100.12.131:6969/web#id=418&model=mrp.production&view_type=form'}, {'id': 416, 'model': 'mrp.production', 'label': 'MO/2600165', 'url': 'http://10.100.12.131:6969/web#id=416&model=mrp.production&view_type=form'}, {'id': 415, 'model': 'mrp.production', 'label': 'MO/2600164', 'url': 'http://10.100.12.131:6969/web#id=415&model=mrp.production&view_type=form'}, {'id': 413, 'model': 'mrp.production', 'label': 'MO/2600162', 'url': 'http://10.100.12.131:6969/web#id=413&model=mrp.production&view_type=form'}, {'id': 412, 'model': 'mrp.production', 'label': 'MO/2600161', 'url': 'http://10.100.12.131:6969/web#id=412&model=mrp.production&view_type=form'}, {'id': 403, 'model': 'mrp.production', 'label': 'MO/2600152', 'url': 'http://10.100.12.131:6969/web#id=403&model=mrp.production&view_type=form'}, {'id': 402, 'model': 'mrp.production', 'label': 'MO/2600151', 'url': 'http://10.100.12.131:6969/web#id=402&model=mrp.production&view_type=form'}, {'id': 401, 'model': 'mrp.production', 'label': 'MO/2600150', 'url': 'http://10.100.12.131:6969/web#id=401&model=mrp.production&view_type=form'}, {'id': 398, 'model': 'mrp.production', 'label': 'MO/2600147', 'url': 'http://10.100.12.131:6969/web#id=398&model=mrp.production&view_type=form'}, {'id': 394, 'model': 'mrp.production', 'label': 'MO/2600143', 'url': 'http://10.100.12.131:6969/web#id=394&model=mrp.production&view_type=form'}, {'id': 390, 'model': 'mrp.production', 'label': 'MO/2600139', 'url': 'http://10.100.12.131:6969/web#id=390&model=mrp.production&view_type=form'}, {'id': 389, 'model': 'mrp.production', 'label': 'MO/2600138', 'url': 'http://10.100.12.131:6969/web#id=389&model=mrp.production&view_type=form'}, {'id': 388, 'model': 'mrp.production', 'label': 'MO/2600137', 'url': 'http://10.100.12.131:6969/web#id=388&model=mrp.production&view_type=form'}, {'id': 386, 'model': 'mrp.production', 'label': 'MO/2600135', 'url': 'http://10.100.12.131:6969/web#id=386&model=mrp.production&view_type=form'}, {'id': 385, 'model': 'mrp.production', 'label': 'MO/2600134', 'url': 'http://10.100.12.131:6969/web#id=385&model=mrp.production&view_type=form'}]
CHART PAYLOAD: None
OPERATIONAL CONTEXT: {'version': 1, 'request': 'cosa ti ho chiesto prima?', 'results': [{'request': 'cosa ti ho chiesto prima?', 'model': 'mrp.production', 'method': 'search_read', 'params': {'fields': ['name', 'date_planned_start', 'date_planned_finished', 'product_id', 'product_qty', 'product_uom_id', 'availability', 'routing_id', 'state'], 'groupby': [], 'domain': [], 'orderby': None, 'order': 'id desc'}, 'type': 'records', 'records': [{'id': 2917, 'name': 'MO/2602605', 'date_planned_start': '2026-03-29 16:18:05', 'date_planned_finished': '2026-03-29 22:56:18', 'product_id': [216493, "[S096005653] PF 13 CP/60 PV2 PLK 'VERO CUOIO'"], 'product_qty': 19200.0, 'product_uom_id': [20, 'MQ'], 'availability': 'none', 'routing_id': False, 'state': 'paused'}, {'id': 2916, 'name': 'MO/2602604', 'date_planned_start': '2026-03-28 12:14:23', 'date_planned_finished': '2026-03-28 16:27:42', 'product_id': [216353, "[S131005224] PF 581 CP S 'ULF'"], 'product_qty': 23580.0, 'product_uom_id': [20, 'MQ'], 'availability': 'none', 'routing_id': False, 'state': 'planned'}, {'id': 2915, 'name': 'MO/2602603', 'date_planned_start': '2026-03-28 08:00:56', 'date_planned_finished': '2026-03-28 12:14:23', 'product_id': [216350, "[S157005225] PF 581 CP S 'ULF'"], 'product_qty': 28260.0, 'product_uom_id': [20, 'MQ'], 'availability': 'none', 'routing_id': False, 'state': 'planned'}, {'id': 2914, 'name': 'MO/2602602', 'date_planned_start': '2026-03-28 16:27:42', 'date_planned_finished': '2026-03-28 16:47:00', 'product_id': [216492, '[TS15700070] FRT0048.087.133P.443-CBD - R&D 15/2023'], 'product_qty': 1570.0, 'product_uom_id': [20, 'MQ'], 'availability': 'none', 'routing_id': False, 'state': 'planned'}, {'id': 2913, 'name': 'MO/2602601', 'date_planned_start': '2026-03-28 00:19:03', 'date_planned_finished': '2026-03-28 08:00:56', 'product_id': [216290, "[S165005412] PF 564 CP/80 'LARSON INTERNATIONAL III'"], 'product_qty': 35640.0, 'product_uom_id': [20, 'MQ'], 'availability': 'none', 'routing_id': False, 'state': 'planned'}, {'id': 2912, 'name': 'MO/2602600', 'date_planned_start': '2026-03-27 23:07:44', 'date_planned_finished': '2026-03-28 00:19:03', 'product_id': [216286, "[S131005294] PF 564 CP 'LASER' COMBI"], 'product_qty': 5240.0, 'product_uom_id': [20, 'MQ'], 'availability': 'none', 'routing_id': False, 'state': 'planned'}, {'id': 2911, 'name': 'MO/2602599', 'date_planned_start': '2026-03-27 02:24:38', 'date_planned_finished': '2026-03-27 16:34:17', 'product_id': [216489, "[S106005581] PF 564 CP 'VOESTALPINE IV' COMBI"], 'product_qty': 42400.0, 'product_uom_id': [20, 'MQ'], 'availability': 'none', 'routing_id': False, 'state': 'paused'}, {'id': 2910, 'name': 'MO/2602598', 'date_planned_start': '2026-03-29 03:32:51', 'date_planned_finished': '2026-03-29 16:18:05', 'product_id': [216491, '[S165005577] PF 584 CP/80 S "ULF BLACK"'], 'product_qty': 59400.0, 'product_uom_id': [20, 'MQ'], 'availability': 'none', 'routing_id': False, 'state': 'paused'}, {'id': 2909, 'name': 'MO/2602597', 'date_planned_start': '2026-03-28 16:47:00', 'date_planned_finished': '2026-03-29 03:32:51', 'product_id': [216490, '[S135005576] PF 584 CP/80 S "ULF BLACK"'], 'product_qty': 48600.0, 'product_uom_id': [20, 'MQ'], 'availability': 'none', 'routing_id': False, 'state': 'paused'}, {'id': 2908, 'name': 'MO/2602596', 'date_planned_start': '2026-03-26 15:00:57', 'date_planned_finished': '2026-03-27 02:24:38', 'product_id': [194696, '[S131003884] PF 584 CP S "ULF"'], 'product_qty': 55020.0, 'product_uom_id': [20, 'MQ'], 'availability': 'none', 'routing_id': False, 'state': 'paused'}, {'id': 2907, 'name': 'MO/2602595', 'date_planned_start': '2026-03-26 09:08:01', 'date_planned_finished': '2026-03-26 15:00:57', 'product_id': [214358, '[S106002499] PF 584 CP S "ULF"'], 'product_qty': 25440.0, 'product_uom_id': [20, 'MQ'], 'availability': 'none', 'routing_id': False, 'state': 'paused'}, {'id': 2906, 'name': 'MO/2602594', 'date_planned_start': '2026-03-27 16:34:17', 'date_planned_finished': '2026-03-27 23:07:44', 'product_id': [216358, "[S135005464] PF 564 CP 'LASER' COMBI"], 'product_qty': 32400.0, 'product_uom_id': [20, 'MQ'], 'availability': 'none', 'routing_id': False, 'state': 'planned'}, {'id': 2904, 'name': 'MO/2602592', 'date_planned_start': '2026-03-24 16:56:14', 'date_planned_finished': '2026-03-25 05:41:53', 'product_id': [214363, '[S157002123] PF 584 CP S "ULF"'], 'product_qty': 56520.0, 'product_uom_id': [20, 'MQ'], 'availability': 'none', 'routing_id': False, 'state': 'paused'}, {'id': 2901, 'name': 'MO/2602589', 'date_planned_start': '2026-03-25 09:39:26', 'date_planned_finished': '2026-03-25 10:29:32', 'product_id': [214358, '[S106002499] PF 584 CP S "ULF"'], 'product_qty': 3180.0, 'product_uom_id': [20, 'MQ'], 'availability': 'none', 'routing_id': False, 'state': 'paused'}, {'id': 2899, 'name': 'MO/2602587', 'date_planned_start': '2026-03-25 05:41:53', 'date_planned_finished': '2026-03-25 09:39:26', 'product_id': [214358, '[S106002499] PF 584 CP S "ULF"'], 'product_qty': 16960.0, 'product_uom_id': [20, 'MQ'], 'availability': 'none', 'routing_id': False, 'state': 'paused'}, {'id': 2897, 'name': 'MO/2602585', 'date_planned_start': '2026-03-26 02:41:55', 'date_planned_finished': '2026-03-26 09:08:01', 'product_id': [214356, '[S106002126] PF 584 CP S "ULF"'], 'product_qty': 19080.0, 'product_uom_id': [20, 'MQ'], 'availability': 'none', 'routing_id': False, 'state': 'paused'}, {'id': 2895, 'name': 'MO/2602583', 'date_planned_start': '2026-03-25 12:02:55', 'date_planned_finished': '2026-03-25 17:55:49', 'product_id': [214358, '[S106002499] PF 584 CP S "ULF"'], 'product_qty': 25440.0, 'product_uom_id': [20, 'MQ'], 'availability': 'none', 'routing_id': False, 'state': 'paused'}, {'id': 2894, 'name': 'MO/2602582', 'date_planned_start': '2026-03-25 22:22:14', 'date_planned_finished': '2026-03-26 02:41:55', 'product_id': [214356, '[S106002126] PF 584 CP S "ULF"'], 'product_qty': 12720.0, 'product_uom_id': [20, 'MQ'], 'availability': 'none', 'routing_id': False, 'state': 'paused'}, {'id': 2893, 'name': 'MO/2602581', 'date_planned_start': '2026-03-25 17:55:49', 'date_planned_finished': '2026-03-25 22:22:14', 'product_id': [214358, '[S106002499] PF 584 CP S "ULF"'], 'product_qty': 19080.0, 'product_uom_id': [20, 'MQ'], 'availability': 'none', 'routing_id': False, 'state': 'paused'}, {'id': 2892, 'name': 'MO/2602580', 'date_planned_start': '2026-03-25 10:29:32', 'date_planned_finished': '2026-03-25 12:02:55', 'product_id': [214358, '[S106002499] PF 584 CP S "ULF"'], 'product_qty': 6360.0, 'product_uom_id': [20, 'MQ'], 'availability': 'none', 'routing_id': False, 'state': 'paused'}, {'id': 2889, 'name': 'MO/2602577', 'date_planned_start': '2026-03-25 01:01:10', 'date_planned_finished': '2026-03-25 07:27:25', 'product_id': [214363, '[S157002123] PF 584 CP S "ULF"'], 'product_qty': 28260.0, 'product_uom_id': [20, 'MQ'], 'availability': 'none', 'routing_id': False, 'state': 'paused'}, {'id': 2888, 'name': 'MO/2602576', 'date_planned_start': '2026-03-23 20:46:16', 'date_planned_finished': '2026-03-24 01:43:12', 'product_id': [194695, '[S131002124] PF 584 CP S "ULF"'], 'product_qty': 23580.0, 'product_uom_id': [20, 'MQ'], 'availability': 'none', 'routing_id': False, 'state': 'paused'}, {'id': 2886, 'name': 'MO/2602574', 'date_planned_start': '2026-03-24 01:43:12', 'date_planned_finished': '2026-03-25 01:01:10', 'product_id': [214363, '[S157002123] PF 584 CP S "ULF"'], 'product_qty': 103620.0, 'product_uom_id': [20, 'MQ'], 'availability': 'none', 'routing_id': False, 'state': 'paused'}, {'id': 2882, 'name': 'MO/2602570', 'date_planned_start': '2026-03-21 12:58:40', 'date_planned_finished': '2026-03-21 13:10:47', 'product_id': [216483, '[S157005679] PF 584 CP/80 S "ULF"'], 'product_qty': 392.5, 'product_uom_id': [20, 'MQ'], 'availability': 'none', 'routing_id': False, 'state': 'paused'}, {'id': 2881, 'name': 'MO/2602569', 'date_planned_start': '2026-03-21 12:20:12', 'date_planned_finished': '2026-03-21 12:58:40', 'product_id': [214393, '[S157001575] PF 584 CP/80 S "ULF"'], 'product_qty': 2355.0, 'product_uom_id': [20, 'MQ'], 'availability': 'none', 'routing_id': False, 'state': 'paused'}, {'id': 2880, 'name': 'MO/2602568', 'date_planned_start': '2026-03-21 04:22:48', 'date_planned_finished': '2026-03-21 08:00:25', 'product_id': [214365, '[S157002534] PF 584 CP S "ULF"'], 'product_qty': 15700.0, 'product_uom_id': [20, 'MQ'], 'availability': 'none', 'routing_id': False, 'state': 'paused'}, {'id': 2879, 'name': 'MO/2602567', 'date_planned_start': '2026-03-21 03:33:48', 'date_planned_finished': '2026-03-21 04:22:48', 'product_id': [214365, '[S157002534] PF 584 CP S "ULF"'], 'product_qty': 3140.0, 'product_uom_id': [20, 'MQ'], 'availability': 'none', 'routing_id': False, 'state': 'paused'}, {'id': 2878, 'name': 'MO/2602566', 'date_planned_start': '2026-03-22 16:55:06', 'date_planned_finished': '2026-03-22 18:38:38', 'product_id': [194696, '[S131003884] PF 584 CP S "ULF"'], 'product_qty': 7860.0, 'product_uom_id': [20, 'MQ'], 'availability': 'none', 'routing_id': False, 'state': 'paused'}, {'id': 2877, 'name': 'MO/2602565', 'date_planned_start': '2026-03-22 06:03:38', 'date_planned_finished': '2026-03-22 16:55:06', 'product_id': [194696, '[S131003884] PF 584 CP S "ULF"'], 'product_qty': 52400.0, 'product_uom_id': [20, 'MQ'], 'availability': 'none', 'routing_id': False, 'state': 'paused'}, {'id': 2873, 'name': 'MO/2602561', 'date_planned_start': '2026-03-21 18:39:56', 'date_planned_finished': '2026-03-22 06:03:38', 'product_id': [194696, '[S131003884] PF 584 CP S "ULF"'], 'product_qty': 55020.0, 'product_uom_id': [20, 'MQ'], 'availability': 'none', 'routing_id': False, 'state': 'paused'}, {'id': 2871, 'name': 'MO/2602559', 'date_planned_start': '2026-03-21 08:00:25', 'date_planned_finished': '2026-03-21 12:20:12', 'product_id': [214365, '[S157002534] PF 584 CP S "ULF"'], 'product_qty': 18840.0, 'product_uom_id': [20, 'MQ'], 'availability': 'none', 'routing_id': False, 'state': 'paused'}, {'id': 2870, 'name': 'MO/2602558', 'date_planned_start': '2026-03-23 04:32:30', 'date_planned_finished': '2026-03-23 20:46:16', 'product_id': [194695, '[S131002124] PF 584 CP S "ULF"'], 'product_qty': 78600.0, 'product_uom_id': [20, 'MQ'], 'availability': 'none', 'routing_id': False, 'state': 'paused'}, {'id': 2869, 'name': 'MO/2602557', 'date_planned_start': '2026-03-22 23:35:34', 'date_planned_finished': '2026-03-23 04:32:30', 'product_id': [194696, '[S131003884] PF 584 CP S "ULF"'], 'product_qty': 23580.0, 'product_uom_id': [20, 'MQ'], 'availability': 'none', 'routing_id': False, 'state': 'paused'}, {'id': 2868, 'name': 'MO/2602556', 'date_planned_start': '2026-03-22 18:38:38', 'date_planned_finished': '2026-03-22 23:35:34', 'product_id': [194696, '[S131003884] PF 584 CP S "ULF"'], 'product_qty': 23580.0, 'product_uom_id': [20, 'MQ'], 'availability': 'none', 'routing_id': False, 'state': 'paused'}, {'id': 2867, 'name': 'MO/2602555', 'date_planned_start': '2026-03-21 13:10:47', 'date_planned_finished': '2026-03-21 18:39:56', 'product_id': [194695, '[S131002124] PF 584 CP S "ULF"'], 'product_qty': 26200.0, 'product_uom_id': [20, 'MQ'], 'availability': 'none', 'routing_id': False, 'state': 'paused'}, {'id': 2866, 'name': 'MO/2602554', 'date_planned_start': '2026-03-17 07:36:09', 'date_planned_finished': '2026-03-17 08:23:20', 'product_id': [216484, '[S208005682] PF 22/4 WP EP BLUE'], 'product_qty': 14040.0, 'product_uom_id': [20, 'MQ'], 'availability': 'none', 'routing_id': False, 'state': 'paused'}, {'id': 2865, 'name': 'MO/2602553', 'date_planned_start': '2026-03-20 07:54:17', 'date_planned_finished': '2026-03-20 08:02:55', 'product_id': [216486, '[S208005680] PF 12/30 WP SA HS TRANSP'], 'product_qty': 1040.0, 'product_uom_id': [20, 'MQ'], 'availability': 'none', 'routing_id': False, 'state': 'planned'}, {'id': 2864, 'name': 'MO/2602552', 'date_planned_start': '2026-03-17 08:23:20', 'date_planned_finished': '2026-03-17 09:18:19', 'product_id': [201285, '[S257001521] PF 12/4/45 WP HS EP TRANSP'], 'product_qty': 20560.0, 'product_uom_id': [20, 'MQ'], 'availability': 'none', 'routing_id': False, 'state': 'paused'}, {'id': 2863, 'name': 'MO/2602551', 'date_planned_start': '2026-03-17 17:42:53', 'date_planned_finished': '2026-03-17 20:06:31', 'product_id': [197075, '[S212001107] PF 12/2/30 WP HS EP V2 TRANSP'], 'product_qty': 57240.0, 'product_uom_id': [20, 'MQ'], 'availability': 'none', 'routing_id': False, 'state': 'paused'}, {'id': 2862, 'name': 'MO/2602550', 'date_planned_start': '2026-03-17 15:19:16', 'date_planned_finished': '2026-03-17 17:42:53', 'product_id': [197075, '[S212001107] PF 12/2/30 WP HS EP V2 TRANSP'], 'product_qty': 57240.0, 'product_uom_id': [20, 'MQ'], 'availability': 'none', 'routing_id': False, 'state': 'paused'}, {'id': 2861, 'name': 'MO/2602549', 'date_planned_start': '2026-03-17 09:18:19', 'date_planned_finished': '2026-03-17 09:39:39', 'product_id': [198332, '[S157001898] PF 12/2/45 WP EP TRANSP'], 'product_qty': 4710.0, 'product_uom_id': [20, 'MQ'], 'availability': 'none', 'routing_id': False, 'state': 'paused'}, {'id': 2860, 'name': 'MO/2602548', 'date_planned_start': '2026-03-17 12:48:25', 'date_planned_finished': '2026-03-17 15:19:16', 'product_id': [197083, '[S245001112] PF 12/2/30 WP HS EP V2 TRANSP'], 'product_qty': 69825.0, 'product_uom_id': [20, 'MQ'], 'availability': 'none', 'routing_id': False, 'state': 'paused'}, {'id': 2859, 'name': 'MO/2602547', 'date_planned_start': '2026-03-19 13:09:48', 'date_planned_finished': '2026-03-19 14:47:13', 'product_id': [198573, '[S208001863] PF 12/28 WP EP HS UV PV2 TRANSP'], 'product_qty': 37440.0, 'product_uom_id': [20, 'MQ'], 'availability': 'none', 'routing_id': False, 'state': 'planned'}, {'id': 2858, 'name': 'MO/2602546', 'date_planned_start': '2026-03-20 12:08:07', 'date_planned_finished': '2026-03-20 12:44:41', 'product_id': [207123, '[S257002304] PF 32/3/70 WP PV2 TRANSP'], 'product_qty': 15420.0, 'product_uom_id': [20, 'MQ'], 'availability': 'none', 'routing_id': False, 'state': 'planned'}, {'id': 2857, 'name': 'MO/2602545', 'date_planned_start': '2026-03-20 11:31:33', 'date_planned_finished': '2026-03-20 12:08:07', 'product_id': [207123, '[S257002304] PF 32/3/70 WP PV2 TRANSP'], 'product_qty': 15420.0, 'product_uom_id': [20, 'MQ'], 'availability': 'none', 'routing_id': False, 'state': 'planned'}, {'id': 2856, 'name': 'MO/2602544', 'date_planned_start': '2026-03-19 14:47:13', 'date_planned_finished': '2026-03-19 19:07:11', 'product_id': [200435, '[S230004055] PF 12/30 WP SA HS TRANSP'], 'product_qty': 115000.0, 'product_uom_id': [20, 'MQ'], 'availability': 'none', 'routing_id': False, 'state': 'planned'}, {'id': 2855, 'name': 'MO/2602543', 'date_planned_start': '2026-03-20 08:02:55', 'date_planned_finished': '2026-03-20 09:40:20', 'product_id': [197449, '[S208001614] PF 12/2/30 WP HS UV MP'], 'product_qty': 37440.0, 'product_uom_id': [20, 'MQ'], 'availability': 'none', 'routing_id': False, 'state': 'planned'}, {'id': 2854, 'name': 'MO/2602542', 'date_planned_start': '2026-03-20 12:44:41', 'date_planned_finished': '2026-03-20 15:53:33', 'product_id': [200624, '[S257005057] PF 12/4 WP PV3 MP TRANSPARENT'], 'product_qty': 92520.0, 'product_uom_id': [20, 'MQ'], 'availability': 'none', 'routing_id': False, 'state': 'planned'}, {'id': 2853, 'name': 'MO/2602541', 'date_planned_start': '2026-03-18 05:21:12', 'date_planned_finished': '2026-03-19 13:09:48', 'product_id': [198515, '[S208002415] PF 12/28 WP EP HS UV MP PV2 TRANSP'], 'product_qty': 780000.0, 'product_uom_id': [20, 'MQ'], 'availability': 'none', 'routing_id': False, 'state': 'progress'}, {'id': 2852, 'name': 'MO/2602540', 'date_planned_start': '2026-03-17 20:06:31', 'date_planned_finished': '2026-03-18 05:21:12', 'product_id': [198526, '[S245002416] PF 12/28 WP EP HS UV MP PV2 TRANSP'], 'product_qty': 264600.0, 'product_uom_id': [20, 'MQ'], 'availability': 'none', 'routing_id': False, 'state': 'paused'}, {'id': 2851, 'name': 'MO/2602539', 'date_planned_start': '2026-03-19 19:07:11', 'date_planned_finished': '2026-03-20 07:54:17', 'product_id': [200430, '[S208004048] PF 12/30 WP SA HS TRANSP'], 'product_qty': 312000.0, 'product_uom_id': [20, 'MQ'], 'availability': 'none', 'routing_id': False, 'state': 'planned'}, {'id': 2850, 'name': 'MO/2602538', 'date_planned_start': '2026-03-20 10:47:22', 'date_planned_finished': '2026-03-20 11:31:33', 'product_id': [216485, '[S257005507] PF 32/3/70 WP PV2 MP TRANSP'], 'product_qty': 19275.0, 'product_uom_id': [20, 'MQ'], 'availability': 'none', 'routing_id': False, 'state': 'planned'}, {'id': 2849, 'name': 'MO/2602537', 'date_planned_start': '2026-03-17 09:39:39', 'date_planned_finished': '2026-03-17 12:48:25', 'product_id': [197667, '[S157002455] PF 12/2/33 WP HS EP UV TRANSP'], 'product_qty': 56520.0, 'product_uom_id': [20, 'MQ'], 'availability': 'none', 'routing_id': False, 'state': 'paused'}, {'id': 2848, 'name': 'MO/2602536', 'date_planned_start': '2026-03-20 09:40:20', 'date_planned_finished': '2026-03-20 10:47:22', 'product_id': [200853, '[S257004906] PF 12/4 WP PV3 TRANSPARENT'], 'product_qty': 30840.0, 'product_uom_id': [20, 'MQ'], 'availability': 'none', 'routing_id': False, 'state': 'planned'}, {'id': 2845, 'name': 'MO/2602533', 'date_planned_start': '2026-03-16 12:11:07', 'date_planned_finished': '2026-03-16 14:35:13', 'product_id': [216472, '[S257005600] PF 27/55 WP LIGHT-GREY'], 'product_qty': 43690.0, 'product_uom_id': [20, 'MQ'], 'availability': 'none', 'routing_id': False, 'state': 'paused'}, {'id': 2844, 'name': 'MO/2602532', 'date_planned_start': '2026-03-16 14:35:13', 'date_planned_finished': '2026-03-16 18:46:48', 'product_id': [206667, '[S208004750] PF 27/55 WP LIGHT-GREY'], 'product_qty': 62712.0, 'product_uom_id': [20, 'MQ'], 'availability': 'none', 'routing_id': False, 'state': 'paused'}, {'id': 2837, 'name': 'MO/2602525', 'date_planned_start': '2026-03-16 18:46:48', 'date_planned_finished': '2026-03-16 20:48:26', 'product_id': [216477, '[S208005612] PF 42/3/70 WP EP MP BLUE'], 'product_qty': 37440.0, 'product_uom_id': [20, 'MQ'], 'availability': 'none', 'routing_id': False, 'state': 'paused'}, {'id': 2835, 'name': 'MO/2602523', 'date_planned_start': '2026-03-17 05:05:31', 'date_planned_finished': '2026-03-17 07:36:09', 'product_id': [206861, '[S245002871] PF 32/3/70 WP EP TRANSP'], 'product_qty': 55125.0, 'product_uom_id': [20, 'MQ'], 'availability': 'none', 'routing_id': False, 'state': 'paused'}, {'id': 2834, 'name': 'MO/2602522', 'date_planned_start': '2026-03-16 20:48:26', 'date_planned_finished': '2026-03-17 05:05:31', 'product_id': [206857, '[S208003498] PF 32/3/70 WP EP TRANSP'], 'product_qty': 159120.0, 'product_uom_id': [20, 'MQ'], 'availability': 'none', 'routing_id': False, 'state': 'paused'}, {'id': 2814, 'name': 'MO/2602502', 'date_planned_start': '2026-03-20 12:41:42', 'date_planned_finished': '2026-03-21 03:33:48', 'product_id': [214365, '[S157002534] PF 584 CP S "ULF"'], 'product_qty': 65940.0, 'product_uom_id': [20, 'MQ'], 'availability': 'none', 'routing_id': False, 'state': 'paused'}, {'id': 2812, 'name': 'MO/2602500', 'date_planned_start': '2026-03-19 13:45:19', 'date_planned_finished': '2026-03-19 18:05:06', 'product_id': [214365, '[S157002534] PF 584 CP S "ULF"'], 'product_qty': 18840.0, 'product_uom_id': [20, 'MQ'], 'availability': 'none', 'routing_id': False, 'state': 'paused'}, {'id': 2809, 'name': 'MO/2602497', 'date_planned_start': '2026-03-19 20:18:25', 'date_planned_finished': '2026-03-19 22:31:45', 'product_id': [214365, '[S157002534] PF 584 CP S "ULF"'], 'product_qty': 9420.0, 'product_uom_id': [20, 'MQ'], 'availability': 'none', 'routing_id': False, 'state': 'paused'}, {'id': 2808, 'name': 'MO/2602496', 'date_planned_start': '2026-03-19 18:05:06', 'date_planned_finished': '2026-03-19 20:18:25', 'product_id': [214365, '[S157002534] PF 584 CP S "ULF"'], 'product_qty': 9420.0, 'product_uom_id': [20, 'MQ'], 'availability': 'none', 'routing_id': False, 'state': 'paused'}, {'id': 2806, 'name': 'MO/2602494', 'date_planned_start': '2026-03-19 22:31:45', 'date_planned_finished': '2026-03-20 12:41:42', 'product_id': [214365, '[S157002534] PF 584 CP S "ULF"'], 'product_qty': 62800.0, 'product_uom_id': [20, 'MQ'], 'availability': 'none', 'routing_id': False, 'state': 'paused'}, {'id': 2804, 'name': 'MO/2602492', 'date_planned_start': '2026-03-19 09:25:32', 'date_planned_finished': '2026-03-19 13:45:19', 'product_id': [214365, '[S157002534] PF 584 CP S "ULF"'], 'product_qty': 18840.0, 'product_uom_id': [20, 'MQ'], 'availability': 'none', 'routing_id': False, 'state': 'paused'}, {'id': 2803, 'name': 'MO/2602491', 'date_planned_start': '2026-03-17 04:25:44', 'date_planned_finished': '2026-03-17 06:39:03', 'product_id': [194691, "[S157005263] PF 564 CP 'STREIFEN+PFEILE' COMBI"], 'product_qty': 9420.0, 'product_uom_id': [20, 'MQ'], 'availability': 'none', 'routing_id': False, 'state': 'paused'}, {'id': 2802, 'name': 'MO/2602490', 'date_planned_start': '2026-03-17 06:39:03', 'date_planned_finished': '2026-03-17 08:22:35', 'product_id': [213588, "[S131005264] PF 564 CP 'STREIFEN+PFEILE' COMBI"], 'product_qty': 7860.0, 'product_uom_id': [20, 'MQ'], 'availability': 'none', 'routing_id': False, 'state': 'paused'}, {'id': 2801, 'name': 'MO/2602489', 'date_planned_start': '2026-03-17 02:52:22', 'date_planned_finished': '2026-03-17 04:25:44', 'product_id': [213587, "[S106005265] PF 564 CP 'STREIFEN+PFEILE' COMBI"], 'product_qty': 6360.0, 'product_uom_id': [20, 'MQ'], 'availability': 'none', 'routing_id': False, 'state': 'paused'}, {'id': 2800, 'name': 'MO/2602488', 'date_planned_start': '2026-03-18 12:14:03', 'date_planned_finished': '2026-03-19 09:25:32', 'product_id': [214365, '[S157002534] PF 584 CP S "ULF"'], 'product_qty': 94200.0, 'product_uom_id': [20, 'MQ'], 'availability': 'none', 'routing_id': False, 'state': 'paused'}, {'id': 2797, 'name': 'MO/2602485', 'date_planned_start': '2026-03-18 05:47:48', 'date_planned_finished': '2026-03-18 12:14:03', 'product_id': [214363, '[S157002123] PF 584 CP S "ULF"'], 'product_qty': 28260.0, 'product_uom_id': [20, 'MQ'], 'availability': 'none', 'routing_id': False, 'state': 'paused'}, {'id': 2796, 'name': 'MO/2602484', 'date_planned_start': '2026-03-16 16:13:25', 'date_planned_finished': '2026-03-17 02:52:22', 'product_id': [216479, "[S106005518] PF 584 CP/80 S 'ABS ULF' "], 'product_qty': 31800.0, 'product_uom_id': [20, 'MQ'], 'availability': 'none', 'routing_id': False, 'state': 'paused'}, {'id': 2795, 'name': 'MO/2602483', 'date_planned_start': '2026-03-18 01:28:01', 'date_planned_finished': '2026-03-18 05:47:48', 'product_id': [214365, '[S157002534] PF 584 CP S "ULF"'], 'product_qty': 18840.0, 'product_uom_id': [20, 'MQ'], 'availability': 'none', 'routing_id': False, 'state': 'paused'}, {'id': 2794, 'name': 'MO/2602482', 'date_planned_start': '2026-03-17 19:01:46', 'date_planned_finished': '2026-03-18 01:28:01', 'product_id': [214365, '[S157002534] PF 584 CP S "ULF"'], 'product_qty': 28260.0, 'product_uom_id': [20, 'MQ'], 'availability': 'none', 'routing_id': False, 'state': 'paused'}, {'id': 2793, 'name': 'MO/2602481', 'date_planned_start': '2026-03-17 08:22:35', 'date_planned_finished': '2026-03-17 19:01:46', 'product_id': [214365, '[S157002534] PF 584 CP S "ULF"'], 'product_qty': 47100.0, 'product_uom_id': [20, 'MQ'], 'availability': 'none', 'routing_id': False, 'state': 'paused'}, {'id': 2775, 'name': 'MO/2602463', 'date_planned_start': '2026-03-15 21:36:42', 'date_planned_finished': '2026-03-16 00:32:11', 'product_id': [214552, "[S157005242] PF 84 CP S 'ULF'"], 'product_qty': 12560.0, 'product_uom_id': [20, 'MQ'], 'availability': 'none', 'routing_id': False, 'state': 'paused'}, {'id': 2774, 'name': 'MO/2602462', 'date_planned_start': '2026-03-15 17:16:55', 'date_planned_finished': '2026-03-15 21:36:42', 'product_id': [214552, "[S157005242] PF 84 CP S 'ULF'"], 'product_qty': 18840.0, 'product_uom_id': [20, 'MQ'], 'availability': 'none', 'routing_id': False, 'state': 'paused'}, {'id': 2773, 'name': 'MO/2602461', 'date_planned_start': '2026-03-16 00:32:11', 'date_planned_finished': '2026-03-16 07:40:35', 'product_id': [216442, "[S157005520] PF 584 CP/80 S 'ABS ULF' "], 'product_qty': 31400.0, 'product_uom_id': [20, 'MQ'], 'availability': 'none', 'routing_id': False, 'state': 'paused'}, {'id': 2772, 'name': 'MO/2602460', 'date_planned_start': '2026-03-16 07:40:35', 'date_planned_finished': '2026-03-16 16:13:25', 'product_id': [216481, "[S135005519] PF 584 CP/80 S 'ABS ULF' "], 'product_qty': 32400.0, 'product_uom_id': [20, 'MQ'], 'availability': 'none', 'routing_id': False, 'state': 'paused'}, {'id': 2770, 'name': 'MO/2602458', 'date_planned_start': '2026-03-14 10:43:40', 'date_planned_finished': '2026-03-14 11:14:48', 'product_id': [216482, '[S245005663] PF 13/40 WP HS PLK '], 'product_qty': 11025.0, 'product_uom_id': [20, 'MQ'], 'availability': 'none', 'routing_id': False, 'state': 'paused'}, {'id': 2769, 'name': 'MO/2602457', 'date_planned_start': '2026-03-14 07:54:08', 'date_planned_finished': '2026-03-15 02:16:50', 'product_id': [204430, '[S128002930] PF 17/2/45 P HS TRANSP'], 'product_qty': 122880.0, 'product_uom_id': [20, 'MQ'], 'availability': 'none', 'routing_id': False, 'state': 'paused'}, {'id': 2768, 'name': 'MO/2602456', 'date_planned_start': '2026-03-15 02:16:50', 'date_planned_finished': '2026-03-15 02:25:58', 'product_id': [204432, '[S131002018] PF 17/2/45 P HS TRANSP'], 'product_qty': 262.0, 'product_uom_id': [20, 'MQ'], 'availability': 'none', 'routing_id': False, 'state': 'paused'}, {'id': 2767, 'name': 'MO/2602455', 'date_planned_start': '2026-03-15 02:25:58', 'date_planned_finished': '2026-03-15 10:36:22', 'product_id': [201573, '[S106000820] PF 13 CP/70 PV2 CLEAR'], 'product_qty': 31800.0, 'product_uom_id': [20, 'MQ'], 'availability': 'none', 'routing_id': False, 'state': 'paused'}, {'id': 2765, 'name': 'MO/2602453', 'date_planned_start': '2026-03-15 15:01:08', 'date_planned_finished': '2026-03-15 17:16:55', 'product_id': [194689, "[S131005241] PF 84 CP S 'ULF'"], 'product_qty': 10480.0, 'product_uom_id': [20, 'MQ'], 'availability': 'none', 'routing_id': False, 'state': 'paused'}, {'id': 2764, 'name': 'MO/2602452', 'date_planned_start': '2026-03-15 10:36:22', 'date_planned_finished': '2026-03-15 11:40:55', 'product_id': [214548, "[S106005243] PF 84 CP S 'ULF'"], 'product_qty': 4240.0, 'product_uom_id': [20, 'MQ'], 'availability': 'none', 'routing_id': False, 'state': 'paused'}, {'id': 2758, 'name': 'MO/2602446', 'date_planned_start': '2026-03-15 11:40:55', 'date_planned_finished': '2026-03-15 15:01:08', 'product_id': [194689, "[S131005241] PF 84 CP S 'ULF'"], 'product_qty': 15720.0, 'product_uom_id': [20, 'MQ'], 'availability': 'none', 'routing_id': False, 'state': 'paused'}, {'id': 2752, 'name': 'MO/2602440', 'date_planned_start': '2026-03-15 01:32:50', 'date_planned_finished': '2026-03-15 02:03:17', 'product_id': [202420, '[S257000180] PF 13/4 WP TRANSP'], 'product_qty': 7710.0, 'product_uom_id': [20, 'MQ'], 'availability': 'none', 'routing_id': False, 'state': 'paused'}, {'id': 2750, 'name': 'MO/2602438', 'date_planned_start': '2026-03-15 06:01:20', 'date_planned_finished': '2026-03-15 11:00:23', 'product_id': [202752, '[S157000213] PF 13/4/40 WP HS BMP'], 'product_qty': 56520.0, 'product_uom_id': [20, 'MQ'], 'availability': 'none', 'routing_id': False, 'state': 'paused'}, {'id': 2747, 'name': 'MO/2602435', 'date_planned_start': '2026-03-15 01:02:23', 'date_planned_finished': '2026-03-15 01:32:50', 'product_id': [203007, '[S257000496] PF 13/40 WP HS MP TRANSP'], 'product_qty': 7710.0, 'product_uom_id': [20, 'MQ'], 'availability': 'none', 'routing_id': False, 'state': 'paused'}, {'id': 2744, 'name': 'MO/2602432', 'date_planned_start': '2026-03-13 23:41:36', 'date_planned_finished': '2026-03-14 01:27:17', 'product_id': [202065, '[S212005336] PF 13/3/35 WP SA HS'], 'product_qty': 38160.0, 'product_uom_id': [20, 'MQ'], 'availability': 'none', 'routing_id': False, 'state': 'paused'}, {'id': 2743, 'name': 'MO/2602431', 'date_planned_start': '2026-03-13 21:05:26', 'date_planned_finished': '2026-03-13 23:41:36', 'product_id': [202066, '[S245003335] PF 13/3/35 WP SA HS'], 'product_qty': 66150.0, 'product_uom_id': [20, 'MQ'], 'availability': 'none', 'routing_id': False, 'state': 'paused'}, {'id': 2742, 'name': 'MO/2602430', 'date_planned_start': '2026-03-14 01:27:17', 'date_planned_finished': '2026-03-14 03:12:59', 'product_id': [202065, '[S212005336] PF 13/3/35 WP SA HS'], 'product_qty': 38160.0, 'product_uom_id': [20, 'MQ'], 'availability': 'none', 'routing_id': False, 'state': 'paused'}, {'id': 2741, 'name': 'MO/2602429', 'date_planned_start': '2026-03-13 20:09:19', 'date_planned_finished': '2026-03-13 21:05:26', 'product_id': [202066, '[S245003335] PF 13/3/35 WP SA HS'], 'product_qty': 22050.0, 'product_uom_id': [20, 'MQ'], 'availability': 'none', 'routing_id': False, 'state': 'paused'}, {'id': 2737, 'name': 'MO/2602425', 'date_planned_start': '2026-03-14 08:24:45', 'date_planned_finished': '2026-03-14 10:43:40', 'product_id': [206591, '[S248003855] PF 23/45 WP PV2 GREEN'], 'product_qty': 59520.0, 'product_uom_id': [20, 'MQ'], 'availability': 'none', 'routing_id': False, 'state': 'paused'}, {'id': 2736, 'name': 'MO/2602424', 'date_planned_start': '2026-03-14 23:43:14', 'date_planned_finished': '2026-03-15 01:02:23', 'product_id': [202765, '[S257003171] PF 13/4/40 WP HS BMP'], 'product_qty': 23130.0, 'product_uom_id': [20, 'MQ'], 'availability': 'none', 'routing_id': False, 'state': 'paused'}, {'id': 2735, 'name': 'MO/2602423', 'date_planned_start': '2026-03-14 20:10:08', 'date_planned_finished': '2026-03-14 23:43:14', 'product_id': [202765, '[S257003171] PF 13/4/40 WP HS BMP'], 'product_qty': 65535.0, 'product_uom_id': [20, 'MQ'], 'availability': 'none', 'routing_id': False, 'state': 'paused'}, {'id': 2734, 'name': 'MO/2602422', 'date_planned_start': '2026-03-14 18:00:04', 'date_planned_finished': '2026-03-14 18:46:47', 'product_id': [203399, '[S267504317] PF 13/5 WP PLK TRANSP'], 'product_qty': 13375.0, 'product_uom_id': [20, 'MQ'], 'availability': 'none', 'routing_id': False, 'state': 'paused'}, {'id': 2733, 'name': 'MO/2602421', 'date_planned_start': '2026-03-15 11:00:23', 'date_planned_finished': '2026-03-16 12:11:07', 'product_id': [202402, "[S135003380] PF 13/4 WP PLK 'FENIX'"], 'product_qty': 249750.0, 'product_uom_id': [20, 'MQ'], 'availability': 'none', 'routing_id': False, 'state': 'paused'}, {'id': 2732, 'name': 'MO/2602420', 'date_planned_start': '2026-03-14 14:59:21', 'date_planned_finished': '2026-03-14 15:27:46', 'product_id': [213316, '[S157004930] PF 563/70 WP PV2 BLACK/WHITE'], 'product_qty': 6311.4, 'product_uom_id': [20, 'MQ'], 'availability': 'none', 'routing_id': False, 'state': 'paused'}, {'id': 2731, 'name': 'MO/2602419', 'date_planned_start': '2026-03-14 14:03:07', 'date_planned_finished': '2026-03-14 14:59:21', 'product_id': [206390, '[S157004968] PF 23/35 WP HS LIGHT BLUE'], 'product_qty': 14177.1, 'product_uom_id': [20, 'MQ'], 'availability': 'none', 'routing_id': False, 'state': 'paused'}, {'id': 2730, 'name': 'MO/2602418', 'date_planned_start': '2026-03-15 05:06:23', 'date_planned_finished': '2026-03-15 06:01:20', 'product_id': [216474, '[S208005617] PF 23/4/55 WP MP BLUE'], 'product_qty': 12480.0, 'product_uom_id': [20, 'MQ'], 'availability': 'none', 'routing_id': False, 'state': 'paused'}], 'aggregation': [], 'count': 367, 'pagination': {'total_records': 367, 'returned_records': 367, 'limit': 0, 'offset': 0, 'pages': 1, 'has_more': False}, 'record_links': [{'id': 2917, 'model': 'mrp.production', 'label': 'MO/2602605', 'url': 'http://10.100.12.131:6969/web#id=2917&model=mrp.production&view_type=form'}, {'id': 2916, 'model': 'mrp.production', 'label': 'MO/2602604', 'url': 'http://10.100.12.131:6969/web#id=2916&model=mrp.production&view_type=form'}, {'id': 2915, 'model': 'mrp.production', 'label': 'MO/2602603', 'url': 'http://10.100.12.131:6969/web#id=2915&model=mrp.production&view_type=form'}, {'id': 2914, 'model': 'mrp.production', 'label': 'MO/2602602', 'url': 'http://10.100.12.131:6969/web#id=2914&model=mrp.production&view_type=form'}, {'id': 2913, 'model': 'mrp.production', 'label': 'MO/2602601', 'url': 'http://10.100.12.131:6969/web#id=2913&model=mrp.production&view_type=form'}, {'id': 2912, 'model': 'mrp.production', 'label': 'MO/2602600', 'url': 'http://10.100.12.131:6969/web#id=2912&model=mrp.production&view_type=form'}, {'id': 2911, 'model': 'mrp.production', 'label': 'MO/2602599', 'url': 'http://10.100.12.131:6969/web#id=2911&model=mrp.production&view_type=form'}, {'id': 2910, 'model': 'mrp.production', 'label': 'MO/2602598', 'url': 'http://10.100.12.131:6969/web#id=2910&model=mrp.production&view_type=form'}, {'id': 2909, 'model': 'mrp.production', 'label': 'MO/2602597', 'url': 'http://10.100.12.131:6969/web#id=2909&model=mrp.production&view_type=form'}, {'id': 2908, 'model': 'mrp.production', 'label': 'MO/2602596', 'url': 'http://10.100.12.131:6969/web#id=2908&model=mrp.production&view_type=form'}, {'id': 2907, 'model': 'mrp.production', 'label': 'MO/2602595', 'url': 'http://10.100.12.131:6969/web#id=2907&model=mrp.production&view_type=form'}, {'id': 2906, 'model': 'mrp.production', 'label': 'MO/2602594', 'url': 'http://10.100.12.131:6969/web#id=2906&model=mrp.production&view_type=form'}, {'id': 2904, 'model': 'mrp.production', 'label': 'MO/2602592', 'url': 'http://10.100.12.131:6969/web#id=2904&model=mrp.production&view_type=form'}, {'id': 2901, 'model': 'mrp.production', 'label': 'MO/2602589', 'url': 'http://10.100.12.131:6969/web#id=2901&model=mrp.production&view_type=form'}, {'id': 2899, 'model': 'mrp.production', 'label': 'MO/2602587', 'url': 'http://10.100.12.131:6969/web#id=2899&model=mrp.production&view_type=form'}, {'id': 2897, 'model': 'mrp.production', 'label': 'MO/2602585', 'url': 'http://10.100.12.131:6969/web#id=2897&model=mrp.production&view_type=form'}, {'id': 2895, 'model': 'mrp.production', 'label': 'MO/2602583', 'url': 'http://10.100.12.131:6969/web#id=2895&model=mrp.production&view_type=form'}, {'id': 2894, 'model': 'mrp.production', 'label': 'MO/2602582', 'url': 'http://10.100.12.131:6969/web#id=2894&model=mrp.production&view_type=form'}, {'id': 2893, 'model': 'mrp.production', 'label': 'MO/2602581', 'url': 'http://10.100.12.131:6969/web#id=2893&model=mrp.production&view_type=form'}, {'id': 2892, 'model': 'mrp.production', 'label': 'MO/2602580', 'url': 'http://10.100.12.131:6969/web#id=2892&model=mrp.production&view_type=form'}, {'id': 2889, 'model': 'mrp.production', 'label': 'MO/2602577', 'url': 'http://10.100.12.131:6969/web#id=2889&model=mrp.production&view_type=form'}, {'id': 2888, 'model': 'mrp.production', 'label': 'MO/2602576', 'url': 'http://10.100.12.131:6969/web#id=2888&model=mrp.production&view_type=form'}, {'id': 2886, 'model': 'mrp.production', 'label': 'MO/2602574', 'url': 'http://10.100.12.131:6969/web#id=2886&model=mrp.production&view_type=form'}, {'id': 2882, 'model': 'mrp.production', 'label': 'MO/2602570', 'url': 'http://10.100.12.131:6969/web#id=2882&model=mrp.production&view_type=form'}, {'id': 2881, 'model': 'mrp.production', 'label': 'MO/2602569', 'url': 'http://10.100.12.131:6969/web#id=2881&model=mrp.production&view_type=form'}, {'id': 2880, 'model': 'mrp.production', 'label': 'MO/2602568', 'url': 'http://10.100.12.131:6969/web#id=2880&model=mrp.production&view_type=form'}, {'id': 2879, 'model': 'mrp.production', 'label': 'MO/2602567', 'url': 'http://10.100.12.131:6969/web#id=2879&model=mrp.production&view_type=form'}, {'id': 2878, 'model': 'mrp.production', 'label': 'MO/2602566', 'url': 'http://10.100.12.131:6969/web#id=2878&model=mrp.production&view_type=form'}, {'id': 2877, 'model': 'mrp.production', 'label': 'MO/2602565', 'url': 'http://10.100.12.131:6969/web#id=2877&model=mrp.production&view_type=form'}, {'id': 2873, 'model': 'mrp.production', 'label': 'MO/2602561', 'url': 'http://10.100.12.131:6969/web#id=2873&model=mrp.production&view_type=form'}, {'id': 2871, 'model': 'mrp.production', 'label': 'MO/2602559', 'url': 'http://10.100.12.131:6969/web#id=2871&model=mrp.production&view_type=form'}, {'id': 2870, 'model': 'mrp.production', 'label': 'MO/2602558', 'url': 'http://10.100.12.131:6969/web#id=2870&model=mrp.production&view_type=form'}, {'id': 2869, 'model': 'mrp.production', 'label': 'MO/2602557', 'url': 'http://10.100.12.131:6969/web#id=2869&model=mrp.production&view_type=form'}, {'id': 2868, 'model': 'mrp.production', 'label': 'MO/2602556', 'url': 'http://10.100.12.131:6969/web#id=2868&model=mrp.production&view_type=form'}, {'id': 2867, 'model': 'mrp.production', 'label': 'MO/2602555', 'url': 'http://10.100.12.131:6969/web#id=2867&model=mrp.production&view_type=form'}, {'id': 2866, 'model': 'mrp.production', 'label': 'MO/2602554', 'url': 'http://10.100.12.131:6969/web#id=2866&model=mrp.production&view_type=form'}, {'id': 2865, 'model': 'mrp.production', 'label': 'MO/2602553', 'url': 'http://10.100.12.131:6969/web#id=2865&model=mrp.production&view_type=form'}, {'id': 2864, 'model': 'mrp.production', 'label': 'MO/2602552', 'url': 'http://10.100.12.131:6969/web#id=2864&model=mrp.production&view_type=form'}, {'id': 2863, 'model': 'mrp.production', 'label': 'MO/2602551', 'url': 'http://10.100.12.131:6969/web#id=2863&model=mrp.production&view_type=form'}, {'id': 2862, 'model': 'mrp.production', 'label': 'MO/2602550', 'url': 'http://10.100.12.131:6969/web#id=2862&model=mrp.production&view_type=form'}, {'id': 2861, 'model': 'mrp.production', 'label': 'MO/2602549', 'url': 'http://10.100.12.131:6969/web#id=2861&model=mrp.production&view_type=form'}, {'id': 2860, 'model': 'mrp.production', 'label': 'MO/2602548', 'url': 'http://10.100.12.131:6969/web#id=2860&model=mrp.production&view_type=form'}, {'id': 2859, 'model': 'mrp.production', 'label': 'MO/2602547', 'url': 'http://10.100.12.131:6969/web#id=2859&model=mrp.production&view_type=form'}, {'id': 2858, 'model': 'mrp.production', 'label': 'MO/2602546', 'url': 'http://10.100.12.131:6969/web#id=2858&model=mrp.production&view_type=form'}, {'id': 2857, 'model': 'mrp.production', 'label': 'MO/2602545', 'url': 'http://10.100.12.131:6969/web#id=2857&model=mrp.production&view_type=form'}, {'id': 2856, 'model': 'mrp.production', 'label': 'MO/2602544', 'url': 'http://10.100.12.131:6969/web#id=2856&model=mrp.production&view_type=form'}, {'id': 2855, 'model': 'mrp.production', 'label': 'MO/2602543', 'url': 'http://10.100.12.131:6969/web#id=2855&model=mrp.production&view_type=form'}, {'id': 2854, 'model': 'mrp.production', 'label': 'MO/2602542', 'url': 'http://10.100.12.131:6969/web#id=2854&model=mrp.production&view_type=form'}, {'id': 2853, 'model': 'mrp.production', 'label': 'MO/2602541', 'url': 'http://10.100.12.131:6969/web#id=2853&model=mrp.production&view_type=form'}, {'id': 2852, 'model': 'mrp.production', 'label': 'MO/2602540', 'url': 'http://10.100.12.131:6969/web#id=2852&model=mrp.production&view_type=form'}, {'id': 2851, 'model': 'mrp.production', 'label': 'MO/2602539', 'url': 'http://10.100.12.131:6969/web#id=2851&model=mrp.production&view_type=form'}, {'id': 2850, 'model': 'mrp.production', 'label': 'MO/2602538', 'url': 'http://10.100.12.131:6969/web#id=2850&model=mrp.production&view_type=form'}, {'id': 2849, 'model': 'mrp.production', 'label': 'MO/2602537', 'url': 'http://10.100.12.131:6969/web#id=2849&model=mrp.production&view_type=form'}, {'id': 2848, 'model': 'mrp.production', 'label': 'MO/2602536', 'url': 'http://10.100.12.131:6969/web#id=2848&model=mrp.production&view_type=form'}, {'id': 2845, 'model': 'mrp.production', 'label': 'MO/2602533', 'url': 'http://10.100.12.131:6969/web#id=2845&model=mrp.production&view_type=form'}, {'id': 2844, 'model': 'mrp.production', 'label': 'MO/2602532', 'url': 'http://10.100.12.131:6969/web#id=2844&model=mrp.production&view_type=form'}, {'id': 2837, 'model': 'mrp.production', 'label': 'MO/2602525', 'url': 'http://10.100.12.131:6969/web#id=2837&model=mrp.production&view_type=form'}, {'id': 2835, 'model': 'mrp.production', 'label': 'MO/2602523', 'url': 'http://10.100.12.131:6969/web#id=2835&model=mrp.production&view_type=form'}, {'id': 2834, 'model': 'mrp.production', 'label': 'MO/2602522', 'url': 'http://10.100.12.131:6969/web#id=2834&model=mrp.production&view_type=form'}, {'id': 2814, 'model': 'mrp.production', 'label': 'MO/2602502', 'url': 'http://10.100.12.131:6969/web#id=2814&model=mrp.production&view_type=form'}, {'id': 2812, 'model': 'mrp.production', 'label': 'MO/2602500', 'url': 'http://10.100.12.131:6969/web#id=2812&model=mrp.production&view_type=form'}, {'id': 2809, 'model': 'mrp.production', 'label': 'MO/2602497', 'url': 'http://10.100.12.131:6969/web#id=2809&model=mrp.production&view_type=form'}, {'id': 2808, 'model': 'mrp.production', 'label': 'MO/2602496', 'url': 'http://10.100.12.131:6969/web#id=2808&model=mrp.production&view_type=form'}, {'id': 2806, 'model': 'mrp.production', 'label': 'MO/2602494', 'url': 'http://10.100.12.131:6969/web#id=2806&model=mrp.production&view_type=form'}, {'id': 2804, 'model': 'mrp.production', 'label': 'MO/2602492', 'url': 'http://10.100.12.131:6969/web#id=2804&model=mrp.production&view_type=form'}, {'id': 2803, 'model': 'mrp.production', 'label': 'MO/2602491', 'url': 'http://10.100.12.131:6969/web#id=2803&model=mrp.production&view_type=form'}, {'id': 2802, 'model': 'mrp.production', 'label': 'MO/2602490', 'url': 'http://10.100.12.131:6969/web#id=2802&model=mrp.production&view_type=form'}, {'id': 2801, 'model': 'mrp.production', 'label': 'MO/2602489', 'url': 'http://10.100.12.131:6969/web#id=2801&model=mrp.production&view_type=form'}, {'id': 2800, 'model': 'mrp.production', 'label': 'MO/2602488', 'url': 'http://10.100.12.131:6969/web#id=2800&model=mrp.production&view_type=form'}, {'id': 2797, 'model': 'mrp.production', 'label': 'MO/2602485', 'url': 'http://10.100.12.131:6969/web#id=2797&model=mrp.production&view_type=form'}, {'id': 2796, 'model': 'mrp.production', 'label': 'MO/2602484', 'url': 'http://10.100.12.131:6969/web#id=2796&model=mrp.production&view_type=form'}, {'id': 2795, 'model': 'mrp.production', 'label': 'MO/2602483', 'url': 'http://10.100.12.131:6969/web#id=2795&model=mrp.production&view_type=form'}, {'id': 2794, 'model': 'mrp.production', 'label': 'MO/2602482', 'url': 'http://10.100.12.131:6969/web#id=2794&model=mrp.production&view_type=form'}, {'id': 2793, 'model': 'mrp.production', 'label': 'MO/2602481', 'url': 'http://10.100.12.131:6969/web#id=2793&model=mrp.production&view_type=form'}, {'id': 2775, 'model': 'mrp.production', 'label': 'MO/2602463', 'url': 'http://10.100.12.131:6969/web#id=2775&model=mrp.production&view_type=form'}, {'id': 2774, 'model': 'mrp.production', 'label': 'MO/2602462', 'url': 'http://10.100.12.131:6969/web#id=2774&model=mrp.production&view_type=form'}, {'id': 2773, 'model': 'mrp.production', 'label': 'MO/2602461', 'url': 'http://10.100.12.131:6969/web#id=2773&model=mrp.production&view_type=form'}, {'id': 2772, 'model': 'mrp.production', 'label': 'MO/2602460', 'url': 'http://10.100.12.131:6969/web#id=2772&model=mrp.production&view_type=form'}, {'id': 2770, 'model': 'mrp.production', 'label': 'MO/2602458', 'url': 'http://10.100.12.131:6969/web#id=2770&model=mrp.production&view_type=form'}, {'id': 2769, 'model': 'mrp.production', 'label': 'MO/2602457', 'url': 'http://10.100.12.131:6969/web#id=2769&model=mrp.production&view_type=form'}, {'id': 2768, 'model': 'mrp.production', 'label': 'MO/2602456', 'url': 'http://10.100.12.131:6969/web#id=2768&model=mrp.production&view_type=form'}, {'id': 2767, 'model': 'mrp.production', 'label': 'MO/2602455', 'url': 'http://10.100.12.131:6969/web#id=2767&model=mrp.production&view_type=form'}, {'id': 2765, 'model': 'mrp.production', 'label': 'MO/2602453', 'url': 'http://10.100.12.131:6969/web#id=2765&model=mrp.production&view_type=form'}, {'id': 2764, 'model': 'mrp.production', 'label': 'MO/2602452', 'url': 'http://10.100.12.131:6969/web#id=2764&model=mrp.production&view_type=form'}, {'id': 2758, 'model': 'mrp.production', 'label': 'MO/2602446', 'url': 'http://10.100.12.131:6969/web#id=2758&model=mrp.production&view_type=form'}, {'id': 2752, 'model': 'mrp.production', 'label': 'MO/2602440', 'url': 'http://10.100.12.131:6969/web#id=2752&model=mrp.production&view_type=form'}, {'id': 2750, 'model': 'mrp.production', 'label': 'MO/2602438', 'url': 'http://10.100.12.131:6969/web#id=2750&model=mrp.production&view_type=form'}, {'id': 2747, 'model': 'mrp.production', 'label': 'MO/2602435', 'url': 'http://10.100.12.131:6969/web#id=2747&model=mrp.production&view_type=form'}, {'id': 2744, 'model': 'mrp.production', 'label': 'MO/2602432', 'url': 'http://10.100.12.131:6969/web#id=2744&model=mrp.production&view_type=form'}, {'id': 2743, 'model': 'mrp.production', 'label': 'MO/2602431', 'url': 'http://10.100.12.131:6969/web#id=2743&model=mrp.production&view_type=form'}, {'id': 2742, 'model': 'mrp.production', 'label': 'MO/2602430', 'url': 'http://10.100.12.131:6969/web#id=2742&model=mrp.production&view_type=form'}, {'id': 2741, 'model': 'mrp.production', 'label': 'MO/2602429', 'url': 'http://10.100.12.131:6969/web#id=2741&model=mrp.production&view_type=form'}, {'id': 2737, 'model': 'mrp.production', 'label': 'MO/2602425', 'url': 'http://10.100.12.131:6969/web#id=2737&model=mrp.production&view_type=form'}, {'id': 2736, 'model': 'mrp.production', 'label': 'MO/2602424', 'url': 'http://10.100.12.131:6969/web#id=2736&model=mrp.production&view_type=form'}, {'id': 2735, 'model': 'mrp.production', 'label': 'MO/2602423', 'url': 'http://10.100.12.131:6969/web#id=2735&model=mrp.production&view_type=form'}, {'id': 2734, 'model': 'mrp.production', 'label': 'MO/2602422', 'url': 'http://10.100.12.131:6969/web#id=2734&model=mrp.production&view_type=form'}, {'id': 2733, 'model': 'mrp.production', 'label': 'MO/2602421', 'url': 'http://10.100.12.131:6969/web#id=2733&model=mrp.production&view_type=form'}, {'id': 2732, 'model': 'mrp.production', 'label': 'MO/2602420', 'url': 'http://10.100.12.131:6969/web#id=2732&model=mrp.production&view_type=form'}, {'id': 2731, 'model': 'mrp.production', 'label': 'MO/2602419', 'url': 'http://10.100.12.131:6969/web#id=2731&model=mrp.production&view_type=form'}, {'id': 2730, 'model': 'mrp.production', 'label': 'MO/2602418', 'url': 'http://10.100.12.131:6969/web#id=2730&model=mrp.production&view_type=form'}]}], 'record_links': [{'id': 2917, 'model': 'mrp.production', 'label': 'MO/2602605', 'url': 'http://10.100.12.131:6969/web#id=2917&model=mrp.production&view_type=form'}, {'id': 2916, 'model': 'mrp.production', 'label': 'MO/2602604', 'url': 'http://10.100.12.131:6969/web#id=2916&model=mrp.production&view_type=form'}, {'id': 2915, 'model': 'mrp.production', 'label': 'MO/2602603', 'url': 'http://10.100.12.131:6969/web#id=2915&model=mrp.production&view_type=form'}, {'id': 2914, 'model': 'mrp.production', 'label': 'MO/2602602', 'url': 'http://10.100.12.131:6969/web#id=2914&model=mrp.production&view_type=form'}, {'id': 2913, 'model': 'mrp.production', 'label': 'MO/2602601', 'url': 'http://10.100.12.131:6969/web#id=2913&model=mrp.production&view_type=form'}, {'id': 2912, 'model': 'mrp.production', 'label': 'MO/2602600', 'url': 'http://10.100.12.131:6969/web#id=2912&model=mrp.production&view_type=form'}, {'id': 2911, 'model': 'mrp.production', 'label': 'MO/2602599', 'url': 'http://10.100.12.131:6969/web#id=2911&model=mrp.production&view_type=form'}, {'id': 2910, 'model': 'mrp.production', 'label': 'MO/2602598', 'url': 'http://10.100.12.131:6969/web#id=2910&model=mrp.production&view_type=form'}, {'id': 2909, 'model': 'mrp.production', 'label': 'MO/2602597', 'url': 'http://10.100.12.131:6969/web#id=2909&model=mrp.production&view_type=form'}, {'id': 2908, 'model': 'mrp.production', 'label': 'MO/2602596', 'url': 'http://10.100.12.131:6969/web#id=2908&model=mrp.production&view_type=form'}, {'id': 2907, 'model': 'mrp.production', 'label': 'MO/2602595', 'url': 'http://10.100.12.131:6969/web#id=2907&model=mrp.production&view_type=form'}, {'id': 2906, 'model': 'mrp.production', 'label': 'MO/2602594', 'url': 'http://10.100.12.131:6969/web#id=2906&model=mrp.production&view_type=form'}, {'id': 2904, 'model': 'mrp.production', 'label': 'MO/2602592', 'url': 'http://10.100.12.131:6969/web#id=2904&model=mrp.production&view_type=form'}, {'id': 2901, 'model': 'mrp.production', 'label': 'MO/2602589', 'url': 'http://10.100.12.131:6969/web#id=2901&model=mrp.production&view_type=form'}, {'id': 2899, 'model': 'mrp.production', 'label': 'MO/2602587', 'url': 'http://10.100.12.131:6969/web#id=2899&model=mrp.production&view_type=form'}, {'id': 2897, 'model': 'mrp.production', 'label': 'MO/2602585', 'url': 'http://10.100.12.131:6969/web#id=2897&model=mrp.production&view_type=form'}, {'id': 2895, 'model': 'mrp.production', 'label': 'MO/2602583', 'url': 'http://10.100.12.131:6969/web#id=2895&model=mrp.production&view_type=form'}, {'id': 2894, 'model': 'mrp.production', 'label': 'MO/2602582', 'url': 'http://10.100.12.131:6969/web#id=2894&model=mrp.production&view_type=form'}, {'id': 2893, 'model': 'mrp.production', 'label': 'MO/2602581', 'url': 'http://10.100.12.131:6969/web#id=2893&model=mrp.production&view_type=form'}, {'id': 2892, 'model': 'mrp.production', 'label': 'MO/2602580', 'url': 'http://10.100.12.131:6969/web#id=2892&model=mrp.production&view_type=form'}, {'id': 2889, 'model': 'mrp.production', 'label': 'MO/2602577', 'url': 'http://10.100.12.131:6969/web#id=2889&model=mrp.production&view_type=form'}, {'id': 2888, 'model': 'mrp.production', 'label': 'MO/2602576', 'url': 'http://10.100.12.131:6969/web#id=2888&model=mrp.production&view_type=form'}, {'id': 2886, 'model': 'mrp.production', 'label': 'MO/2602574', 'url': 'http://10.100.12.131:6969/web#id=2886&model=mrp.production&view_type=form'}, {'id': 2882, 'model': 'mrp.production', 'label': 'MO/2602570', 'url': 'http://10.100.12.131:6969/web#id=2882&model=mrp.production&view_type=form'}, {'id': 2881, 'model': 'mrp.production', 'label': 'MO/2602569', 'url': 'http://10.100.12.131:6969/web#id=2881&model=mrp.production&view_type=form'}, {'id': 2880, 'model': 'mrp.production', 'label': 'MO/2602568', 'url': 'http://10.100.12.131:6969/web#id=2880&model=mrp.production&view_type=form'}, {'id': 2879, 'model': 'mrp.production', 'label': 'MO/2602567', 'url': 'http://10.100.12.131:6969/web#id=2879&model=mrp.production&view_type=form'}, {'id': 2878, 'model': 'mrp.production', 'label': 'MO/2602566', 'url': 'http://10.100.12.131:6969/web#id=2878&model=mrp.production&view_type=form'}, {'id': 2877, 'model': 'mrp.production', 'label': 'MO/2602565', 'url': 'http://10.100.12.131:6969/web#id=2877&model=mrp.production&view_type=form'}, {'id': 2873, 'model': 'mrp.production', 'label': 'MO/2602561', 'url': 'http://10.100.12.131:6969/web#id=2873&model=mrp.production&view_type=form'}, {'id': 2871, 'model': 'mrp.production', 'label': 'MO/2602559', 'url': 'http://10.100.12.131:6969/web#id=2871&model=mrp.production&view_type=form'}, {'id': 2870, 'model': 'mrp.production', 'label': 'MO/2602558', 'url': 'http://10.100.12.131:6969/web#id=2870&model=mrp.production&view_type=form'}, {'id': 2869, 'model': 'mrp.production', 'label': 'MO/2602557', 'url': 'http://10.100.12.131:6969/web#id=2869&model=mrp.production&view_type=form'}, {'id': 2868, 'model': 'mrp.production', 'label': 'MO/2602556', 'url': 'http://10.100.12.131:6969/web#id=2868&model=mrp.production&view_type=form'}, {'id': 2867, 'model': 'mrp.production', 'label': 'MO/2602555', 'url': 'http://10.100.12.131:6969/web#id=2867&model=mrp.production&view_type=form'}, {'id': 2866, 'model': 'mrp.production', 'label': 'MO/2602554', 'url': 'http://10.100.12.131:6969/web#id=2866&model=mrp.production&view_type=form'}, {'id': 2865, 'model': 'mrp.production', 'label': 'MO/2602553', 'url': 'http://10.100.12.131:6969/web#id=2865&model=mrp.production&view_type=form'}, {'id': 2864, 'model': 'mrp.production', 'label': 'MO/2602552', 'url': 'http://10.100.12.131:6969/web#id=2864&model=mrp.production&view_type=form'}, {'id': 2863, 'model': 'mrp.production', 'label': 'MO/2602551', 'url': 'http://10.100.12.131:6969/web#id=2863&model=mrp.production&view_type=form'}, {'id': 2862, 'model': 'mrp.production', 'label': 'MO/2602550', 'url': 'http://10.100.12.131:6969/web#id=2862&model=mrp.production&view_type=form'}, {'id': 2861, 'model': 'mrp.production', 'label': 'MO/2602549', 'url': 'http://10.100.12.131:6969/web#id=2861&model=mrp.production&view_type=form'}, {'id': 2860, 'model': 'mrp.production', 'label': 'MO/2602548', 'url': 'http://10.100.12.131:6969/web#id=2860&model=mrp.production&view_type=form'}, {'id': 2859, 'model': 'mrp.production', 'label': 'MO/2602547', 'url': 'http://10.100.12.131:6969/web#id=2859&model=mrp.production&view_type=form'}, {'id': 2858, 'model': 'mrp.production', 'label': 'MO/2602546', 'url': 'http://10.100.12.131:6969/web#id=2858&model=mrp.production&view_type=form'}, {'id': 2857, 'model': 'mrp.production', 'label': 'MO/2602545', 'url': 'http://10.100.12.131:6969/web#id=2857&model=mrp.production&view_type=form'}, {'id': 2856, 'model': 'mrp.production', 'label': 'MO/2602544', 'url': 'http://10.100.12.131:6969/web#id=2856&model=mrp.production&view_type=form'}, {'id': 2855, 'model': 'mrp.production', 'label': 'MO/2602543', 'url': 'http://10.100.12.131:6969/web#id=2855&model=mrp.production&view_type=form'}, {'id': 2854, 'model': 'mrp.production', 'label': 'MO/2602542', 'url': 'http://10.100.12.131:6969/web#id=2854&model=mrp.production&view_type=form'}, {'id': 2853, 'model': 'mrp.production', 'label': 'MO/2602541', 'url': 'http://10.100.12.131:6969/web#id=2853&model=mrp.production&view_type=form'}, {'id': 2852, 'model': 'mrp.production', 'label': 'MO/2602540', 'url': 'http://10.100.12.131:6969/web#id=2852&model=mrp.production&view_type=form'}, {'id': 2851, 'model': 'mrp.production', 'label': 'MO/2602539', 'url': 'http://10.100.12.131:6969/web#id=2851&model=mrp.production&view_type=form'}, {'id': 2850, 'model': 'mrp.production', 'label': 'MO/2602538', 'url': 'http://10.100.12.131:6969/web#id=2850&model=mrp.production&view_type=form'}, {'id': 2849, 'model': 'mrp.production', 'label': 'MO/2602537', 'url': 'http://10.100.12.131:6969/web#id=2849&model=mrp.production&view_type=form'}, {'id': 2848, 'model': 'mrp.production', 'label': 'MO/2602536', 'url': 'http://10.100.12.131:6969/web#id=2848&model=mrp.production&view_type=form'}, {'id': 2845, 'model': 'mrp.production', 'label': 'MO/2602533', 'url': 'http://10.100.12.131:6969/web#id=2845&model=mrp.production&view_type=form'}, {'id': 2844, 'model': 'mrp.production', 'label': 'MO/2602532', 'url': 'http://10.100.12.131:6969/web#id=2844&model=mrp.production&view_type=form'}, {'id': 2837, 'model': 'mrp.production', 'label': 'MO/2602525', 'url': 'http://10.100.12.131:6969/web#id=2837&model=mrp.production&view_type=form'}, {'id': 2835, 'model': 'mrp.production', 'label': 'MO/2602523', 'url': 'http://10.100.12.131:6969/web#id=2835&model=mrp.production&view_type=form'}, {'id': 2834, 'model': 'mrp.production', 'label': 'MO/2602522', 'url': 'http://10.100.12.131:6969/web#id=2834&model=mrp.production&view_type=form'}, {'id': 2814, 'model': 'mrp.production', 'label': 'MO/2602502', 'url': 'http://10.100.12.131:6969/web#id=2814&model=mrp.production&view_type=form'}, {'id': 2812, 'model': 'mrp.production', 'label': 'MO/2602500', 'url': 'http://10.100.12.131:6969/web#id=2812&model=mrp.production&view_type=form'}, {'id': 2809, 'model': 'mrp.production', 'label': 'MO/2602497', 'url': 'http://10.100.12.131:6969/web#id=2809&model=mrp.production&view_type=form'}, {'id': 2808, 'model': 'mrp.production', 'label': 'MO/2602496', 'url': 'http://10.100.12.131:6969/web#id=2808&model=mrp.production&view_type=form'}, {'id': 2806, 'model': 'mrp.production', 'label': 'MO/2602494', 'url': 'http://10.100.12.131:6969/web#id=2806&model=mrp.production&view_type=form'}, {'id': 2804, 'model': 'mrp.production', 'label': 'MO/2602492', 'url': 'http://10.100.12.131:6969/web#id=2804&model=mrp.production&view_type=form'}, {'id': 2803, 'model': 'mrp.production', 'label': 'MO/2602491', 'url': 'http://10.100.12.131:6969/web#id=2803&model=mrp.production&view_type=form'}, {'id': 2802, 'model': 'mrp.production', 'label': 'MO/2602490', 'url': 'http://10.100.12.131:6969/web#id=2802&model=mrp.production&view_type=form'}, {'id': 2801, 'model': 'mrp.production', 'label': 'MO/2602489', 'url': 'http://10.100.12.131:6969/web#id=2801&model=mrp.production&view_type=form'}, {'id': 2800, 'model': 'mrp.production', 'label': 'MO/2602488', 'url': 'http://10.100.12.131:6969/web#id=2800&model=mrp.production&view_type=form'}, {'id': 2797, 'model': 'mrp.production', 'label': 'MO/2602485', 'url': 'http://10.100.12.131:6969/web#id=2797&model=mrp.production&view_type=form'}, {'id': 2796, 'model': 'mrp.production', 'label': 'MO/2602484', 'url': 'http://10.100.12.131:6969/web#id=2796&model=mrp.production&view_type=form'}, {'id': 2795, 'model': 'mrp.production', 'label': 'MO/2602483', 'url': 'http://10.100.12.131:6969/web#id=2795&model=mrp.production&view_type=form'}, {'id': 2794, 'model': 'mrp.production', 'label': 'MO/2602482', 'url': 'http://10.100.12.131:6969/web#id=2794&model=mrp.production&view_type=form'}, {'id': 2793, 'model': 'mrp.production', 'label': 'MO/2602481', 'url': 'http://10.100.12.131:6969/web#id=2793&model=mrp.production&view_type=form'}, {'id': 2775, 'model': 'mrp.production', 'label': 'MO/2602463', 'url': 'http://10.100.12.131:6969/web#id=2775&model=mrp.production&view_type=form'}, {'id': 2774, 'model': 'mrp.production', 'label': 'MO/2602462', 'url': 'http://10.100.12.131:6969/web#id=2774&model=mrp.production&view_type=form'}, {'id': 2773, 'model': 'mrp.production', 'label': 'MO/2602461', 'url': 'http://10.100.12.131:6969/web#id=2773&model=mrp.production&view_type=form'}, {'id': 2772, 'model': 'mrp.production', 'label': 'MO/2602460', 'url': 'http://10.100.12.131:6969/web#id=2772&model=mrp.production&view_type=form'}, {'id': 2770, 'model': 'mrp.production', 'label': 'MO/2602458', 'url': 'http://10.100.12.131:6969/web#id=2770&model=mrp.production&view_type=form'}, {'id': 2769, 'model': 'mrp.production', 'label': 'MO/2602457', 'url': 'http://10.100.12.131:6969/web#id=2769&model=mrp.production&view_type=form'}, {'id': 2768, 'model': 'mrp.production', 'label': 'MO/2602456', 'url': 'http://10.100.12.131:6969/web#id=2768&model=mrp.production&view_type=form'}, {'id': 2767, 'model': 'mrp.production', 'label': 'MO/2602455', 'url': 'http://10.100.12.131:6969/web#id=2767&model=mrp.production&view_type=form'}, {'id': 2765, 'model': 'mrp.production', 'label': 'MO/2602453', 'url': 'http://10.100.12.131:6969/web#id=2765&model=mrp.production&view_type=form'}, {'id': 2764, 'model': 'mrp.production', 'label': 'MO/2602452', 'url': 'http://10.100.12.131:6969/web#id=2764&model=mrp.production&view_type=form'}, {'id': 2758, 'model': 'mrp.production', 'label': 'MO/2602446', 'url': 'http://10.100.12.131:6969/web#id=2758&model=mrp.production&view_type=form'}, {'id': 2752, 'model': 'mrp.production', 'label': 'MO/2602440', 'url': 'http://10.100.12.131:6969/web#id=2752&model=mrp.production&view_type=form'}, {'id': 2750, 'model': 'mrp.production', 'label': 'MO/2602438', 'url': 'http://10.100.12.131:6969/web#id=2750&model=mrp.production&view_type=form'}, {'id': 2747, 'model': 'mrp.production', 'label': 'MO/2602435', 'url': 'http://10.100.12.131:6969/web#id=2747&model=mrp.production&view_type=form'}, {'id': 2744, 'model': 'mrp.production', 'label': 'MO/2602432', 'url': 'http://10.100.12.131:6969/web#id=2744&model=mrp.production&view_type=form'}, {'id': 2743, 'model': 'mrp.production', 'label': 'MO/2602431', 'url': 'http://10.100.12.131:6969/web#id=2743&model=mrp.production&view_type=form'}, {'id': 2742, 'model': 'mrp.production', 'label': 'MO/2602430', 'url': 'http://10.100.12.131:6969/web#id=2742&model=mrp.production&view_type=form'}, {'id': 2741, 'model': 'mrp.production', 'label': 'MO/2602429', 'url': 'http://10.100.12.131:6969/web#id=2741&model=mrp.production&view_type=form'}, {'id': 2737, 'model': 'mrp.production', 'label': 'MO/2602425', 'url': 'http://10.100.12.131:6969/web#id=2737&model=mrp.production&view_type=form'}, {'id': 2736, 'model': 'mrp.production', 'label': 'MO/2602424', 'url': 'http://10.100.12.131:6969/web#id=2736&model=mrp.production&view_type=form'}, {'id': 2735, 'model': 'mrp.production', 'label': 'MO/2602423', 'url': 'http://10.100.12.131:6969/web#id=2735&model=mrp.production&view_type=form'}, {'id': 2734, 'model': 'mrp.production', 'label': 'MO/2602422', 'url': 'http://10.100.12.131:6969/web#id=2734&model=mrp.production&view_type=form'}, {'id': 2733, 'model': 'mrp.production', 'label': 'MO/2602421', 'url': 'http://10.100.12.131:6969/web#id=2733&model=mrp.production&view_type=form'}, {'id': 2732, 'model': 'mrp.production', 'label': 'MO/2602420', 'url': 'http://10.100.12.131:6969/web#id=2732&model=mrp.production&view_type=form'}, {'id': 2731, 'model': 'mrp.production', 'label': 'MO/2602419', 'url': 'http://10.100.12.131:6969/web#id=2731&model=mrp.production&view_type=form'}, {'id': 2730, 'model': 'mrp.production', 'label': 'MO/2602418', 'url': 'http://10.100.12.131:6969/web#id=2730&model=mrp.production&view_type=form'}]}
USER MESSAGE: cosa ti ho chiesto prima?
ASSISTANT MESSAGE: La tua ultima richiesta è stata: "cosa ti ho chiesto prima?".

In precedenza, avevi chiesto di vedere gli ordini di produzione. Ecco un esempio dei dati mostrati:

**Ordine di produzione:** MO/2602605  
**Prodotto:** [S096005653] PF 13 CP/60 PV2 PLK 'VERO CUOIO'  
**Quantità:** 19.200 MQ  
**Stato:** In pausa  

Se hai bisogno di ulteriori dettagli o vuoi fare una nuova richiesta, fammelo sapere!
USER MESSAGE SAVED
ASSISTANT MESSAGE SAVED
OPERATIONAL CONTEXT SAVED
MESSAGES CURRENTLY IN DB: 8
 - user : Mostrami gli ultimi 10 ordini di produzione
 - assistant : Ho trovato 367 ordini di produzione. Ecco gli ultimi 10 in base alla data di conclusione pianificata:

| Nome | Prodotto | Quantità | Unità di misura | Data di inizio pianificata | Data di conclusione pianificata |
| --- | --- | ---: | --- | --- | --- |
| MO/2602601 | [S165005412] PF 564 CP/80 'LARSON INTERNATIONAL III' | 35.640 | MQ | 28 marzo 2026 | 28 marzo 2026 |
| MO/2602600 | [S131005294] PF 564 CP 'LASER' COMBI | 5.240 | MQ | 27 marzo 2026 | 28 marzo 2026 |
| MO/2602594 | [S135005464] PF 564 CP 'LASER' COMBI | 32.400 | MQ | 27 marzo 2026 | 27 marzo 2026 |
| MO/2602542 | [S257005057] PF 12/4 WP PV3 MP TRANSPARENT | 92.520 | MQ | 20 marzo 2026 | 20 marzo 2026 |
| MO/2602546 | [S257002304] PF 32/3/70 WP PV2 TRANSP | 15.420 | MQ | 20 marzo 2026 | 20 marzo 2026 |
| MO/2602545 | [S257002304] PF 32/3/70 WP PV2 TRANSP | 15.420 | MQ | 20 marzo 2026 | 20 marzo 2026 |
| MO/2602538 | [S257005507] PF 32/3/70 WP PV2 MP TRANSP | 19.275 | MQ | 20 marzo 2026 | 20 marzo 2026 |
| MO/2602536 | [S257004906] PF 12/4 WP PV3 TRANSPARENT | 30.840 | MQ | 20 marzo 2026 | 20 marzo 2026 |
| MO/2602065 | [S135005630] PF 14 CP/N/60/PLK TRANSP | 270 | MQ | 22 febbraio 2026 | 22 febbraio 2026 |
| MO/2602063 | [S135004459] PFT 14 CP/N/60 V2 PLK 'FENIX DOPPIA FRECCIA' | 27.000 | MQ | 22 febbraio 2026 | 22 febbraio 2026 |
   OPERATIONAL RESULTS: 1
 - user : Di questi dimmi quali hanno una quantità superiore a 1000
 - assistant : Ho trovato 362 record corrispondenti alla tua richiesta. Di seguito ti mostro i primi 10 risultati:

| **Nome**       | **Data Inizio Pianificata** | **Data Fine Pianificata** | **Prodotto**                                          | **Quantità** |
|-----------------|-----------------------------|---------------------------|-------------------------------------------------------|--------------|
| MO/2600134 | 2 febbraio 2026 | 3 febbraio 2026 | [S106002499] PF 584 CP S "ULF"       | 25.440 |
| MO/2600137 | 3 febbraio 2026  | 3 febbraio 2026  | [S106005223] PF 581 CP S 'ULF'       | 10.600 |
| MO/2602028 | 23 febbraio 2026 | 23 febbraio 2026 | [S157005242] PF 84 CP S 'ULF'        | 75.360 |
| MO/2600224 | 11 febbraio 2026 | 11 febbraio 2026 | [S131005401] PF 564 CP/80 'XTRUSION' COMBI | 15.720 |
| MO/2600225 | 11 febbraio 2026 | 11 febbraio 2026 | [S131005401] PF 564 CP/80 'XTRUSION' COMBI | 15.720 |
| MO/2600238 | 11 febbraio 2026 | 11 febbraio 2026 | [S131005401] PF 564 CP/80 'XTRUSION' COMBI | 15.720 |
| MO/2600239 | 11 febbraio 2026 | 11 febbraio 2026 | [S131005401] PF 564 CP/80 'XTRUSION' COMBI | 15.720 |
| MO/2600252 | 11 febbraio 2026 | 11 febbraio 2026 | [S131005401] PF 564 CP/80 'XTRUSION' COMBI | 15.720 |
| MO/2600253 | 11 febbraio 2026 | 11 febbraio 2026 | [S131005401] PF 564 CP/80 'XTRUSION' COMBI | 15.720 |
| MO/2600266 | 11 febbraio 2026 | 11 febbraio 2026 | [S131005401] PF 564 CP/80 'XTRUSION' COMBI | 15.720 |

Tutti questi record hanno una quantità superiore a 1000. Sono disponibili ulteriori risultati se necessario.
   OPERATIONAL RESULTS: 1
 - user : Di questi dimmi quali hanno una quantità superiore a 1000
 - assistant : Ho trovato 362 ordini con una quantità superiore a 1000. Ecco i 10 più recenti:

| # | Nome | Quantità |
|---|---------------------|-------------|
| 1 | MO/2600134 | 25.440 |
| 2 | MO/2600137 | 10.600 |
| 3 | MO/2602028 | 75.360 |
| 4 | MO/2600224 | 15.720 |
| 5 | MO/2600225 | 15.720 |
| 6 | MO/2600238 | 15.720 |
| 7 | MO/2600239 | 15.720 |
| 8 | MO/2600252 | 15.720 |
| 9 | MO/2600253 | 15.720 |
| 10 | MO/2600266 | 15.720 |
   OPERATIONAL RESULTS: 1
 - user : cosa ti ho chiesto prima?
 - assistant : La tua ultima richiesta è stata: "cosa ti ho chiesto prima?".

In precedenza, avevi chiesto di vedere gli ordini di produzione. Ecco un esempio dei dati mostrati:

**Ordine di produzione:** MO/2602605  
**Prodotto:** [S096005653] PF 13 CP/60 PV2 PLK 'VERO CUOIO'  
**Quantità:** 19.200 MQ  
**Stato:** In pausa  

Se hai bisogno di ulteriori dettagli o vuoi fare una nuova richiesta, fammelo sapere!
   OPERATIONAL RESULTS: 1

===== GRAPH RESULT =====
MESSAGES: 1
CURRENT REQUEST: cosa ti ho chiesto prima?
SUB_REQUESTS: ['Ricordami la mia richiesta iniziale']
SCOPE ALLOWED: True

===== PLAN =====
MODEL: mrp.production
METHOD: search_read
DOMAIN: None
FIELDS: None
ORDER: None
LIMIT: None

===== ODOO RESULTS SUMMARY =====
QUERIES: 1
--------------------------------------------
INDEX: 1
SUCCESS: True
MODEL: mrp.production
METHOD: search_read
DOMAIN: []
RESULT TYPE: records
TOTAL: 367
RETURNED: 367
LIMIT: 0
PAGES: 1
HAS MORE: False
FIRST RECORD: {'id': 2917, 'name': 'MO/2602605', 'date_planned_start': '2026-03-29 16:18:05', 'date_planned_finished': '2026-03-29 22:56:18', 'product_id': [216493, "[S096005653] PF 13 CP/60 PV2 PLK 'VERO CUOIO'"], 'product_qty': 19200.0, 'product_uom_id': [20, 'MQ'], 'availability': 'none', 'routing_id': False, 'state': 'paused'}
SECOND RECORD: {'id': 2916, 'name': 'MO/2602604', 'date_planned_start': '2026-03-28 12:14:23', 'date_planned_finished': '2026-03-28 16:27:42', 'product_id': [216353, "[S131005224] PF 581 CP S 'ULF'"], 'product_qty': 23580.0, 'product_uom_id': [20, 'MQ'], 'availability': 'none', 'routing_id': False, 'state': 'planned'}

===== RESPONSE =====
STATUS: GENERATED
LENGTH: 399
PREVIEW: La tua ultima richiesta è stata: "cosa ti ho chiesto prima?".  In precedenza, avevi chiesto di vedere gli ordini di produzione. Ecco un esempio dei dati mostrati:  **Ordine di produzione:** MO/2602605   **Prodotto:** [S096005653] PF 13 CP/60 PV2 PLK 'VERO CUOIO'   **Quantità:** 19.200 MQ   **Stato:*...

===== CHART ANALYZER =====
SHOULD RENDER: False

===== CHAT REQUEST =====
MESSAGE: Mostrami le ultime ispezioni del controllo qualità
CONVERSATION: <redacted>

===== ODOO SESSION =====
STATUS: ACTIVE

===== CARICAMENTO MEMORIA PORTANT =====
USER ID: 1
DATABASE: DM-PLF001-TIPREGO
CONVERSATION ID: 60f48c79-9124-458a-9e96-f07f4add063e
MESSAGES LOADED: 8
OPERATIONAL CONTEXTS LOADED: 4
ACTIVE OPERATIONAL CONTEXT RESULTS: 1
 - RESULT 0 MODEL: mrp.production METHOD: search_read RECORDS: 100
FIRST MESSAGE: {'role': 'user', 'content': 'Mostrami gli ultimi 10 ordini di produzione'}
LAST MESSAGE: {'role': 'assistant', 'content': 'La tua ultima richiesta è stata: "cosa ti ho chiesto prima?".\n\nIn precedenza, avevi chiesto di vedere gli ordini di produzione. Ecco un esempio dei dati mostrati:\n\n**Ordine di produzione:** MO/2602605  \n**Prodotto:** [S096005653] PF 13 CP/60 PV2 PLK \'VERO CUOIO\'  \n**Quantità:** 19.200 MQ  \n**Stato:** In pausa  \n\nSe hai bisogno di ulteriori dettagli o vuoi fare una nuova richiesta, fammelo sapere!'}

===== REQUEST SPLITTER NODE =====
INPUT: Mostrami le ultime ispezioni del controllo qualità

===== REQUEST SPLITTER =====
INPUT: Mostrami le ultime ispezioni del controllo qualità

===== SEMANTIC SCOPE =====
SCOPE: IN_SCOPE
CONFIDENCE: 0.9
CONTINUATION: False
INTENT FAMILY: recupero_dati
CONCEPTS: ['ispezioni', 'controllo qualità']
REASON: La richiesta ha struttura tipica di recupero dati ('mostrami le ultime') anche se i concetti specifici non sono nella knowledge base. Nessuna evidenza di estraneità a Portant.

===== SCOPE DECISION =====
SCOPE: IN_SCOPE
IN SCOPE: True
CONTINUATION: False
CONCEPTS: ['ispezioni', 'controllo qualità']
REQUEST COUNT: 1
REQUEST 1: Mostrami le ultime ispezioni del controllo qualità

===== SCOPE DECISION =====
SCOPE: IN_SCOPE
IN SCOPE: True
CONFIDENCE: 0.9
CONTINUATION: False
INTENT FAMILY: recupero_dati
CONCEPTS: ['ispezioni', 'controllo qualità']
REQUEST COUNT: 1
REASON: La richiesta ha struttura tipica di recupero dati ('mostrami le ultime') anche se i concetti specifici non sono nella knowledge base. Nessuna evidenza di estraneità a Portant.
EVIDENCE: ["Presenza di verbi operativi: 'mostrami'", "Riferimento a documenti/record ('ispezioni')", 'Mancanza di indicatori di analisi generica o domini esterni']
REQUEST 1: Mostrami le ultime ispezioni del controllo qualità

===== GRAPH ROUTE SCOPE =====
SCOPE: IN_SCOPE
INTENT FAMILY: recupero_dati
CONVERSATIONAL INTENT: False
ROUTE: planner

===== PLANNER SEMANTIC CONTEXT =====
CONCEPTS: [{'concept': 'ispezioni', 'queries': []}, {'concept': 'controllo qualità', 'queries': []}]

===== PLANNER ACTIVE OPERATIONAL CONTEXT =====
CONTINUATION: False
CONTEXT MODELS: ['mrp.production']
CONTEXT HISTORY SIZE: 4

===== PLANNER GLOBAL ATTEMPT STATE =====
ATTEMPTS ALREADY CONSUMED: 0
EXECUTION FEEDBACK: []

===== PLANNER PREVIOUS RETRY CONTEXT =====
RETRY HISTORY: []

===== PLANNER TEMPORAL CONTEXT =====
CURRENT DATETIME: 2026-09-22T14:15:38+02:00
CURRENT DATE: 2026-09-22
CURRENT TIME: 14:15:38
TIMEZONE: Europe/Rome
UTC OFFSET: +0200

===== PLANNER OPERATIONAL CONTEXT =====
CONTINUATION: False
CONTEXT MODELS: ['mrp.production']
CONTEXT GROUNDED IDS: {'mrp.production': [2917, 2916, 2915, 2914, 2913, 2912, 2911, 2910, 2909, 2908, 2907, 2906, 2904, 2901, 2899, 2897, 2895, 2894, 2893, 2892, 2889, 2888, 2886, 2882, 2881, 2880, 2879, 2878, 2877, 2873, 2871, 2870, 2869, 2868, 2867, 2866, 2865, 2864, 2863, 2862, 2861, 2860, 2859, 2858, 2857, 2856, 2855, 2854, 2853, 2852, 2851, 2850, 2849, 2848, 2845, 2844, 2837, 2835, 2834, 2814, 2812, 2809, 2808, 2806, 2804, 2803, 2802, 2801, 2800, 2797, 2796, 2795, 2794, 2793, 2775, 2774, 2773, 2772, 2770, 2769, 2768, 2767, 2765, 2764, 2758, 2752, 2750, 2747, 2744, 2743, 2742, 2741, 2737, 2736, 2735, 2734, 2733, 2732, 2731, 2730]}

===== CHIAMATA PORTANT (call_kw) =====
URL: http://10.100.12.131:6969/web/dataset/call_kw/ir.model/search_read
MODELLO: ir.model
METHOD: search_read
ARGS: [[]]
KWARGS: {'fields': ['id', 'model', 'name', 'state'], 'limit': 0, 'order': 'model asc'}

===== RISPOSTA PORTANT (call_kw) =====
HTTP STATUS: 200

===== MODEL SEARCH INDEX =====
QUERY: Mostrami le ultime ispezioni del controllo qualità
MODELS LOADED: 475
MATCHED MODELS: 38

===== SEMANTIC QUERY EXPANSION =====
INPUT: Mostrami le ultime ispezioni del controllo qualità
QUERIES: ['ispezioni', 'controllo qualità']
CONCEPTS: [{'concept': 'ispezioni', 'queries': ['ispezioni']}, {'concept': 'controllo qualità', 'queries': ['controllo qualità']}]

===== MODEL SEARCH INDEX =====
QUERY: ispezioni
MODELS LOADED: 475
MATCHED MODELS: 0

===== MODEL SEARCH INDEX =====
QUERY: controllo qualità
MODELS LOADED: 475
MATCHED MODELS: 8

===== SEMANTIC MODEL CONTEXT =====
REQUEST SEMANTIC CONCEPTS: [{'concept': 'ispezioni', 'queries': ['ispezioni']}, {'concept': 'controllo qualità', 'queries': ['controllo qualità']}]
MODEL: res.portant.kill.switch
SEMANTIC QUERIES: []
SEMANTIC CONCEPTS: []
REQUEST CONCEPTS: [{'concept': 'ispezioni', 'queries': ['ispezioni']}, {'concept': 'controllo qualità', 'queries': ['controllo qualità']}]
MODEL: mrp.workcenter.alarm
SEMANTIC QUERIES: []
SEMANTIC CONCEPTS: []
REQUEST CONCEPTS: [{'concept': 'ispezioni', 'queries': ['ispezioni']}, {'concept': 'controllo qualità', 'queries': ['controllo qualità']}]
MODEL: mrp.move.coils.wizard
SEMANTIC QUERIES: []
SEMANTIC CONCEPTS: []
REQUEST CONCEPTS: [{'concept': 'ispezioni', 'queries': ['ispezioni']}, {'concept': 'controllo qualità', 'queries': ['controllo qualità']}]
MODEL: api.error.checker
SEMANTIC QUERIES: ['controllo qualità']
SEMANTIC CONCEPTS: [{'concept': 'controllo qualità', 'queries': ['controllo qualità']}]
REQUEST CONCEPTS: [{'concept': 'ispezioni', 'queries': ['ispezioni']}, {'concept': 'controllo qualità', 'queries': ['controllo qualità']}]
MODEL: qc.test.question.value
SEMANTIC QUERIES: ['controllo qualità']
SEMANTIC CONCEPTS: [{'concept': 'controllo qualità', 'queries': ['controllo qualità']}]
REQUEST CONCEPTS: [{'concept': 'ispezioni', 'queries': ['ispezioni']}, {'concept': 'controllo qualità', 'queries': ['controllo qualità']}]
MODEL: account.reconcile.model.template
SEMANTIC QUERIES: []
SEMANTIC CONCEPTS: []
REQUEST CONCEPTS: [{'concept': 'ispezioni', 'queries': ['ispezioni']}, {'concept': 'controllo qualità', 'queries': ['controllo qualità']}]
MODEL: base_import.tests.models.char
SEMANTIC QUERIES: []
SEMANTIC CONCEPTS: []
REQUEST CONCEPTS: [{'concept': 'ispezioni', 'queries': ['ispezioni']}, {'concept': 'controllo qualità', 'queries': ['controllo qualità']}]
MODEL: base_import.tests.models.char.noreadonly
SEMANTIC QUERIES: []
SEMANTIC CONCEPTS: []
REQUEST CONCEPTS: [{'concept': 'ispezioni', 'queries': ['ispezioni']}, {'concept': 'controllo qualità', 'queries': ['controllo qualità']}]

===== SEMANTIC MODEL RESULTS =====
INPUT: Mostrami le ultime ispezioni del controllo qualità
 - res.portant.kill.switch | Flag di selezione per ignorare le chiamate di una linea con Portant | score: 5.0
 - mrp.workcenter.alarm | Modello che gestisce gli allarmi del centro di lavoro | score: 5.0
 - mrp.move.coils.wizard | Wizard per spostare le bobine | score: 5.0
 - api.error.checker | Controllore risposte API | score: 3.5
 - qc.test.question.value | Possible values for qualitative questions. | score: 3.5
 - account.reconcile.model.template | account.reconcile.model.template | score: 2.5
 - base_import.tests.models.char | base_import.tests.models.char | score: 2.5
 - base_import.tests.models.char.noreadonly | base_import.tests.models.char.noreadonly | score: 2.5

===== DYNAMIC MODEL DISCOVERY =====
QUERY: Mostrami le ultime ispezioni del controllo qualità
REQUEST SEMANTIC CONCEPTS: [{'concept': 'ispezioni', 'queries': []}, {'concept': 'controllo qualità', 'queries': []}]
CANDIDATES:
 - res.portant.kill.switch | Flag di selezione per ignorare le chiamate di una linea con Portant | score: 5.0
   semantic concepts: []
   request concepts: [{'concept': 'ispezioni', 'queries': ['ispezioni']}, {'concept': 'controllo qualità', 'queries': ['controllo qualità']}]
 - mrp.workcenter.alarm | Modello che gestisce gli allarmi del centro di lavoro | score: 5.0
   semantic concepts: []
   request concepts: [{'concept': 'ispezioni', 'queries': ['ispezioni']}, {'concept': 'controllo qualità', 'queries': ['controllo qualità']}]
 - mrp.move.coils.wizard | Wizard per spostare le bobine | score: 5.0
   semantic concepts: []
   request concepts: [{'concept': 'ispezioni', 'queries': ['ispezioni']}, {'concept': 'controllo qualità', 'queries': ['controllo qualità']}]
 - api.error.checker | Controllore risposte API | score: 3.5
   semantic concepts: [{'concept': 'controllo qualità', 'queries': ['controllo qualità']}]
   request concepts: [{'concept': 'ispezioni', 'queries': ['ispezioni']}, {'concept': 'controllo qualità', 'queries': ['controllo qualità']}]
 - qc.test.question.value | Possible values for qualitative questions. | score: 3.5
   semantic concepts: [{'concept': 'controllo qualità', 'queries': ['controllo qualità']}]
   request concepts: [{'concept': 'ispezioni', 'queries': ['ispezioni']}, {'concept': 'controllo qualità', 'queries': ['controllo qualità']}]
 - account.reconcile.model.template | account.reconcile.model.template | score: 2.5
   semantic concepts: []
   request concepts: [{'concept': 'ispezioni', 'queries': ['ispezioni']}, {'concept': 'controllo qualità', 'queries': ['controllo qualità']}]
 - base_import.tests.models.char | base_import.tests.models.char | score: 2.5
   semantic concepts: []
   request concepts: [{'concept': 'ispezioni', 'queries': ['ispezioni']}, {'concept': 'controllo qualità', 'queries': ['controllo qualità']}]
 - base_import.tests.models.char.noreadonly | base_import.tests.models.char.noreadonly | score: 2.5
   semantic concepts: []
   request concepts: [{'concept': 'ispezioni', 'queries': ['ispezioni']}, {'concept': 'controllo qualità', 'queries': ['controllo qualità']}]

===== PLANNER ATTEMPT =====
ATTEMPT: 1 / 4

===== DYNAMIC MODEL CANDIDATES AVAILABLE =====
 - res.portant.kill.switch | Flag di selezione per ignorare le chiamate di una linea con Portant | score: 5.0 | concepts: [] | request concepts: [{'concept': 'ispezioni', 'queries': ['ispezioni']}, {'concept': 'controllo qualità', 'queries': ['controllo qualità']}]
 - mrp.workcenter.alarm | Modello che gestisce gli allarmi del centro di lavoro | score: 5.0 | concepts: [] | request concepts: [{'concept': 'ispezioni', 'queries': ['ispezioni']}, {'concept': 'controllo qualità', 'queries': ['controllo qualità']}]
 - mrp.move.coils.wizard | Wizard per spostare le bobine | score: 5.0 | concepts: [] | request concepts: [{'concept': 'ispezioni', 'queries': ['ispezioni']}, {'concept': 'controllo qualità', 'queries': ['controllo qualità']}]
 - api.error.checker | Controllore risposte API | score: 3.5 | concepts: [{'concept': 'controllo qualità', 'queries': ['controllo qualità']}] | request concepts: [{'concept': 'ispezioni', 'queries': ['ispezioni']}, {'concept': 'controllo qualità', 'queries': ['controllo qualità']}]
 - qc.test.question.value | Possible values for qualitative questions. | score: 3.5 | concepts: [{'concept': 'controllo qualità', 'queries': ['controllo qualità']}] | request concepts: [{'concept': 'ispezioni', 'queries': ['ispezioni']}, {'concept': 'controllo qualità', 'queries': ['controllo qualità']}]
 - account.reconcile.model.template | account.reconcile.model.template | score: 2.5 | concepts: [] | request concepts: [{'concept': 'ispezioni', 'queries': ['ispezioni']}, {'concept': 'controllo qualità', 'queries': ['controllo qualità']}]
 - base_import.tests.models.char | base_import.tests.models.char | score: 2.5 | concepts: [] | request concepts: [{'concept': 'ispezioni', 'queries': ['ispezioni']}, {'concept': 'controllo qualità', 'queries': ['controllo qualità']}]
 - base_import.tests.models.char.noreadonly | base_import.tests.models.char.noreadonly | score: 2.5 | concepts: [] | request concepts: [{'concept': 'ispezioni', 'queries': ['ispezioni']}, {'concept': 'controllo qualità', 'queries': ['controllo qualità']}]

===== PLANNER OPERATIONAL CONTEXT =====
CONTEXT MODELS: ['mrp.production']
CONTEXTUAL FOLLOW-UP: False
CURRENT MODEL BEFORE NORMALIZATION: qc.test.question.value

===== QUERY NORMALIZATION =====
CURRENT REQUEST: Mostrami le ultime ispezioni del controllo qualità
AGGREGATION: {'is_aggregation': False, 'grouping_field': None, 'has_explicit_grouping': False, 'has_ranking': False, 'aggregation_hits': 0, 'detail_hits': 0}
TOTAL COUNT REQUEST: False
USE READ_GROUP: False
EXPLICIT MODEL: None
OPERATIONAL CONTEXT MODELS: ['mrp.production']
CONTEXTUAL FOLLOW-UP: False
MODEL: qc.test.question.value
METHOD: search_read
EXPLICIT LIMIT: None
FINAL DOMAIN: []
FINAL PARAMS: {'limit': 10, 'order': 'create_date desc', 'domain': []}

===== CHIAMATA PORTANT (call_kw) =====
URL: http://10.100.12.131:6969/web/dataset/call_kw/ir.model.fields/search_read
MODELLO: ir.model.fields
METHOD: search_read
ARGS: [[['model', '=', 'qc.test.question.value']]]
KWARGS: {'fields': ['id', 'name', 'field_description', 'help', 'ttype', 'relation', 'required', 'readonly', 'store', 'index'], 'limit': 0, 'order': 'name asc'}

===== RISPOSTA PORTANT (call_kw) =====
HTTP STATUS: 200

===== CHIAMATA PORTANT (call_kw) =====
URL: http://10.100.12.131:6969/web/dataset/call_kw/qc.test.question.value/fields_view_get
MODELLO: qc.test.question.value
METHOD: fields_view_get
ARGS: []
KWARGS: {'view_type': 'tree', 'toolbar': False, 'submenu': False}

===== RISPOSTA PORTANT (call_kw) =====
HTTP STATUS: 200

===== ODOO TREE VIEW DISCOVERED =====
MODEL: qc.test.question.value
VIEW ID: None
VIEW STRING: Possible values for qualitative questions.
DEFAULT ORDER: 
VIEW FIELDS: ['name']
VISIBLE FIELDS: ['name']

===== PLANNER PROPOSAL ACCEPTED =====
ATTEMPT: 1

===== GRAPH ROUTE PLANNER =====
SINGLE PLAN FOUND
PLAN: {'agent': 'odoo', 'action': 'odoo_api_tool', 'domain': None, 'parameters': {'model': 'qc.test.question.value', 'method': 'search_read', 'params': {'limit': 10, 'order': 'create_date desc', 'domain': []}}}
ROUTE: odoo

===== MULTI ODOO PLAN FALLBACK =====
Nessun 'plans' disponibile.
Uso state['plan'] come singola query.

===== PLANNER EXECUTION ATTEMPT =====
CURRENT ATTEMPT: 1

===== MULTI Portant EXECUTION =====
TOTAL PLANS: 1

============================================
===== Portant QUERY 1 =====
REQUEST: Mostrami le ultime ispezioni del controllo qualità
MODEL: qc.test.question.value
METHOD: search_read
Portant DYNAMIC AGENT ESEGUITO

===== ODOO AGENT SEMANTIC CONTEXT =====
DYNAMIC MODEL CANDIDATES: 8
SEMANTIC CONCEPTS: [{'concept': 'ispezioni', 'queries': ['ispezioni']}, {'concept': 'controllo qualità', 'queries': ['controllo qualità']}]

===== Portant PLAN =====
{'agent': 'odoo', 'action': 'odoo_api_tool', 'domain': [], 'parameters': {'model': 'qc.test.question.value', 'method': 'search_read', 'params': {'limit': 10, 'order': 'create_date desc', 'domain': []}}}

===== MODEL DISCOVERY =====
MODEL: qc.test.question.value
MODEL NOT IN STATIC CATALOG
STARTING DYNAMIC DISCOVERY...

===== CHIAMATA PORTANT (call_kw) =====
URL: http://10.100.12.131:6969/web/dataset/call_kw/qc.test.question.value/fields_view_get
MODELLO: qc.test.question.value
METHOD: fields_view_get
ARGS: []
KWARGS: {'view_type': 'tree', 'toolbar': False, 'submenu': False}

===== RISPOSTA PORTANT (call_kw) =====
HTTP STATUS: 200

===== ODOO TREE VIEW DISCOVERED =====
MODEL: qc.test.question.value
VIEW ID: None
VIEW STRING: Possible values for qualitative questions.
DEFAULT ORDER: 
VIEW FIELDS: ['name']
VISIBLE FIELDS: ['name']

===== ODOO FIELD METADATA LOADED =====
MODEL: qc.test.question.value
FIELDS: 10

===== DYNAMIC RELATION FIELDS =====
 - create_uid | Created by | relation: res.users
 - test_line | Test question | relation: qc.test.question
 - write_uid | Last Updated by | relation: res.users

===== DYNAMIC MODEL REGISTERED =====
MODEL: qc.test.question.value
FIELDS: 10
BLACKLIST: []

===== DYNAMIC FIELDS REGISTERED =====
MODEL: qc.test.question.value
FIELDS: 10

===== SEMANTIC FIELD REJECTED =====
SOURCE FIELD: ispezioni
REASON: no field contains sufficient direct metadata evidence

===== SEMANTIC CONCEPT KEPT AS CONTEXT =====
CONCEPT: ispezioni
REASON: no sufficient metadata-backed field evidence; treated as entity/context concept

===== SEMANTIC FIELD REJECTED =====
SOURCE FIELD: controllo qualità
REASON: no field contains sufficient direct metadata evidence

===== SEMANTIC CONCEPT KEPT AS CONTEXT =====
CONCEPT: controllo qualità
REASON: no sufficient metadata-backed field evidence; treated as entity/context concept

===== DYNAMIC MODEL COMPATIBILITY PASSED =====
REQUIRED SEMANTIC CONCEPTS: [{'concept': 'ispezioni', 'queries': ['ispezioni']}, {'concept': 'controllo qualità', 'queries': ['controllo qualità']}]
REQUIRED FIELD HINTS: []
RESOLVED FIELDS: {}

===== DYNAMIC HUMAN FIELDS FROM ODOO TREE VIEW =====
TREE VIEW: None
TREE VIEW STRING: Possible values for qualitative questions.
TREE VIEW FIELDS: ['name']

===== ODOO TREE VIEW PRESENTATION PRIORITY =====
PRESENTATION SOURCE: ODOO TREE VIEW
FIELDS: ['name']

===== FINAL GROUPBY =====
GROUPBY: []

===== ODOO PARAMETERS RESOLVED =====
FIELDS: ['name']
GROUPBY: []
ORDERBY: None
ORDER: create_date desc
DOMAIN: []

===== VALIDATING Portant PARAMETERS =====

===== VALIDATED PARAMETERS =====
{'model': 'qc.test.question.value', 'method': 'search_read', 'params': {'limit': 10, 'order': 'create_date desc', 'domain': [], 'fields': ['name'], 'groupby': []}}

===== FINAL ODOO PARAMETERS =====
MODEL: qc.test.question.value
METHOD: search_read
FIELDS: ['name']
GROUPBY: []
ORDERBY: None
DOMAIN: []

===== Portant REQUEST =====
URL: http://10.100.12.131:6969/api/qc.test.question.value/search_read
BODY: {'limit': 10, 'order': 'create_date desc', 'domain': [], 'fields': ['name'], 'groupby': []}

===== RICHIESTA PORTANT =====
URL: http://10.100.12.131:6969/api/qc.test.question.value/search_read
METHOD: POST
BODY: {'limit': 10, 'order': 'create_date desc', 'domain': [], 'fields': ['name'], 'groupby': []}

===== RISPOSTA PORTANT =====
HTTP STATUS: 200

===== Portant NORMALIZED RESULT =====
TYPE: records
COUNT: 93
TOTAL RECORDS: 93
RETURNED RECORDS: 10
LIMIT: 10
OFFSET: 0
PAGES: 9
HAS MORE: True

===== EXPERIENCE MEMORY =====
STATUS: SUCCESS
REQUEST: Mostrami le ultime ispezioni del controllo qualità
MODEL: qc.test.question.value
METHOD: search_read

===== MULTI Portant COMPLETE =====
RESULTS: 1
SUCCESS: 1
FAILED: 0

===== ODOO EXECUTION SUCCESS =====
PLANNER ATTEMPT: 1

===== GRAPH ROUTE ODOO =====
EXECUTION FAILED: False
ROUTE: response

===== RESPONSE AGENT =====

===== MULTI QUERY RESPONSE DATA =====
TOTAL REQUESTS: 1
SUCCESS: 1
FAILED: 0
RECORDS AVAILABLE FROM ODOO: 10
RECORDS SENT TO RESPONSE LLM: 10

===== RESPONSE RESULT =====
Ho trovato un totale di 93 ispezioni del controllo qualità. Ecco le 10 più recenti in ordine:

| # | Ispezione |
|---|-----------|
| 1 | Prelevato A4 |
| 2 | NON serve A4 |
| 3 | Attivo |
| 4 | Non attivo |
| 5 | Attivo |
| 6 | Non attivo |
| 7 | Calandra a 160 |
| 8 | Aspo attivato |
| 9 | Aspo attivato |
| 10 | Verifica Gap non inserito |

===== SALVATAGGIO MEMORIA PORTANT =====
USER ID: 1
DATABASE: DM-PLF001-TIPREGO
CONVERSATION ID: 60f48c79-9124-458a-9e96-f07f4add063e
RECORD LINKS: [{'id': 114, 'model': 'qc.test.question.value', 'label': 'Prelevato A4', 'url': 'http://10.100.12.131:6969/web#id=114&model=qc.test.question.value&view_type=form'}, {'id': 115, 'model': 'qc.test.question.value', 'label': 'NON serve A4', 'url': 'http://10.100.12.131:6969/web#id=115&model=qc.test.question.value&view_type=form'}, {'id': 112, 'model': 'qc.test.question.value', 'label': 'Attivo', 'url': 'http://10.100.12.131:6969/web#id=112&model=qc.test.question.value&view_type=form'}, {'id': 111, 'model': 'qc.test.question.value', 'label': 'Non attivo', 'url': 'http://10.100.12.131:6969/web#id=111&model=qc.test.question.value&view_type=form'}, {'id': 110, 'model': 'qc.test.question.value', 'label': 'Attivo', 'url': 'http://10.100.12.131:6969/web#id=110&model=qc.test.question.value&view_type=form'}, {'id': 109, 'model': 'qc.test.question.value', 'label': 'Non attivo', 'url': 'http://10.100.12.131:6969/web#id=109&model=qc.test.question.value&view_type=form'}, {'id': 104, 'model': 'qc.test.question.value', 'label': 'Calandra a 160', 'url': 'http://10.100.12.131:6969/web#id=104&model=qc.test.question.value&view_type=form'}, {'id': 102, 'model': 'qc.test.question.value', 'label': 'Aspo attivato', 'url': 'http://10.100.12.131:6969/web#id=102&model=qc.test.question.value&view_type=form'}, {'id': 98, 'model': 'qc.test.question.value', 'label': 'Aspo attivato', 'url': 'http://10.100.12.131:6969/web#id=98&model=qc.test.question.value&view_type=form'}, {'id': 101, 'model': 'qc.test.question.value', 'label': 'Verifica Gap non inserito', 'url': 'http://10.100.12.131:6969/web#id=101&model=qc.test.question.value&view_type=form'}]
CHART PAYLOAD: None
OPERATIONAL CONTEXT: {'version': 1, 'request': 'Mostrami le ultime ispezioni del controllo qualità', 'results': [{'request': 'Mostrami le ultime ispezioni del controllo qualità', 'model': 'qc.test.question.value', 'method': 'search_read', 'params': {'limit': 10, 'order': 'create_date desc', 'domain': [], 'fields': ['name'], 'groupby': []}, 'type': 'records', 'records': [{'id': 114, 'name': 'Prelevato A4'}, {'id': 115, 'name': 'NON serve A4'}, {'id': 112, 'name': 'Attivo'}, {'id': 111, 'name': 'Non attivo'}, {'id': 110, 'name': 'Attivo'}, {'id': 109, 'name': 'Non attivo'}, {'id': 104, 'name': 'Calandra a 160'}, {'id': 102, 'name': 'Aspo attivato'}, {'id': 98, 'name': 'Aspo attivato'}, {'id': 101, 'name': 'Verifica Gap non inserito'}], 'aggregation': [], 'count': 93, 'pagination': {'total_records': 93, 'returned_records': 10, 'limit': 10, 'offset': 0, 'pages': 9, 'has_more': True}, 'record_links': [{'id': 114, 'model': 'qc.test.question.value', 'label': 'Prelevato A4', 'url': 'http://10.100.12.131:6969/web#id=114&model=qc.test.question.value&view_type=form'}, {'id': 115, 'model': 'qc.test.question.value', 'label': 'NON serve A4', 'url': 'http://10.100.12.131:6969/web#id=115&model=qc.test.question.value&view_type=form'}, {'id': 112, 'model': 'qc.test.question.value', 'label': 'Attivo', 'url': 'http://10.100.12.131:6969/web#id=112&model=qc.test.question.value&view_type=form'}, {'id': 111, 'model': 'qc.test.question.value', 'label': 'Non attivo', 'url': 'http://10.100.12.131:6969/web#id=111&model=qc.test.question.value&view_type=form'}, {'id': 110, 'model': 'qc.test.question.value', 'label': 'Attivo', 'url': 'http://10.100.12.131:6969/web#id=110&model=qc.test.question.value&view_type=form'}, {'id': 109, 'model': 'qc.test.question.value', 'label': 'Non attivo', 'url': 'http://10.100.12.131:6969/web#id=109&model=qc.test.question.value&view_type=form'}, {'id': 104, 'model': 'qc.test.question.value', 'label': 'Calandra a 160', 'url': 'http://10.100.12.131:6969/web#id=104&model=qc.test.question.value&view_type=form'}, {'id': 102, 'model': 'qc.test.question.value', 'label': 'Aspo attivato', 'url': 'http://10.100.12.131:6969/web#id=102&model=qc.test.question.value&view_type=form'}, {'id': 98, 'model': 'qc.test.question.value', 'label': 'Aspo attivato', 'url': 'http://10.100.12.131:6969/web#id=98&model=qc.test.question.value&view_type=form'}, {'id': 101, 'model': 'qc.test.question.value', 'label': 'Verifica Gap non inserito', 'url': 'http://10.100.12.131:6969/web#id=101&model=qc.test.question.value&view_type=form'}]}], 'record_links': [{'id': 114, 'model': 'qc.test.question.value', 'label': 'Prelevato A4', 'url': 'http://10.100.12.131:6969/web#id=114&model=qc.test.question.value&view_type=form'}, {'id': 115, 'model': 'qc.test.question.value', 'label': 'NON serve A4', 'url': 'http://10.100.12.131:6969/web#id=115&model=qc.test.question.value&view_type=form'}, {'id': 112, 'model': 'qc.test.question.value', 'label': 'Attivo', 'url': 'http://10.100.12.131:6969/web#id=112&model=qc.test.question.value&view_type=form'}, {'id': 111, 'model': 'qc.test.question.value', 'label': 'Non attivo', 'url': 'http://10.100.12.131:6969/web#id=111&model=qc.test.question.value&view_type=form'}, {'id': 110, 'model': 'qc.test.question.value', 'label': 'Attivo', 'url': 'http://10.100.12.131:6969/web#id=110&model=qc.test.question.value&view_type=form'}, {'id': 109, 'model': 'qc.test.question.value', 'label': 'Non attivo', 'url': 'http://10.100.12.131:6969/web#id=109&model=qc.test.question.value&view_type=form'}, {'id': 104, 'model': 'qc.test.question.value', 'label': 'Calandra a 160', 'url': 'http://10.100.12.131:6969/web#id=104&model=qc.test.question.value&view_type=form'}, {'id': 102, 'model': 'qc.test.question.value', 'label': 'Aspo attivato', 'url': 'http://10.100.12.131:6969/web#id=102&model=qc.test.question.value&view_type=form'}, {'id': 98, 'model': 'qc.test.question.value', 'label': 'Aspo attivato', 'url': 'http://10.100.12.131:6969/web#id=98&model=qc.test.question.value&view_type=form'}, {'id': 101, 'model': 'qc.test.question.value', 'label': 'Verifica Gap non inserito', 'url': 'http://10.100.12.131:6969/web#id=101&model=qc.test.question.value&view_type=form'}]}
USER MESSAGE: Mostrami le ultime ispezioni del controllo qualità
ASSISTANT MESSAGE: Ho trovato un totale di 93 ispezioni del controllo qualità. Ecco le 10 più recenti in ordine:

| # | Ispezione |
|---|-----------|
| 1 | Prelevato A4 |
| 2 | NON serve A4 |
| 3 | Attivo |
| 4 | Non attivo |
| 5 | Attivo |
| 6 | Non attivo |
| 7 | Calandra a 160 |
| 8 | Aspo attivato |
| 9 | Aspo attivato |
| 10 | Verifica Gap non inserito |
USER MESSAGE SAVED
ASSISTANT MESSAGE SAVED
OPERATIONAL CONTEXT SAVED
MESSAGES CURRENTLY IN DB: 10
 - user : Mostrami gli ultimi 10 ordini di produzione
 - assistant : Ho trovato 367 ordini di produzione. Ecco gli ultimi 10 in base alla data di conclusione pianificata:

| Nome | Prodotto | Quantità | Unità di misura | Data di inizio pianificata | Data di conclusione pianificata |
| --- | --- | ---: | --- | --- | --- |
| MO/2602601 | [S165005412] PF 564 CP/80 'LARSON INTERNATIONAL III' | 35.640 | MQ | 28 marzo 2026 | 28 marzo 2026 |
| MO/2602600 | [S131005294] PF 564 CP 'LASER' COMBI | 5.240 | MQ | 27 marzo 2026 | 28 marzo 2026 |
| MO/2602594 | [S135005464] PF 564 CP 'LASER' COMBI | 32.400 | MQ | 27 marzo 2026 | 27 marzo 2026 |
| MO/2602542 | [S257005057] PF 12/4 WP PV3 MP TRANSPARENT | 92.520 | MQ | 20 marzo 2026 | 20 marzo 2026 |
| MO/2602546 | [S257002304] PF 32/3/70 WP PV2 TRANSP | 15.420 | MQ | 20 marzo 2026 | 20 marzo 2026 |
| MO/2602545 | [S257002304] PF 32/3/70 WP PV2 TRANSP | 15.420 | MQ | 20 marzo 2026 | 20 marzo 2026 |
| MO/2602538 | [S257005507] PF 32/3/70 WP PV2 MP TRANSP | 19.275 | MQ | 20 marzo 2026 | 20 marzo 2026 |
| MO/2602536 | [S257004906] PF 12/4 WP PV3 TRANSPARENT | 30.840 | MQ | 20 marzo 2026 | 20 marzo 2026 |
| MO/2602065 | [S135005630] PF 14 CP/N/60/PLK TRANSP | 270 | MQ | 22 febbraio 2026 | 22 febbraio 2026 |
| MO/2602063 | [S135004459] PFT 14 CP/N/60 V2 PLK 'FENIX DOPPIA FRECCIA' | 27.000 | MQ | 22 febbraio 2026 | 22 febbraio 2026 |
   OPERATIONAL RESULTS: 1
 - user : Di questi dimmi quali hanno una quantità superiore a 1000
 - assistant : Ho trovato 362 record corrispondenti alla tua richiesta. Di seguito ti mostro i primi 10 risultati:

| **Nome**       | **Data Inizio Pianificata** | **Data Fine Pianificata** | **Prodotto**                                          | **Quantità** |
|-----------------|-----------------------------|---------------------------|-------------------------------------------------------|--------------|
| MO/2600134 | 2 febbraio 2026 | 3 febbraio 2026 | [S106002499] PF 584 CP S "ULF"       | 25.440 |
| MO/2600137 | 3 febbraio 2026  | 3 febbraio 2026  | [S106005223] PF 581 CP S 'ULF'       | 10.600 |
| MO/2602028 | 23 febbraio 2026 | 23 febbraio 2026 | [S157005242] PF 84 CP S 'ULF'        | 75.360 |
| MO/2600224 | 11 febbraio 2026 | 11 febbraio 2026 | [S131005401] PF 564 CP/80 'XTRUSION' COMBI | 15.720 |
| MO/2600225 | 11 febbraio 2026 | 11 febbraio 2026 | [S131005401] PF 564 CP/80 'XTRUSION' COMBI | 15.720 |
| MO/2600238 | 11 febbraio 2026 | 11 febbraio 2026 | [S131005401] PF 564 CP/80 'XTRUSION' COMBI | 15.720 |
| MO/2600239 | 11 febbraio 2026 | 11 febbraio 2026 | [S131005401] PF 564 CP/80 'XTRUSION' COMBI | 15.720 |
| MO/2600252 | 11 febbraio 2026 | 11 febbraio 2026 | [S131005401] PF 564 CP/80 'XTRUSION' COMBI | 15.720 |
| MO/2600253 | 11 febbraio 2026 | 11 febbraio 2026 | [S131005401] PF 564 CP/80 'XTRUSION' COMBI | 15.720 |
| MO/2600266 | 11 febbraio 2026 | 11 febbraio 2026 | [S131005401] PF 564 CP/80 'XTRUSION' COMBI | 15.720 |

Tutti questi record hanno una quantità superiore a 1000. Sono disponibili ulteriori risultati se necessario.
   OPERATIONAL RESULTS: 1
 - user : Di questi dimmi quali hanno una quantità superiore a 1000
 - assistant : Ho trovato 362 ordini con una quantità superiore a 1000. Ecco i 10 più recenti:

| # | Nome | Quantità |
|---|---------------------|-------------|
| 1 | MO/2600134 | 25.440 |
| 2 | MO/2600137 | 10.600 |
| 3 | MO/2602028 | 75.360 |
| 4 | MO/2600224 | 15.720 |
| 5 | MO/2600225 | 15.720 |
| 6 | MO/2600238 | 15.720 |
| 7 | MO/2600239 | 15.720 |
| 8 | MO/2600252 | 15.720 |
| 9 | MO/2600253 | 15.720 |
| 10 | MO/2600266 | 15.720 |
   OPERATIONAL RESULTS: 1
 - user : cosa ti ho chiesto prima?
 - assistant : La tua ultima richiesta è stata: "cosa ti ho chiesto prima?".

In precedenza, avevi chiesto di vedere gli ordini di produzione. Ecco un esempio dei dati mostrati:

**Ordine di produzione:** MO/2602605  
**Prodotto:** [S096005653] PF 13 CP/60 PV2 PLK 'VERO CUOIO'  
**Quantità:** 19.200 MQ  
**Stato:** In pausa  

Se hai bisogno di ulteriori dettagli o vuoi fare una nuova richiesta, fammelo sapere!
   OPERATIONAL RESULTS: 1
 - user : Mostrami le ultime ispezioni del controllo qualità
 - assistant : Ho trovato un totale di 93 ispezioni del controllo qualità. Ecco le 10 più recenti in ordine:

| # | Ispezione |
|---|-----------|
| 1 | Prelevato A4 |
| 2 | NON serve A4 |
| 3 | Attivo |
| 4 | Non attivo |
| 5 | Attivo |
| 6 | Non attivo |
| 7 | Calandra a 160 |
| 8 | Aspo attivato |
| 9 | Aspo attivato |
| 10 | Verifica Gap non inserito |
   OPERATIONAL RESULTS: 1

===== GRAPH RESULT =====
MESSAGES: 1
CURRENT REQUEST: Mostrami le ultime ispezioni del controllo qualità
SUB_REQUESTS: ['Mostrami le ultime ispezioni del controllo qualità']
SCOPE ALLOWED: True

===== PLAN =====
MODEL: qc.test.question.value
METHOD: search_read
DOMAIN: []
FIELDS: ['name']
ORDER: create_date desc
LIMIT: 10

===== ODOO RESULTS SUMMARY =====
QUERIES: 1
--------------------------------------------
INDEX: 1
SUCCESS: True
MODEL: qc.test.question.value
METHOD: search_read
DOMAIN: []
RESULT TYPE: records
TOTAL: 93
RETURNED: 10
LIMIT: 10
PAGES: 9
HAS MORE: True
FIRST RECORD: {'id': 114, 'name': 'Prelevato A4'}
SECOND RECORD: {'id': 115, 'name': 'NON serve A4'}

===== RESPONSE =====
STATUS: GENERATED
LENGTH: 342
PREVIEW: Ho trovato un totale di 93 ispezioni del controllo qualità. Ecco le 10 più recenti in ordine:  | # | Ispezione | |---|-----------| | 1 | Prelevato A4 | | 2 | NON serve A4 | | 3 | Attivo | | 4 | Non attivo | | 5 | Attivo | | 6 | Non attivo | | 7 | Calandra a 160 | | 8 | Aspo attivato | | 9 | Aspo att...

===== CHART ANALYZER =====
SHOULD RENDER: False

===== CHAT REQUEST =====
MESSAGE: Mostrami le ultime ispezioni su qc.inspection
CONVERSATION: <redacted>

===== ODOO SESSION =====
STATUS: ACTIVE

===== CARICAMENTO MEMORIA PORTANT =====
USER ID: 1
DATABASE: DM-PLF001-TIPREGO
CONVERSATION ID: 60f48c79-9124-458a-9e96-f07f4add063e
MESSAGES LOADED: 10
OPERATIONAL CONTEXTS LOADED: 5
ACTIVE OPERATIONAL CONTEXT RESULTS: 1
 - RESULT 0 MODEL: qc.test.question.value METHOD: search_read RECORDS: 10
FIRST MESSAGE: {'role': 'user', 'content': 'Mostrami gli ultimi 10 ordini di produzione'}
LAST MESSAGE: {'role': 'assistant', 'content': 'Ho trovato un totale di 93 ispezioni del controllo qualità. Ecco le 10 più recenti in ordine:\n\n| # | Ispezione |\n|---|-----------|\n| 1 | Prelevato A4 |\n| 2 | NON serve A4 |\n| 3 | Attivo |\n| 4 | Non attivo |\n| 5 | Attivo |\n| 6 | Non attivo |\n| 7 | Calandra a 160 |\n| 8 | Aspo attivato |\n| 9 | Aspo attivato |\n| 10 | Verifica Gap non inserito |'}

===== REQUEST SPLITTER NODE =====
INPUT: Mostrami le ultime ispezioni su qc.inspection

===== REQUEST SPLITTER =====
INPUT: Mostrami le ultime ispezioni su qc.inspection

===== SEMANTIC SCOPE =====
SCOPE: IN_SCOPE
CONFIDENCE: 1.0
CONTINUATION: True
INTENT FAMILY: recupero_dati
CONCEPTS: ['ispezioni', 'qc.inspection']
REASON: Richiesta esplicita di dati da un modello tecnico Odoo (qc.inspection) in continuità con precedenti richieste IN_SCOPE su ispezioni qualità. La struttura linguistica indica recupero dati.

===== SCOPE DECISION =====
SCOPE: IN_SCOPE
IN SCOPE: True
CONTINUATION: True
CONCEPTS: ['ispezioni', 'qc.inspection']
REQUEST COUNT: 1
REQUEST 1: Mostrami le ultime ispezioni su qc.inspection

===== SCOPE DECISION =====
SCOPE: IN_SCOPE
IN SCOPE: True
CONFIDENCE: 1.0
CONTINUATION: True
INTENT FAMILY: recupero_dati
CONCEPTS: ['ispezioni', 'qc.inspection']
REQUEST COUNT: 1
REASON: Richiesta esplicita di dati da un modello tecnico Odoo (qc.inspection) in continuità con precedenti richieste IN_SCOPE su ispezioni qualità. La struttura linguistica indica recupero dati.
EVIDENCE: ['Presenza di identificatore tecnico Odoo (qc.inspection) come forte indicatore di scope', "Richiesta precedente su 'ispezioni del controllo qualità' classificata IN_SCOPE", "Struttura linguistica: 'Mostrami le ultime... su' tipica di recupero dati"]
REQUEST 1: Mostrami le ultime ispezioni su qc.inspection

===== GRAPH ROUTE SCOPE =====
SCOPE: IN_SCOPE
INTENT FAMILY: recupero_dati
CONVERSATIONAL INTENT: False
ROUTE: planner

===== PLANNER SEMANTIC CONTEXT =====
CONCEPTS: [{'concept': 'ispezioni', 'queries': []}, {'concept': 'qc.inspection', 'queries': []}]

===== PLANNER ACTIVE OPERATIONAL CONTEXT =====
CONTINUATION: True
CONTEXT MODELS: ['qc.test.question.value']
CONTEXT HISTORY SIZE: 5

===== PLANNER GLOBAL ATTEMPT STATE =====
ATTEMPTS ALREADY CONSUMED: 0
EXECUTION FEEDBACK: []

===== PLANNER PREVIOUS RETRY CONTEXT =====
RETRY HISTORY: []

===== PLANNER TEMPORAL CONTEXT =====
CURRENT DATETIME: 2026-09-22T14:16:25+02:00
CURRENT DATE: 2026-09-22
CURRENT TIME: 14:16:25
TIMEZONE: Europe/Rome
UTC OFFSET: +0200

===== PLANNER OPERATIONAL CONTEXT =====
CONTINUATION: True
CONTEXT MODELS: ['qc.test.question.value']
CONTEXT GROUNDED IDS: {'qc.test.question.value': [114, 115, 112, 111, 110, 109, 104, 102, 98, 101]}

===== PLANNER ATTEMPT =====
ATTEMPT: 1 / 4

===== EXPLICIT ODOO MODEL =====
USER MODEL: qc.inspection

===== PLANNER OPERATIONAL CONTEXT =====
CONTEXT MODELS: ['qc.test.question.value']
CONTEXTUAL FOLLOW-UP: False
CURRENT MODEL BEFORE NORMALIZATION: qc.inspection

===== QUERY NORMALIZATION =====
CURRENT REQUEST: Mostrami le ultime ispezioni su qc.inspection
AGGREGATION: {'is_aggregation': False, 'grouping_field': None, 'has_explicit_grouping': False, 'has_ranking': False, 'aggregation_hits': 0, 'detail_hits': 0}
TOTAL COUNT REQUEST: False
USE READ_GROUP: False
EXPLICIT MODEL: qc.inspection
OPERATIONAL CONTEXT MODELS: ['qc.test.question.value']
CONTEXTUAL FOLLOW-UP: False
MODEL: qc.inspection
METHOD: search_read
EXPLICIT LIMIT: None
FINAL DOMAIN: []
FINAL PARAMS: {'limit': 10, 'order': 'create_date desc', 'domain': []}

===== CHIAMATA PORTANT (call_kw) =====
URL: http://10.100.12.131:6969/web/dataset/call_kw/qc.inspection/fields_view_get
MODELLO: qc.inspection
METHOD: fields_view_get
ARGS: []
KWARGS: {'view_type': 'tree', 'toolbar': False, 'submenu': False}

===== RISPOSTA PORTANT (call_kw) =====
HTTP STATUS: 200

===== ODOO TREE VIEW DISCOVERED =====
MODEL: qc.inspection
VIEW ID: 855
VIEW STRING: Inspections
DEFAULT ORDER: date desc
VIEW FIELDS: ['name', 'date', 'user', 'test', 'reference', 'success', 'state']
VISIBLE FIELDS: ['name', 'date', 'user', 'test', 'reference', 'success', 'state']

===== PLANNER PROPOSAL ACCEPTED =====
ATTEMPT: 1

===== GRAPH ROUTE PLANNER =====
SINGLE PLAN FOUND
PLAN: {'agent': 'odoo', 'action': 'odoo_api_tool', 'domain': None, 'parameters': {'model': 'qc.inspection', 'method': 'search_read', 'params': {'limit': 10, 'order': 'create_date desc', 'domain': []}}}
ROUTE: odoo

===== MULTI ODOO PLAN FALLBACK =====
Nessun 'plans' disponibile.
Uso state['plan'] come singola query.

===== PLANNER EXECUTION ATTEMPT =====
CURRENT ATTEMPT: 1

===== MULTI Portant EXECUTION =====
TOTAL PLANS: 1

============================================
===== Portant QUERY 1 =====
REQUEST: Mostrami le ultime ispezioni su qc.inspection
MODEL: qc.inspection
METHOD: search_read
Portant DYNAMIC AGENT ESEGUITO

===== ODOO AGENT SEMANTIC CONTEXT =====
DYNAMIC MODEL CANDIDATES: 0
SEMANTIC CONCEPTS: [{'concept': 'ispezioni', 'queries': ['ispezioni']}, {'concept': 'qc.inspection', 'queries': ['qc.inspection']}]

===== Portant PLAN =====
{'agent': 'odoo', 'action': 'odoo_api_tool', 'domain': [], 'parameters': {'model': 'qc.inspection', 'method': 'search_read', 'params': {'limit': 10, 'order': 'create_date desc', 'domain': []}}}

===== MODEL DISCOVERY =====
MODEL: qc.inspection
MODEL NOT IN STATIC CATALOG
STARTING DYNAMIC DISCOVERY...

===== CHIAMATA PORTANT (call_kw) =====
URL: http://10.100.12.131:6969/web/dataset/call_kw/qc.inspection/fields_view_get
MODELLO: qc.inspection
METHOD: fields_view_get
ARGS: []
KWARGS: {'view_type': 'tree', 'toolbar': False, 'submenu': False}

===== RISPOSTA PORTANT (call_kw) =====
HTTP STATUS: 200

===== ODOO TREE VIEW DISCOVERED =====
MODEL: qc.inspection
VIEW ID: 855
VIEW STRING: Inspections
DEFAULT ORDER: date desc
VIEW FIELDS: ['name', 'date', 'user', 'test', 'reference', 'success', 'state']
VISIBLE FIELDS: ['name', 'date', 'user', 'test', 'reference', 'success', 'state']

===== ODOO FIELD METADATA LOADED =====
MODEL: qc.inspection
FIELDS: 45

===== DYNAMIC RELATION FIELDS =====
 - activity_type_id | Next Activity Type | relation: mail.activity.type
 - activity_user_id | Responsible | relation: res.users
 - company_id | Company | relation: res.company
 - create_uid | Created by | relation: res.users
 - lot_id | Lot | relation: stock.production.lot
 - picking_id | Picking | relation: stock.picking
 - product_id | Product | relation: product.product
 - production_id | Production | relation: mrp.production
 - routing_workcenter_id | Routing Workcenter | relation: mrp.routing.workcenter
 - test | Test | relation: qc.test
 - user | Responsible | relation: res.users
 - workorder_id | Workorder | relation: mrp.workorder
 - write_uid | Last Updated by | relation: res.users

===== DYNAMIC MODEL REGISTERED =====
MODEL: qc.inspection
FIELDS: 45
BLACKLIST: []

===== DYNAMIC FIELDS REGISTERED =====
MODEL: qc.inspection
FIELDS: 45

===== SEMANTIC FIELD REJECTED =====
SOURCE FIELD: ispezioni
REASON: no field contains sufficient direct metadata evidence

===== SEMANTIC CONCEPT KEPT AS CONTEXT =====
CONCEPT: ispezioni
REASON: no sufficient metadata-backed field evidence; treated as entity/context concept

===== SEMANTIC CONCEPT KEPT AS ENTITY CONTEXT =====
CONCEPT: qc.inspection
ENTITY ALIAS: qc.inspection
MODEL: qc.inspection
MODEL IDENTITY: qc.inspection Quality control inspection    
ENTITY COVERAGE: 1.0
REASON: concept strongly matches model identity; it is an entity/model concept, not a field

===== DYNAMIC MODEL COMPATIBILITY PASSED =====
REQUIRED SEMANTIC CONCEPTS: [{'concept': 'ispezioni', 'queries': ['ispezioni']}, {'concept': 'qc.inspection', 'queries': ['qc.inspection']}]
REQUIRED FIELD HINTS: []
RESOLVED FIELDS: {}

===== DYNAMIC HUMAN FIELDS FROM ODOO TREE VIEW =====
TREE VIEW: 855
TREE VIEW STRING: Inspections
TREE VIEW FIELDS: ['name', 'date', 'user', 'test', 'reference', 'success', 'state']

===== ODOO TREE VIEW PRESENTATION PRIORITY =====
PRESENTATION SOURCE: ODOO TREE VIEW
FIELDS: ['name', 'date', 'user', 'test', 'reference', 'success', 'state']

===== FINAL GROUPBY =====
GROUPBY: []

===== ODOO PARAMETERS RESOLVED =====
FIELDS: ['name', 'date', 'user', 'test', 'reference', 'success', 'state']
GROUPBY: []
ORDERBY: None
ORDER: create_date desc
DOMAIN: []

===== VALIDATING Portant PARAMETERS =====

===== VALIDATED PARAMETERS =====
{'model': 'qc.inspection', 'method': 'search_read', 'params': {'limit': 10, 'order': 'create_date desc', 'domain': [], 'fields': ['name', 'date', 'user', 'test', 'reference', 'success', 'state'], 'groupby': []}}

===== FINAL ODOO PARAMETERS =====
MODEL: qc.inspection
METHOD: search_read
FIELDS: ['name', 'date', 'user', 'test', 'reference', 'success', 'state']
GROUPBY: []
ORDERBY: None
DOMAIN: []

===== Portant REQUEST =====
URL: http://10.100.12.131:6969/api/qc.inspection/search_read
BODY: {'limit': 10, 'order': 'create_date desc', 'domain': [], 'fields': ['name', 'date', 'user', 'test', 'reference', 'success', 'state'], 'groupby': []}

===== RICHIESTA PORTANT =====
URL: http://10.100.12.131:6969/api/qc.inspection/search_read
METHOD: POST
BODY: {'limit': 10, 'order': 'create_date desc', 'domain': [], 'fields': ['name', 'date', 'user', 'test', 'reference', 'success', 'state'], 'groupby': []}

===== RISPOSTA PORTANT =====
HTTP STATUS: 200

===== Portant NORMALIZED RESULT =====
TYPE: records
COUNT: 1451
TOTAL RECORDS: 1451
RETURNED RECORDS: 10
LIMIT: 10
OFFSET: 0
PAGES: 145
HAS MORE: True

===== EXPERIENCE MEMORY =====
STATUS: SUCCESS
REQUEST: Mostrami le ultime ispezioni su qc.inspection
MODEL: qc.inspection
METHOD: search_read

===== MULTI Portant COMPLETE =====
RESULTS: 1
SUCCESS: 1
FAILED: 0

===== ODOO EXECUTION SUCCESS =====
PLANNER ATTEMPT: 1

===== GRAPH ROUTE ODOO =====
EXECUTION FAILED: False
ROUTE: response

===== RESPONSE AGENT =====

===== MULTI QUERY RESPONSE DATA =====
TOTAL REQUESTS: 1
SUCCESS: 1
FAILED: 0
RECORDS AVAILABLE FROM ODOO: 10
RECORDS SENT TO RESPONSE LLM: 10

===== RESPONSE RESULT =====
Ho trovato un totale di 1451 ispezioni su *qc.inspection*. Di seguito ti mostro le 10 più recenti:

| # | Nome | Data | Utente | Test | Riferimento | Stato |
|---|---|---|---|---|---|---|
| 1 | QC-009929 | 10 agosto 2026 | Administrator | TEST LETTURA TRATTAMENTO CORONA | MO/2602605 - PF 13 CP/60 PV2 PLK 'VERO CUOIO' - OPR-26002978 | success |
| 2 | QC-009928 | 7 agosto 2026 | Administrator | TEST LETTURA TRATTAMENTO CORONA | MO/2602598 - PF 584 CP/80 S "ULF BLACK" - OPR-26000144 | success |
| 3 | QC-009927 | 18 giugno 2026 | Administrator | TEST LETTURA TRATTAMENTO CORONA | MO/2602598 - PF 584 CP/80 S "ULF BLACK" - OPR-26000144 | success |
| 4 | QC-009926 | 18 giugno 2026 | Administrator | TEST LETTURA TRATTAMENTO CORONA | MO/2602598 - PF 584 CP/80 S "ULF BLACK" - OPR-26000144 | success |
| 5 | QC-009925 | 17 giugno 2026 | Administrator | TEST LETTURA TRATTAMENTO CORONA | MO/2602598 - PF 584 CP/80 S "ULF BLACK" - OPR-26000144 | success |
| 6 | QC-009924 | 17 giugno 2026 | Administrator | TEST LETTURA TRATTAMENTO CORONA | MO/2602598 - PF 584 CP/80 S "ULF BLACK" - OPR-26000144 | success |
| 7 | QC-009923 | 17 giugno 2026 | Administrator | TEST LETTURA TRATTAMENTO CORONA | MO/2602598 - PF 584 CP/80 S "ULF BLACK" - OPR-26000144 | success |
| 8 | QC-009922 | 16 giugno 2026 | Administrator | TEST LETTURA TRATTAMENTO CORONA | MO/2602597 - PF 584 CP/80 S "ULF BLACK" - OPR-26000142 | success |
| 9 | QC-009921 | 16 giugno 2026 | Administrator | TEST LETTURA TRATTAMENTO CORONA | MO/2602597 - PF 584 CP/80 S "ULF BLACK" - OPR-26000142 | success |
| 10 | QC-009920 | 15 giugno 2026 | Administrator | TEST LETTURA TRATTAMENTO CORONA | MO/2602597 - PF 584 CP/80 S "ULF BLACK" - OPR-26000142 | success |

===== SALVATAGGIO MEMORIA PORTANT =====
USER ID: 1
DATABASE: DM-PLF001-TIPREGO
CONVERSATION ID: 60f48c79-9124-458a-9e96-f07f4add063e
RECORD LINKS: [{'id': 11635, 'model': 'qc.inspection', 'label': 'QC-009929', 'url': 'http://10.100.12.131:6969/web#id=11635&model=qc.inspection&view_type=form'}, {'id': 11634, 'model': 'qc.inspection', 'label': 'QC-009928', 'url': 'http://10.100.12.131:6969/web#id=11634&model=qc.inspection&view_type=form'}, {'id': 11633, 'model': 'qc.inspection', 'label': 'QC-009927', 'url': 'http://10.100.12.131:6969/web#id=11633&model=qc.inspection&view_type=form'}, {'id': 11632, 'model': 'qc.inspection', 'label': 'QC-009926', 'url': 'http://10.100.12.131:6969/web#id=11632&model=qc.inspection&view_type=form'}, {'id': 11631, 'model': 'qc.inspection', 'label': 'QC-009925', 'url': 'http://10.100.12.131:6969/web#id=11631&model=qc.inspection&view_type=form'}, {'id': 11630, 'model': 'qc.inspection', 'label': 'QC-009924', 'url': 'http://10.100.12.131:6969/web#id=11630&model=qc.inspection&view_type=form'}, {'id': 11629, 'model': 'qc.inspection', 'label': 'QC-009923', 'url': 'http://10.100.12.131:6969/web#id=11629&model=qc.inspection&view_type=form'}, {'id': 11628, 'model': 'qc.inspection', 'label': 'QC-009922', 'url': 'http://10.100.12.131:6969/web#id=11628&model=qc.inspection&view_type=form'}, {'id': 11627, 'model': 'qc.inspection', 'label': 'QC-009921', 'url': 'http://10.100.12.131:6969/web#id=11627&model=qc.inspection&view_type=form'}, {'id': 11626, 'model': 'qc.inspection', 'label': 'QC-009920', 'url': 'http://10.100.12.131:6969/web#id=11626&model=qc.inspection&view_type=form'}]
CHART PAYLOAD: None
OPERATIONAL CONTEXT: {'version': 1, 'request': 'Mostrami le ultime ispezioni su qc.inspection', 'results': [{'request': 'Mostrami le ultime ispezioni su qc.inspection', 'model': 'qc.inspection', 'method': 'search_read', 'params': {'limit': 10, 'order': 'create_date desc', 'domain': [], 'fields': ['name', 'date', 'user', 'test', 'reference', 'success', 'state'], 'groupby': []}, 'type': 'records', 'records': [{'id': 11635, 'name': 'QC-009929', 'date': '2026-08-10 14:30:12', 'user': [1, 'Administrator'], 'test': [22, 'TEST LETTURA TRATTAMENTO CORONA'], 'reference': "MO/2602605 - PF 13 CP/60 PV2 PLK 'VERO CUOIO' - OPR-26002978", 'success': True, 'state': 'success'}, {'id': 11634, 'name': 'QC-009928', 'date': '2026-08-07 08:24:32', 'user': [1, 'Administrator'], 'test': [22, 'TEST LETTURA TRATTAMENTO CORONA'], 'reference': 'MO/2602598 - PF 584 CP/80 S "ULF BLACK" - OPR-26000144', 'success': True, 'state': 'success'}, {'id': 11633, 'name': 'QC-009927', 'date': '2026-06-18 11:00:09', 'user': [1, 'Administrator'], 'test': [22, 'TEST LETTURA TRATTAMENTO CORONA'], 'reference': 'MO/2602598 - PF 584 CP/80 S "ULF BLACK" - OPR-26000144', 'success': True, 'state': 'success'}, {'id': 11632, 'name': 'QC-009926', 'date': '2026-06-18 09:50:55', 'user': [1, 'Administrator'], 'test': [22, 'TEST LETTURA TRATTAMENTO CORONA'], 'reference': 'MO/2602598 - PF 584 CP/80 S "ULF BLACK" - OPR-26000144', 'success': True, 'state': 'success'}, {'id': 11631, 'name': 'QC-009925', 'date': '2026-06-17 17:03:45', 'user': [1, 'Administrator'], 'test': [22, 'TEST LETTURA TRATTAMENTO CORONA'], 'reference': 'MO/2602598 - PF 584 CP/80 S "ULF BLACK" - OPR-26000144', 'success': True, 'state': 'success'}, {'id': 11630, 'name': 'QC-009924', 'date': '2026-06-17 10:28:06', 'user': [1, 'Administrator'], 'test': [22, 'TEST LETTURA TRATTAMENTO CORONA'], 'reference': 'MO/2602598 - PF 584 CP/80 S "ULF BLACK" - OPR-26000144', 'success': True, 'state': 'success'}, {'id': 11629, 'name': 'QC-009923', 'date': '2026-06-17 09:22:07', 'user': [1, 'Administrator'], 'test': [22, 'TEST LETTURA TRATTAMENTO CORONA'], 'reference': 'MO/2602598 - PF 584 CP/80 S "ULF BLACK" - OPR-26000144', 'success': True, 'state': 'success'}, {'id': 11628, 'name': 'QC-009922', 'date': '2026-06-16 15:29:41', 'user': [1, 'Administrator'], 'test': [22, 'TEST LETTURA TRATTAMENTO CORONA'], 'reference': 'MO/2602597 - PF 584 CP/80 S "ULF BLACK" - OPR-26000142', 'success': True, 'state': 'success'}, {'id': 11627, 'name': 'QC-009921', 'date': '2026-06-16 14:37:46', 'user': [1, 'Administrator'], 'test': [22, 'TEST LETTURA TRATTAMENTO CORONA'], 'reference': 'MO/2602597 - PF 584 CP/80 S "ULF BLACK" - OPR-26000142', 'success': True, 'state': 'success'}, {'id': 11626, 'name': 'QC-009920', 'date': '2026-06-15 14:19:26', 'user': [1, 'Administrator'], 'test': [22, 'TEST LETTURA TRATTAMENTO CORONA'], 'reference': 'MO/2602597 - PF 584 CP/80 S "ULF BLACK" - OPR-26000142', 'success': True, 'state': 'success'}], 'aggregation': [], 'count': 1451, 'pagination': {'total_records': 1451, 'returned_records': 10, 'limit': 10, 'offset': 0, 'pages': 145, 'has_more': True}, 'record_links': [{'id': 11635, 'model': 'qc.inspection', 'label': 'QC-009929', 'url': 'http://10.100.12.131:6969/web#id=11635&model=qc.inspection&view_type=form'}, {'id': 11634, 'model': 'qc.inspection', 'label': 'QC-009928', 'url': 'http://10.100.12.131:6969/web#id=11634&model=qc.inspection&view_type=form'}, {'id': 11633, 'model': 'qc.inspection', 'label': 'QC-009927', 'url': 'http://10.100.12.131:6969/web#id=11633&model=qc.inspection&view_type=form'}, {'id': 11632, 'model': 'qc.inspection', 'label': 'QC-009926', 'url': 'http://10.100.12.131:6969/web#id=11632&model=qc.inspection&view_type=form'}, {'id': 11631, 'model': 'qc.inspection', 'label': 'QC-009925', 'url': 'http://10.100.12.131:6969/web#id=11631&model=qc.inspection&view_type=form'}, {'id': 11630, 'model': 'qc.inspection', 'label': 'QC-009924', 'url': 'http://10.100.12.131:6969/web#id=11630&model=qc.inspection&view_type=form'}, {'id': 11629, 'model': 'qc.inspection', 'label': 'QC-009923', 'url': 'http://10.100.12.131:6969/web#id=11629&model=qc.inspection&view_type=form'}, {'id': 11628, 'model': 'qc.inspection', 'label': 'QC-009922', 'url': 'http://10.100.12.131:6969/web#id=11628&model=qc.inspection&view_type=form'}, {'id': 11627, 'model': 'qc.inspection', 'label': 'QC-009921', 'url': 'http://10.100.12.131:6969/web#id=11627&model=qc.inspection&view_type=form'}, {'id': 11626, 'model': 'qc.inspection', 'label': 'QC-009920', 'url': 'http://10.100.12.131:6969/web#id=11626&model=qc.inspection&view_type=form'}]}], 'record_links': [{'id': 11635, 'model': 'qc.inspection', 'label': 'QC-009929', 'url': 'http://10.100.12.131:6969/web#id=11635&model=qc.inspection&view_type=form'}, {'id': 11634, 'model': 'qc.inspection', 'label': 'QC-009928', 'url': 'http://10.100.12.131:6969/web#id=11634&model=qc.inspection&view_type=form'}, {'id': 11633, 'model': 'qc.inspection', 'label': 'QC-009927', 'url': 'http://10.100.12.131:6969/web#id=11633&model=qc.inspection&view_type=form'}, {'id': 11632, 'model': 'qc.inspection', 'label': 'QC-009926', 'url': 'http://10.100.12.131:6969/web#id=11632&model=qc.inspection&view_type=form'}, {'id': 11631, 'model': 'qc.inspection', 'label': 'QC-009925', 'url': 'http://10.100.12.131:6969/web#id=11631&model=qc.inspection&view_type=form'}, {'id': 11630, 'model': 'qc.inspection', 'label': 'QC-009924', 'url': 'http://10.100.12.131:6969/web#id=11630&model=qc.inspection&view_type=form'}, {'id': 11629, 'model': 'qc.inspection', 'label': 'QC-009923', 'url': 'http://10.100.12.131:6969/web#id=11629&model=qc.inspection&view_type=form'}, {'id': 11628, 'model': 'qc.inspection', 'label': 'QC-009922', 'url': 'http://10.100.12.131:6969/web#id=11628&model=qc.inspection&view_type=form'}, {'id': 11627, 'model': 'qc.inspection', 'label': 'QC-009921', 'url': 'http://10.100.12.131:6969/web#id=11627&model=qc.inspection&view_type=form'}, {'id': 11626, 'model': 'qc.inspection', 'label': 'QC-009920', 'url': 'http://10.100.12.131:6969/web#id=11626&model=qc.inspection&view_type=form'}]}
USER MESSAGE: Mostrami le ultime ispezioni su qc.inspection
ASSISTANT MESSAGE: Ho trovato un totale di 1451 ispezioni su *qc.inspection*. Di seguito ti mostro le 10 più recenti:

| # | Nome | Data | Utente | Test | Riferimento | Stato |
|---|---|---|---|---|---|---|
| 1 | QC-009929 | 10 agosto 2026 | Administrator | TEST LETTURA TRATTAMENTO CORONA | MO/2602605 - PF 13 CP/60 PV2 PLK 'VERO CUOIO' - OPR-26002978 | success |
| 2 | QC-009928 | 7 agosto 2026 | Administrator | TEST LETTURA TRATTAMENTO CORONA | MO/2602598 - PF 584 CP/80 S "ULF BLACK" - OPR-26000144 | success |
| 3 | QC-009927 | 18 giugno 2026 | Administrator | TEST LETTURA TRATTAMENTO CORONA | MO/2602598 - PF 584 CP/80 S "ULF BLACK" - OPR-26000144 | success |
| 4 | QC-009926 | 18 giugno 2026 | Administrator | TEST LETTURA TRATTAMENTO CORONA | MO/2602598 - PF 584 CP/80 S "ULF BLACK" - OPR-26000144 | success |
| 5 | QC-009925 | 17 giugno 2026 | Administrator | TEST LETTURA TRATTAMENTO CORONA | MO/2602598 - PF 584 CP/80 S "ULF BLACK" - OPR-26000144 | success |
| 6 | QC-009924 | 17 giugno 2026 | Administrator | TEST LETTURA TRATTAMENTO CORONA | MO/2602598 - PF 584 CP/80 S "ULF BLACK" - OPR-26000144 | success |
| 7 | QC-009923 | 17 giugno 2026 | Administrator | TEST LETTURA TRATTAMENTO CORONA | MO/2602598 - PF 584 CP/80 S "ULF BLACK" - OPR-26000144 | success |
| 8 | QC-009922 | 16 giugno 2026 | Administrator | TEST LETTURA TRATTAMENTO CORONA | MO/2602597 - PF 584 CP/80 S "ULF BLACK" - OPR-26000142 | success |
| 9 | QC-009921 | 16 giugno 2026 | Administrator | TEST LETTURA TRATTAMENTO CORONA | MO/2602597 - PF 584 CP/80 S "ULF BLACK" - OPR-26000142 | success |
| 10 | QC-009920 | 15 giugno 2026 | Administrator | TEST LETTURA TRATTAMENTO CORONA | MO/2602597 - PF 584 CP/80 S "ULF BLACK" - OPR-26000142 | success |
USER MESSAGE SAVED
ASSISTANT MESSAGE SAVED
OPERATIONAL CONTEXT SAVED
MESSAGES CURRENTLY IN DB: 12
 - user : Mostrami gli ultimi 10 ordini di produzione
 - assistant : Ho trovato 367 ordini di produzione. Ecco gli ultimi 10 in base alla data di conclusione pianificata:

| Nome | Prodotto | Quantità | Unità di misura | Data di inizio pianificata | Data di conclusione pianificata |
| --- | --- | ---: | --- | --- | --- |
| MO/2602601 | [S165005412] PF 564 CP/80 'LARSON INTERNATIONAL III' | 35.640 | MQ | 28 marzo 2026 | 28 marzo 2026 |
| MO/2602600 | [S131005294] PF 564 CP 'LASER' COMBI | 5.240 | MQ | 27 marzo 2026 | 28 marzo 2026 |
| MO/2602594 | [S135005464] PF 564 CP 'LASER' COMBI | 32.400 | MQ | 27 marzo 2026 | 27 marzo 2026 |
| MO/2602542 | [S257005057] PF 12/4 WP PV3 MP TRANSPARENT | 92.520 | MQ | 20 marzo 2026 | 20 marzo 2026 |
| MO/2602546 | [S257002304] PF 32/3/70 WP PV2 TRANSP | 15.420 | MQ | 20 marzo 2026 | 20 marzo 2026 |
| MO/2602545 | [S257002304] PF 32/3/70 WP PV2 TRANSP | 15.420 | MQ | 20 marzo 2026 | 20 marzo 2026 |
| MO/2602538 | [S257005507] PF 32/3/70 WP PV2 MP TRANSP | 19.275 | MQ | 20 marzo 2026 | 20 marzo 2026 |
| MO/2602536 | [S257004906] PF 12/4 WP PV3 TRANSPARENT | 30.840 | MQ | 20 marzo 2026 | 20 marzo 2026 |
| MO/2602065 | [S135005630] PF 14 CP/N/60/PLK TRANSP | 270 | MQ | 22 febbraio 2026 | 22 febbraio 2026 |
| MO/2602063 | [S135004459] PFT 14 CP/N/60 V2 PLK 'FENIX DOPPIA FRECCIA' | 27.000 | MQ | 22 febbraio 2026 | 22 febbraio 2026 |
   OPERATIONAL RESULTS: 1
 - user : Di questi dimmi quali hanno una quantità superiore a 1000
 - assistant : Ho trovato 362 record corrispondenti alla tua richiesta. Di seguito ti mostro i primi 10 risultati:

| **Nome**       | **Data Inizio Pianificata** | **Data Fine Pianificata** | **Prodotto**                                          | **Quantità** |
|-----------------|-----------------------------|---------------------------|-------------------------------------------------------|--------------|
| MO/2600134 | 2 febbraio 2026 | 3 febbraio 2026 | [S106002499] PF 584 CP S "ULF"       | 25.440 |
| MO/2600137 | 3 febbraio 2026  | 3 febbraio 2026  | [S106005223] PF 581 CP S 'ULF'       | 10.600 |
| MO/2602028 | 23 febbraio 2026 | 23 febbraio 2026 | [S157005242] PF 84 CP S 'ULF'        | 75.360 |
| MO/2600224 | 11 febbraio 2026 | 11 febbraio 2026 | [S131005401] PF 564 CP/80 'XTRUSION' COMBI | 15.720 |
| MO/2600225 | 11 febbraio 2026 | 11 febbraio 2026 | [S131005401] PF 564 CP/80 'XTRUSION' COMBI | 15.720 |
| MO/2600238 | 11 febbraio 2026 | 11 febbraio 2026 | [S131005401] PF 564 CP/80 'XTRUSION' COMBI | 15.720 |
| MO/2600239 | 11 febbraio 2026 | 11 febbraio 2026 | [S131005401] PF 564 CP/80 'XTRUSION' COMBI | 15.720 |
| MO/2600252 | 11 febbraio 2026 | 11 febbraio 2026 | [S131005401] PF 564 CP/80 'XTRUSION' COMBI | 15.720 |
| MO/2600253 | 11 febbraio 2026 | 11 febbraio 2026 | [S131005401] PF 564 CP/80 'XTRUSION' COMBI | 15.720 |
| MO/2600266 | 11 febbraio 2026 | 11 febbraio 2026 | [S131005401] PF 564 CP/80 'XTRUSION' COMBI | 15.720 |

Tutti questi record hanno una quantità superiore a 1000. Sono disponibili ulteriori risultati se necessario.
   OPERATIONAL RESULTS: 1
 - user : Di questi dimmi quali hanno una quantità superiore a 1000
 - assistant : Ho trovato 362 ordini con una quantità superiore a 1000. Ecco i 10 più recenti:

| # | Nome | Quantità |
|---|---------------------|-------------|
| 1 | MO/2600134 | 25.440 |
| 2 | MO/2600137 | 10.600 |
| 3 | MO/2602028 | 75.360 |
| 4 | MO/2600224 | 15.720 |
| 5 | MO/2600225 | 15.720 |
| 6 | MO/2600238 | 15.720 |
| 7 | MO/2600239 | 15.720 |
| 8 | MO/2600252 | 15.720 |
| 9 | MO/2600253 | 15.720 |
| 10 | MO/2600266 | 15.720 |
   OPERATIONAL RESULTS: 1
 - user : cosa ti ho chiesto prima?
 - assistant : La tua ultima richiesta è stata: "cosa ti ho chiesto prima?".

In precedenza, avevi chiesto di vedere gli ordini di produzione. Ecco un esempio dei dati mostrati:

**Ordine di produzione:** MO/2602605  
**Prodotto:** [S096005653] PF 13 CP/60 PV2 PLK 'VERO CUOIO'  
**Quantità:** 19.200 MQ  
**Stato:** In pausa  

Se hai bisogno di ulteriori dettagli o vuoi fare una nuova richiesta, fammelo sapere!
   OPERATIONAL RESULTS: 1
 - user : Mostrami le ultime ispezioni del controllo qualità
 - assistant : Ho trovato un totale di 93 ispezioni del controllo qualità. Ecco le 10 più recenti in ordine:

| # | Ispezione |
|---|-----------|
| 1 | Prelevato A4 |
| 2 | NON serve A4 |
| 3 | Attivo |
| 4 | Non attivo |
| 5 | Attivo |
| 6 | Non attivo |
| 7 | Calandra a 160 |
| 8 | Aspo attivato |
| 9 | Aspo attivato |
| 10 | Verifica Gap non inserito |
   OPERATIONAL RESULTS: 1
 - user : Mostrami le ultime ispezioni su qc.inspection
 - assistant : Ho trovato un totale di 1451 ispezioni su *qc.inspection*. Di seguito ti mostro le 10 più recenti:

| # | Nome | Data | Utente | Test | Riferimento | Stato |
|---|---|---|---|---|---|---|
| 1 | QC-009929 | 10 agosto 2026 | Administrator | TEST LETTURA TRATTAMENTO CORONA | MO/2602605 - PF 13 CP/60 PV2 PLK 'VERO CUOIO' - OPR-26002978 | success |
| 2 | QC-009928 | 7 agosto 2026 | Administrator | TEST LETTURA TRATTAMENTO CORONA | MO/2602598 - PF 584 CP/80 S "ULF BLACK" - OPR-26000144 | success |
| 3 | QC-009927 | 18 giugno 2026 | Administrator | TEST LETTURA TRATTAMENTO CORONA | MO/2602598 - PF 584 CP/80 S "ULF BLACK" - OPR-26000144 | success |
| 4 | QC-009926 | 18 giugno 2026 | Administrator | TEST LETTURA TRATTAMENTO CORONA | MO/2602598 - PF 584 CP/80 S "ULF BLACK" - OPR-26000144 | success |
| 5 | QC-009925 | 17 giugno 2026 | Administrator | TEST LETTURA TRATTAMENTO CORONA | MO/2602598 - PF 584 CP/80 S "ULF BLACK" - OPR-26000144 | success |
| 6 | QC-009924 | 17 giugno 2026 | Administrator | TEST LETTURA TRATTAMENTO CORONA | MO/2602598 - PF 584 CP/80 S "ULF BLACK" - OPR-26000144 | success |
| 7 | QC-009923 | 17 giugno 2026 | Administrator | TEST LETTURA TRATTAMENTO CORONA | MO/2602598 - PF 584 CP/80 S "ULF BLACK" - OPR-26000144 | success |
| 8 | QC-009922 | 16 giugno 2026 | Administrator | TEST LETTURA TRATTAMENTO CORONA | MO/2602597 - PF 584 CP/80 S "ULF BLACK" - OPR-26000142 | success |
| 9 | QC-009921 | 16 giugno 2026 | Administrator | TEST LETTURA TRATTAMENTO CORONA | MO/2602597 - PF 584 CP/80 S "ULF BLACK" - OPR-26000142 | success |
| 10 | QC-009920 | 15 giugno 2026 | Administrator | TEST LETTURA TRATTAMENTO CORONA | MO/2602597 - PF 584 CP/80 S "ULF BLACK" - OPR-26000142 | success |
   OPERATIONAL RESULTS: 1

===== GRAPH RESULT =====
MESSAGES: 1
CURRENT REQUEST: Mostrami le ultime ispezioni su qc.inspection
SUB_REQUESTS: ['Mostrami le ultime ispezioni su qc.inspection']
SCOPE ALLOWED: True

===== PLAN =====
MODEL: qc.inspection
METHOD: search_read
DOMAIN: []
FIELDS: ['name', 'date', 'user', 'test', 'reference', 'success', 'state']
ORDER: create_date desc
LIMIT: 10

===== ODOO RESULTS SUMMARY =====
QUERIES: 1
--------------------------------------------
INDEX: 1
SUCCESS: True
MODEL: qc.inspection
METHOD: search_read
DOMAIN: []
RESULT TYPE: records
TOTAL: 1451
RETURNED: 10
LIMIT: 10
PAGES: 145
HAS MORE: True
FIRST RECORD: {'id': 11635, 'name': 'QC-009929', 'date': '2026-08-10 14:30:12', 'user': [1, 'Administrator'], 'test': [22, 'TEST LETTURA TRATTAMENTO CORONA'], 'reference': "MO/2602605 - PF 13 CP/60 PV2 PLK 'VERO CUOIO' - OPR-26002978", 'success': True, 'state': 'success'}
SECOND RECORD: {'id': 11634, 'name': 'QC-009928', 'date': '2026-08-07 08:24:32', 'user': [1, 'Administrator'], 'test': [22, 'TEST LETTURA TRATTAMENTO CORONA'], 'reference': 'MO/2602598 - PF 584 CP/80 S "ULF BLACK" - OPR-26000144', 'success': True, 'state': 'success'}

===== RESPONSE =====
STATUS: GENERATED
LENGTH: 1713
PREVIEW: Ho trovato un totale di 1451 ispezioni su *qc.inspection*. Di seguito ti mostro le 10 più recenti:  | # | Nome | Data | Utente | Test | Riferimento | Stato | |---|---|---|---|---|---|---| | 1 | QC-009929 | 10 agosto 2026 | Administrator | TEST LETTURA TRATTAMENTO CORONA | MO/2602605 - PF 13 CP/60 PV...

===== CHART ANALYZER =====
SHOULD RENDER: False
